phase_index,veh_approach,v_approach,prog_len,halt_approach,phase_remaining,y_extend,action,junction_id,approach_edge_id,t
0.0,0.0,0.0,6.0,0.0,5.9,0.0,none,cluster_1879453156_6762399352,177523174#0,14.4
0.0,0.0,0.0,6.0,0.0,7.399999999999999,0.0,none,cluster_1879453156_6762399352,177523174#0,15.0
0.0,0.0,0.0,6.0,0.0,7.9,0.0,none,cluster_1879453156_6762399352,:12786038243_3,15.1
0.0,0.0,0.0,6.0,0.0,7.900000000000002,0.0,none,cluster_1879453156_6762399352,:12786038243_3,15.2
0.0,0.0,0.0,6.0,0.0,5.9,0.0,none,cluster_1879453156_6762399352,:12786038243_3,15.4
0.0,0.0,0.0,6.0,0.0,7.899999999999999,0.0,none,cluster_1879453156_6762399352,:12786038243_3,15.5
0.0,4.0,27.252250590039115,6.0,0.0,7.9,0.0,none,cluster_1879453156_6762399352,177523174#1,15.6
0.0,4.0,27.389720832622775,6.0,0.0,7.900000000000002,0.0,none,cluster_1879453156_6762399352,177523174#1,15.7
0.0,4.0,27.54375736903742,6.0,0.0,7.899999999999999,0.0,none,cluster_1879453156_6762399352,177523174#1,15.8
0.0,4.0,27.70599815073889,6.0,0.0,7.9,0.0,none,cluster_1879453156_6762399352,177523174#1,15.9
0.0,4.0,27.323209450650864,6.0,0.0,7.899999999999999,0.0,none,cluster_1879453156_6762399352,177523174#1,16.0
0.0,4.0,26.873209450650865,6.0,0.0,7.899999999999999,0.0,none,cluster_1879453156_6762399352,177523174#1,16.1
0.0,4.0,26.463913970718284,6.0,0.0,7.900000000000002,0.0,none,cluster_1879453156_6762399352,177523174#1,16.2
0.0,4.0,25.570756318245227,6.0,0.0,5.900000000000002,0.0,none,cluster_1879453156_6762399352,177523174#1,16.4
0.0,4.0,25.120756318245228,6.0,0.0,7.899999999999999,0.0,none,cluster_1879453156_6762399352,177523174#1,16.5
0.0,4.0,24.67075631824523,6.0,0.0,7.899999999999999,0.0,none,cluster_1879453156_6762399352,177523174#1,16.6
0.0,4.0,24.22075631824523,6.0,0.0,7.900000000000002,0.0,none,cluster_1879453156_6762399352,177523174#1,16.7
0.0,4.0,23.77075631824523,6.0,0.0,7.899999999999999,0.0,none,cluster_1879453156_6762399352,177523174#1,16.8
0.0,4.0,23.323049168296425,6.0,0.0,7.900000000000002,0.0,none,cluster_1879453156_6762399352,177523174#1,16.9
0.0,4.0,22.873049168296426,6.0,0.0,7.899999999999999,0.0,none,cluster_1879453156_6762399352,177523174#1,17.0
0.0,4.0,22.423049168296426,6.0,0.0,7.899999999999999,0.0,none,cluster_1879453156_6762399352,177523174#1,17.1
0.0,4.0,21.973049168296427,6.0,0.0,7.900000000000002,0.0,none,cluster_1879453156_6762399352,177523174#1,17.2
0.0,4.0,21.07304916829643,6.0,0.0,5.900000000000002,0.0,none,cluster_1879453156_6762399352,177523174#1,17.4
0.0,4.0,20.62304916829643,6.0,0.0,7.899999999999999,0.0,none,cluster_1879453156_6762399352,177523174#1,17.5
0.0,4.0,20.17304916829643,6.0,0.0,7.899999999999999,0.0,none,cluster_1879453156_6762399352,177523174#1,17.6
0.0,4.0,19.72304916829643,6.0,0.0,7.900000000000002,0.0,none,cluster_1879453156_6762399352,177523174#1,17.7
0.0,4.0,19.27304916829643,6.0,0.0,7.899999999999999,0.0,none,cluster_1879453156_6762399352,177523174#1,17.8
0.0,4.0,18.823049168296432,6.0,0.0,7.900000000000002,0.0,none,cluster_1879453156_6762399352,177523174#1,17.9
0.0,4.0,18.394449471050674,6.0,0.0,7.899999999999999,0.0,none,cluster_1879453156_6762399352,177523174#1,18.0
0.0,4.0,17.944449471050675,6.0,0.0,7.899999999999999,0.0,none,cluster_1879453156_6762399352,177523174#1,18.1
0.0,4.0,17.494449471050675,6.0,0.0,7.900000000000002,0.0,none,cluster_1879453156_6762399352,177523174#1,18.2
0.0,4.0,16.594449471050677,6.0,0.0,5.900000000000002,0.0,none,cluster_1879453156_6762399352,177523174#1,18.4
0.0,4.0,16.144449471050677,6.0,0.0,7.899999999999999,0.0,none,cluster_1879453156_6762399352,177523174#1,18.5
0.0,4.0,15.694449471050678,6.0,0.0,7.899999999999999,0.0,none,cluster_1879453156_6762399352,177523174#1,18.6
0.0,4.0,15.244449471050679,6.0,0.0,7.900000000000002,0.0,none,cluster_1879453156_6762399352,177523174#1,18.7
0.0,4.0,14.79444947105068,6.0,0.0,7.899999999999999,0.0,none,cluster_1879453156_6762399352,177523174#1,18.8
0.0,4.0,14.34444947105068,6.0,0.0,7.900000000000002,0.0,none,cluster_1879453156_6762399352,177523174#1,18.9
0.0,4.0,13.894449471050681,6.0,0.0,7.899999999999999,0.0,none,cluster_1879453156_6762399352,177523174#1,19.0
0.0,4.0,13.444449471050682,6.0,0.0,7.899999999999999,0.0,none,cluster_1879453156_6762399352,177523174#1,19.1
0.0,4.0,12.994449471050682,6.0,0.0,7.900000000000002,0.0,none,cluster_1879453156_6762399352,177523174#1,19.2
0.0,4.0,12.103721691346054,6.0,0.0,5.900000000000002,0.0,none,cluster_1879453156_6762399352,177523174#1,19.4
0.0,4.0,11.653721691346055,6.0,0.0,7.899999999999999,0.0,none,cluster_1879453156_6762399352,177523174#1,19.5
0.0,4.0,11.203721691346056,6.0,0.0,7.899999999999999,0.0,none,cluster_1879453156_6762399352,177523174#1,19.6
0.0,4.0,10.753721691346056,6.0,0.0,7.900000000000002,0.0,none,cluster_1879453156_6762399352,177523174#1,19.7
0.0,4.0,10.303721691346057,6.0,0.0,7.899999999999999,0.0,none,cluster_1879453156_6762399352,177523174#1,19.8
0.0,4.0,9.853721691346058,6.0,0.0,7.900000000000002,0.0,none,cluster_1879453156_6762399352,177523174#1,19.9
0.0,0.0,0.0,6.0,0.0,5.900000000000006,0.0,none,12785982588,-720428928#0,109.5
0.0,0.0,0.0,6.0,0.0,7.900000000000006,0.0,none,12785982588,-720428928#0,109.6
0.0,0.0,0.0,6.0,0.0,7.8999999999999915,0.0,none,12785982588,-720428928#0,109.7
0.0,0.0,0.0,6.0,0.0,7.900000000000006,0.0,none,12785982588,-720428928#0,109.8
0.0,0.0,0.0,6.0,0.0,7.8999999999999915,0.0,none,12785982588,-720428928#0,109.9
0.0,0.0,0.0,6.0,0.0,7.900000000000006,0.0,none,12785982588,-720428928#0,110.0
0.0,0.0,0.0,6.0,0.0,7.900000000000006,0.0,none,12785982588,-720428928#0,110.1
0.0,0.0,0.0,6.0,0.0,7.8999999999999915,0.0,none,12785982588,-720428928#0,110.2
0.0,0.0,0.0,6.0,0.0,7.900000000000006,0.0,none,12785982588,-720428928#0,110.3
0.0,0.0,0.0,6.0,0.0,5.900000000000006,0.0,none,12785982588,-720428928#0,110.5
0.0,0.0,0.0,6.0,0.0,7.900000000000006,0.0,none,12785982588,-720428928#0,110.6
0.0,0.0,0.0,6.0,0.0,7.8999999999999915,0.0,none,12785982588,-720428928#0,110.7
0.0,0.0,0.0,6.0,0.0,7.900000000000006,0.0,none,12785982588,-720428928#0,110.8
0.0,0.0,0.0,6.0,0.0,7.8999999999999915,0.0,none,12785982588,-720428928#0,110.9
0.0,0.0,0.0,6.0,0.0,7.900000000000006,0.0,none,12785982588,-720428928#0,111.0
0.0,0.0,0.0,6.0,0.0,7.900000000000006,0.0,none,12785982588,-720428928#0,111.1
0.0,0.0,0.0,6.0,0.0,7.8999999999999915,0.0,none,12785982588,-720428928#0,111.2
0.0,0.0,0.0,6.0,0.0,7.900000000000006,0.0,none,12785982588,-720428928#0,111.3
0.0,0.0,0.0,6.0,0.0,5.900000000000006,0.0,none,12785982588,-720428928#0,111.5
0.0,0.0,0.0,6.0,0.0,7.900000000000006,0.0,none,12785982588,-720428928#0,111.6
0.0,0.0,0.0,6.0,0.0,7.8999999999999915,0.0,none,12785982588,-720428928#0,111.7
0.0,0.0,0.0,6.0,0.0,7.900000000000006,0.0,none,12785982588,-720428928#0,111.8
0.0,0.0,0.0,6.0,0.0,7.8999999999999915,0.0,none,12785982588,-720428928#0,111.9
0.0,0.0,0.0,6.0,0.0,7.900000000000006,0.0,none,12785982588,-720428928#0,112.0
0.0,0.0,0.0,6.0,0.0,7.900000000000006,0.0,none,12785982588,-720428928#0,112.1
0.0,0.0,0.0,6.0,0.0,7.8999999999999915,0.0,none,12785982588,-720428928#0,112.2
0.0,0.0,0.0,6.0,0.0,7.900000000000006,0.0,none,12785982588,-720428928#0,112.3
0.0,0.0,0.0,6.0,0.0,5.900000000000006,0.0,none,12785982588,-720428928#0,112.5
0.0,0.0,0.0,6.0,0.0,7.900000000000006,0.0,none,12785982588,-720428928#0,112.6
0.0,0.0,0.0,6.0,0.0,7.8999999999999915,0.0,none,12785982588,-720428928#0,112.7
0.0,0.0,0.0,6.0,0.0,7.900000000000006,0.0,none,12785982588,-720428928#0,112.8
0.0,0.0,0.0,6.0,0.0,7.8999999999999915,0.0,none,12785982588,-720428928#0,112.9
0.0,0.0,0.0,6.0,0.0,7.900000000000006,0.0,none,12785982588,-720428928#0,113.0
0.0,0.0,0.0,6.0,0.0,7.900000000000006,0.0,none,12785982588,-720428928#0,113.1
0.0,0.0,0.0,6.0,0.0,7.8999999999999915,0.0,none,12785982588,-720428928#0,113.2
0.0,0.0,0.0,6.0,0.0,7.900000000000006,0.0,none,12785982588,-720428928#0,113.3
0.0,0.0,0.0,6.0,0.0,5.900000000000006,0.0,none,12785982588,-720428928#0,113.5
0.0,0.0,0.0,6.0,0.0,7.900000000000006,0.0,none,12785982588,-720428928#0,113.6
0.0,0.0,0.0,6.0,0.0,7.8999999999999915,0.0,none,12785982588,-720428928#0,113.7
0.0,0.0,0.0,6.0,0.0,7.900000000000006,0.0,none,12785982588,-720428928#0,113.8
0.0,0.0,0.0,6.0,0.0,7.8999999999999915,0.0,none,12785982588,-720428928#0,113.9
0.0,0.0,0.0,6.0,0.0,7.900000000000006,0.0,none,12785982588,-720428928#0,114.0
0.0,0.0,0.0,6.0,0.0,7.900000000000006,0.0,none,12785982588,-720428928#0,114.1
0.0,0.0,0.0,6.0,0.0,7.8999999999999915,0.0,none,12785982588,-720428928#0,114.2
0.0,0.0,0.0,6.0,0.0,7.900000000000006,0.0,none,12785982588,-720428928#0,114.3
0.0,0.0,0.0,6.0,0.0,5.900000000000006,0.0,none,12785982588,-720428928#0,114.5
0.0,0.0,0.0,6.0,0.0,7.900000000000006,0.0,none,12785982588,-720428928#0,114.6
0.0,0.0,0.0,6.0,0.0,7.8999999999999915,0.0,none,12785982588,-720428928#0,114.7
0.0,0.0,0.0,6.0,0.0,7.900000000000006,0.0,none,12785982588,-720428928#0,114.8
0.0,0.0,0.0,6.0,0.0,7.8999999999999915,0.0,none,12785982588,-720428928#0,114.9
0.0,0.0,0.0,6.0,0.0,7.900000000000006,0.0,none,12785982588,-720428928#0,115.0
0.0,0.0,0.0,6.0,0.0,7.900000000000006,0.0,none,12785982588,-720428928#0,115.1
0.0,0.0,0.0,6.0,0.0,7.8999999999999915,0.0,none,12785982588,-720428928#0,115.2
0.0,0.0,0.0,6.0,0.0,7.900000000000006,0.0,none,12785982588,-720428928#0,115.3
0.0,0.0,0.0,6.0,0.0,5.900000000000006,0.0,none,12785982588,-720428928#0,115.5
0.0,0.0,0.0,6.0,0.0,7.900000000000006,0.0,none,12785982588,-720428928#0,115.6
0.0,0.0,0.0,6.0,0.0,7.8999999999999915,0.0,none,12785982588,-720428928#0,115.7
0.0,0.0,0.0,6.0,0.0,7.900000000000006,0.0,none,12785982588,-720428928#0,115.8
0.0,0.0,0.0,6.0,0.0,7.8999999999999915,0.0,none,12785982588,-720428928#0,115.9
0.0,0.0,0.0,6.0,0.0,7.900000000000006,0.0,none,12785982588,-720428928#0,116.0
0.0,0.0,0.0,6.0,0.0,7.900000000000006,0.0,none,12785982588,-720428928#0,116.1
0.0,0.0,0.0,6.0,0.0,7.8999999999999915,0.0,none,12785982588,-720428928#0,116.2
0.0,0.0,0.0,6.0,0.0,7.900000000000006,0.0,none,12785982588,-720428928#0,116.3
0.0,0.0,0.0,6.0,0.0,5.900000000000006,0.0,none,12785982588,-720428928#0,116.5
0.0,0.0,0.0,6.0,0.0,7.900000000000006,0.0,none,12785982588,-720428928#0,116.6
0.0,0.0,0.0,6.0,0.0,7.8999999999999915,0.0,none,12785982588,-720428928#0,116.7
0.0,0.0,0.0,6.0,0.0,7.900000000000006,0.0,none,12785982588,-720428928#0,116.8
0.0,0.0,0.0,6.0,0.0,7.8999999999999915,0.0,none,12785982588,-720428928#0,116.9
0.0,0.0,0.0,6.0,0.0,7.900000000000006,0.0,none,12785982588,-720428928#0,117.0
0.0,0.0,0.0,6.0,0.0,7.900000000000006,0.0,none,12785982588,-720428928#0,117.1
0.0,0.0,0.0,6.0,0.0,7.8999999999999915,0.0,none,12785982588,-720428928#0,117.2
0.0,0.0,0.0,6.0,0.0,7.900000000000006,0.0,none,12785982588,-720428928#0,117.3
0.0,0.0,0.0,6.0,0.0,5.900000000000006,0.0,none,12785982588,-720428928#0,117.5
0.0,0.0,0.0,6.0,0.0,7.900000000000006,0.0,none,12785982588,-720428928#0,117.6
0.0,0.0,0.0,6.0,0.0,7.8999999999999915,0.0,none,12785982588,-720428928#0,117.7
0.0,0.0,0.0,6.0,0.0,7.900000000000006,0.0,none,12785982588,-720428928#0,117.8
0.0,0.0,0.0,6.0,0.0,7.8999999999999915,0.0,none,12785982588,-720428928#0,117.9
0.0,0.0,0.0,6.0,0.0,7.900000000000006,0.0,none,12785982588,-720428928#0,118.0
0.0,0.0,0.0,6.0,0.0,7.900000000000006,0.0,none,12785982588,-720428928#0,118.1
0.0,0.0,0.0,6.0,0.0,7.8999999999999915,0.0,none,12785982588,-720428928#0,118.2
0.0,0.0,0.0,6.0,0.0,7.900000000000006,0.0,none,12785982588,-720428928#0,118.3
0.0,0.0,0.0,6.0,0.0,5.900000000000006,0.0,none,12785982588,-720428928#0,118.5
0.0,0.0,0.0,6.0,0.0,7.900000000000006,0.0,none,12785982588,-720428928#0,118.6
0.0,0.0,0.0,6.0,0.0,7.8999999999999915,0.0,none,12785982588,-720428928#0,118.7
0.0,0.0,0.0,6.0,0.0,7.900000000000006,0.0,none,12785982588,-720428928#0,118.8
0.0,0.0,0.0,6.0,0.0,7.8999999999999915,0.0,none,12785982588,-720428928#0,118.9
0.0,0.0,0.0,6.0,0.0,7.900000000000006,0.0,none,12785982588,-720428928#0,119.0
0.0,0.0,0.0,6.0,0.0,7.900000000000006,0.0,none,12785982588,-720428928#0,119.1
0.0,0.0,0.0,6.0,0.0,7.8999999999999915,0.0,none,12785982588,-720428928#0,119.2
0.0,0.0,0.0,6.0,0.0,7.900000000000006,0.0,none,12785982588,-720428928#0,119.3
0.0,0.0,0.0,6.0,0.0,5.900000000000006,0.0,none,12785982588,-720428928#0,119.5
0.0,0.0,0.0,6.0,0.0,7.900000000000006,0.0,none,12785982588,-720428928#0,119.6
0.0,0.0,0.0,6.0,0.0,7.8999999999999915,0.0,none,12785982588,-720428928#0,119.7
0.0,0.0,0.0,6.0,0.0,7.900000000000006,0.0,none,12785982588,-720428928#0,119.8
0.0,0.0,0.0,6.0,0.0,7.8999999999999915,0.0,none,12785982588,-720428928#0,119.9
0.0,0.0,0.0,6.0,0.0,7.900000000000006,0.0,none,12785982588,-720428928#0,120.0
0.0,0.0,0.0,6.0,0.0,7.900000000000006,0.0,none,12785982588,-720428928#0,120.1
0.0,0.0,0.0,6.0,0.0,7.8999999999999915,0.0,none,12785982588,-720428928#0,120.2
0.0,0.0,0.0,6.0,0.0,7.8999999999999915,0.0,none,12785982588,-720428928#0,120.3
0.0,0.0,0.0,6.0,0.0,5.900000000000006,0.0,none,12785982588,-720428928#0,120.5
0.0,0.0,0.0,6.0,0.0,7.900000000000006,0.0,none,12785982588,-720428928#0,120.6
0.0,0.0,0.0,6.0,0.0,7.8999999999999915,0.0,none,12785982588,-720428928#0,120.7
0.0,0.0,0.0,6.0,0.0,7.8999999999999915,0.0,none,12785982588,-720428928#0,120.8
0.0,0.0,0.0,6.0,0.0,7.900000000000006,0.0,none,12785982588,-720428928#0,120.9
0.0,0.0,0.0,6.0,0.0,7.900000000000006,0.0,none,12785982588,-720428928#0,121.0
0.0,0.0,0.0,6.0,0.0,7.900000000000006,0.0,none,12785982588,-720428928#0,121.1
0.0,0.0,0.0,6.0,0.0,7.8999999999999915,0.0,none,12785982588,-720428928#0,121.2
0.0,0.0,0.0,6.0,0.0,7.8999999999999915,0.0,none,12785982588,-720428928#0,121.3
0.0,0.0,0.0,6.0,0.0,5.900000000000006,0.0,none,12785982588,-720428928#0,121.5
0.0,0.0,0.0,6.0,0.0,7.900000000000006,0.0,none,12785982588,-720428928#0,121.6
0.0,0.0,0.0,6.0,0.0,7.8999999999999915,0.0,none,12785982588,-720428928#0,121.7
0.0,0.0,0.0,6.0,0.0,7.8999999999999915,0.0,none,12785982588,-720428928#0,121.8
0.0,0.0,0.0,6.0,0.0,7.900000000000006,0.0,none,12785982588,-720428928#0,121.9
0.0,0.0,0.0,6.0,0.0,7.900000000000006,0.0,none,12785982588,-720428928#0,122.0
0.0,0.0,0.0,6.0,0.0,7.900000000000006,0.0,none,12785982588,-720428928#0,122.1
0.0,0.0,0.0,6.0,0.0,7.8999999999999915,0.0,none,12785982588,-720428928#0,122.2
0.0,0.0,0.0,6.0,0.0,7.8999999999999915,0.0,none,12785982588,-720428928#0,122.3
0.0,0.0,0.0,6.0,0.0,5.900000000000006,0.0,none,12785982588,-720428928#0,122.5
0.0,0.0,0.0,6.0,0.0,7.900000000000006,0.0,none,12785982588,-720428928#0,122.6
0.0,0.0,0.0,6.0,0.0,7.8999999999999915,0.0,none,12785982588,-720428928#0,122.7
0.0,0.0,0.0,6.0,0.0,7.8999999999999915,0.0,none,12785982588,-720428928#0,122.8
0.0,0.0,0.0,6.0,0.0,7.900000000000006,0.0,none,12785982588,-720428928#0,122.9
0.0,0.0,0.0,6.0,0.0,7.900000000000006,0.0,none,12785982588,-720428928#0,123.0
0.0,0.0,0.0,6.0,0.0,7.900000000000006,0.0,none,12785982588,-720428928#0,123.1
0.0,0.0,0.0,6.0,0.0,7.8999999999999915,0.0,none,12785982588,-720428928#0,123.2
0.0,0.0,0.0,6.0,0.0,7.8999999999999915,0.0,none,12785982588,-720428928#0,123.3
0.0,0.0,0.0,6.0,0.0,5.900000000000006,0.0,none,12785982588,-720428928#0,123.5
0.0,0.0,0.0,6.0,0.0,7.900000000000006,0.0,none,12785982588,-720428928#0,123.6
0.0,0.0,0.0,6.0,0.0,7.8999999999999915,0.0,none,12785982588,-720428928#0,123.7
0.0,0.0,0.0,6.0,0.0,7.8999999999999915,0.0,none,12785982588,-720428928#0,123.8
0.0,0.0,0.0,6.0,0.0,7.900000000000006,0.0,none,12785982588,-720428928#0,123.9
0.0,0.0,0.0,6.0,0.0,7.900000000000006,0.0,none,12785982588,-720428928#0,124.0
0.0,0.0,0.0,6.0,0.0,7.900000000000006,0.0,none,12785982588,-720428928#0,124.1
0.0,0.0,0.0,6.0,0.0,7.8999999999999915,0.0,none,12785982588,-720428928#0,124.2
0.0,0.0,0.0,6.0,0.0,7.8999999999999915,0.0,none,12785982588,-720428928#0,124.3
0.0,0.0,0.0,6.0,0.0,5.900000000000006,0.0,none,12785982588,-720428928#0,124.5
0.0,0.0,0.0,6.0,0.0,7.900000000000006,0.0,none,12785982588,-720428928#0,124.6
0.0,0.0,0.0,6.0,0.0,7.8999999999999915,0.0,none,12785982588,-720428928#0,124.7
0.0,0.0,0.0,6.0,0.0,7.8999999999999915,0.0,none,12785982588,-720428928#0,124.8
0.0,0.0,0.0,6.0,0.0,7.900000000000006,0.0,none,12785982588,-720428928#0,124.9
0.0,0.0,0.0,6.0,0.0,7.900000000000006,0.0,none,12785982588,-720428928#0,125.0
0.0,0.0,0.0,6.0,0.0,7.900000000000006,0.0,none,12785982588,-720428928#0,125.1
0.0,0.0,0.0,6.0,0.0,7.8999999999999915,0.0,none,12785982588,-720428928#0,125.2
0.0,0.0,0.0,6.0,0.0,7.8999999999999915,0.0,none,12785982588,-720428928#0,125.3
0.0,0.0,0.0,6.0,0.0,5.900000000000006,0.0,none,12785982588,-720428928#0,125.5
0.0,0.0,0.0,6.0,0.0,7.900000000000006,0.0,none,12785982588,-720428928#0,125.6
0.0,0.0,0.0,6.0,0.0,7.8999999999999915,0.0,none,12785982588,-720428928#0,125.7
0.0,0.0,0.0,6.0,0.0,7.8999999999999915,0.0,none,12785982588,-720428928#0,125.8
0.0,0.0,0.0,6.0,0.0,7.900000000000006,0.0,none,12785982588,-720428928#0,125.9
0.0,0.0,0.0,6.0,0.0,7.900000000000006,0.0,none,12785982588,-720428928#0,126.0
0.0,0.0,0.0,6.0,0.0,7.900000000000006,0.0,none,12785982588,-720428928#0,126.1
0.0,0.0,0.0,6.0,0.0,7.8999999999999915,0.0,none,12785982588,-720428928#0,126.2
0.0,0.0,0.0,6.0,0.0,7.8999999999999915,0.0,none,12785982588,-720428928#0,126.3
0.0,0.0,0.0,6.0,0.0,5.900000000000006,0.0,none,12785982588,-720428928#0,126.5
0.0,0.0,0.0,6.0,0.0,7.900000000000006,0.0,none,12785982588,-720428928#0,126.6
0.0,0.0,0.0,6.0,0.0,7.8999999999999915,0.0,none,12785982588,-720428928#0,126.7
0.0,0.0,0.0,6.0,0.0,7.8999999999999915,0.0,none,12785982588,-720428928#0,126.8
0.0,0.0,0.0,6.0,0.0,7.900000000000006,0.0,none,12785982588,-720428928#0,126.9
0.0,0.0,0.0,6.0,0.0,7.900000000000006,0.0,none,12785982588,-720428928#0,127.0
0.0,0.0,0.0,6.0,0.0,7.900000000000006,0.0,none,12785982588,-720428928#0,127.1
0.0,0.0,0.0,6.0,0.0,7.8999999999999915,0.0,none,12785982588,-720428928#0,127.2
0.0,0.0,0.0,6.0,0.0,7.8999999999999915,0.0,none,12785982588,-720428928#0,127.3
0.0,0.0,0.0,6.0,0.0,5.900000000000006,0.0,none,12785982588,-720428928#0,127.5
0.0,0.0,0.0,6.0,0.0,7.900000000000006,0.0,none,12785982588,-720428928#0,127.6
0.0,0.0,0.0,6.0,0.0,7.8999999999999915,0.0,none,12785982588,-720428928#0,127.7
0.0,0.0,0.0,6.0,0.0,7.8999999999999915,0.0,none,12785982588,-720428928#0,127.8
0.0,0.0,0.0,6.0,0.0,7.900000000000006,0.0,none,12785982588,-720428928#0,127.9
0.0,0.0,0.0,6.0,0.0,7.900000000000006,0.0,none,12785982588,-720428928#0,128.0
0.0,0.0,0.0,6.0,0.0,7.900000000000006,0.0,none,12785982588,-720428928#0,128.1
0.0,0.0,0.0,6.0,0.0,7.900000000000006,0.0,none,12785982588,-720428928#0,128.2
0.0,0.0,0.0,6.0,0.0,7.899999999999977,0.0,none,12785982588,-720428928#0,128.3
0.0,0.0,0.0,6.0,0.0,5.900000000000006,0.0,none,12785982588,-720428928#0,128.5
0.0,0.0,0.0,6.0,0.0,7.900000000000006,0.0,none,12785982588,-720428928#0,128.6
0.0,0.0,0.0,6.0,0.0,7.900000000000006,0.0,none,12785982588,-720428928#0,128.7
0.0,0.0,0.0,6.0,0.0,7.899999999999977,0.0,none,12785982588,-720428928#0,128.8
0.0,0.0,0.0,6.0,0.0,7.900000000000006,0.0,none,12785982588,-720428928#0,128.9
0.0,0.0,0.0,6.0,0.0,7.900000000000006,0.0,none,12785982588,-720428928#0,129.0
0.0,0.0,0.0,6.0,0.0,7.900000000000006,0.0,none,12785982588,-720428928#0,129.1
0.0,0.0,0.0,6.0,0.0,7.900000000000006,0.0,none,12785982588,-720428928#0,129.2
0.0,0.0,0.0,6.0,0.0,7.899999999999977,0.0,none,12785982588,-720428928#0,129.3
0.0,0.0,0.0,6.0,0.0,5.900000000000006,0.0,none,12785982588,-720428928#0,129.5
0.0,0.0,0.0,6.0,0.0,7.900000000000006,0.0,none,12785982588,-720428928#0,129.6
0.0,0.0,0.0,6.0,0.0,7.900000000000006,0.0,none,12785982588,-720428928#0,129.7
0.0,0.0,0.0,6.0,0.0,7.899999999999977,0.0,none,12785982588,-720428928#0,129.8
0.0,0.0,0.0,6.0,0.0,7.900000000000006,0.0,none,12785982588,-720428928#0,129.9
0.0,0.0,0.0,6.0,0.0,7.900000000000006,0.0,none,12785982588,-720428928#0,130.0
0.0,0.0,0.0,6.0,0.0,7.900000000000006,0.0,none,12785982588,-720428928#0,130.1
0.0,0.0,0.0,6.0,0.0,7.900000000000006,0.0,none,12785982588,-720428928#0,130.2
0.0,0.0,0.0,6.0,0.0,7.899999999999977,0.0,none,12785982588,-720428928#0,130.3
0.0,0.0,0.0,6.0,0.0,5.900000000000006,0.0,none,12785982588,-720428928#0,130.5
0.0,0.0,0.0,6.0,0.0,7.900000000000006,0.0,none,12785982588,-720428928#0,130.6
0.0,0.0,0.0,6.0,0.0,7.900000000000006,0.0,none,12785982588,-720428928#0,130.7
0.0,0.0,0.0,6.0,0.0,7.899999999999977,0.0,none,12785982588,-720428928#0,130.8
0.0,0.0,0.0,6.0,0.0,7.900000000000006,0.0,none,12785982588,-720428928#0,130.9
0.0,0.0,0.0,6.0,0.0,7.900000000000006,0.0,none,12785982588,-720428928#0,131.0
0.0,0.0,0.0,6.0,0.0,7.900000000000006,0.0,none,12785982588,-720428928#0,131.1
0.0,0.0,0.0,6.0,0.0,7.900000000000006,0.0,none,12785982588,-720428928#0,131.2
0.0,0.0,0.0,6.0,0.0,7.899999999999977,0.0,none,12785982588,-720428928#0,131.3
0.0,0.0,0.0,6.0,0.0,5.900000000000006,0.0,none,12785982588,-720428928#0,131.5
0.0,0.0,0.0,6.0,0.0,7.900000000000006,0.0,none,12785982588,-720428928#0,131.6
0.0,0.0,0.0,6.0,0.0,7.900000000000006,0.0,none,12785982588,-720428928#0,131.7
0.0,0.0,0.0,6.0,0.0,7.899999999999977,0.0,none,12785982588,-720428928#0,131.8
0.0,0.0,0.0,6.0,0.0,7.900000000000006,0.0,none,12785982588,-720428928#0,131.9
0.0,0.0,0.0,6.0,0.0,7.900000000000006,0.0,none,12785982588,-720428928#0,132.0
0.0,0.0,0.0,6.0,0.0,7.900000000000006,0.0,none,12785982588,-720428928#0,132.1
0.0,0.0,0.0,6.0,0.0,7.900000000000006,0.0,none,12785982588,-720428928#0,132.2
0.0,0.0,0.0,6.0,0.0,7.899999999999977,0.0,none,12785982588,-720428928#0,132.3
0.0,0.0,0.0,6.0,0.0,5.900000000000006,0.0,none,12785982588,-720428928#0,132.5
0.0,0.0,0.0,6.0,0.0,7.900000000000006,0.0,none,12785982588,-720428928#0,132.6
0.0,0.0,0.0,6.0,0.0,7.900000000000006,0.0,none,12785982588,-720428928#0,132.7
0.0,0.0,0.0,6.0,0.0,7.899999999999977,0.0,none,12785982588,-720428928#0,132.8
0.0,0.0,0.0,6.0,0.0,7.900000000000006,0.0,none,12785982588,-720428928#0,132.9
0.0,0.0,0.0,6.0,0.0,7.900000000000006,0.0,none,12785982588,-720428928#0,133.0
0.0,0.0,0.0,6.0,0.0,7.900000000000006,0.0,none,12785982588,-720428928#0,133.1
0.0,0.0,0.0,6.0,0.0,7.900000000000006,0.0,none,12785982588,-720428928#0,133.2
0.0,0.0,0.0,6.0,0.0,7.899999999999977,0.0,none,12785982588,-720428928#0,133.3
0.0,0.0,0.0,6.0,0.0,5.900000000000006,0.0,none,12785982588,-720428928#0,133.5
0.0,0.0,0.0,6.0,0.0,7.900000000000006,0.0,none,12785982588,-720428928#0,133.6
0.0,0.0,0.0,6.0,0.0,7.900000000000006,0.0,none,12785982588,-720428928#0,133.7
0.0,0.0,0.0,6.0,0.0,7.899999999999977,0.0,none,12785982588,-720428928#0,133.8
0.0,0.0,0.0,6.0,0.0,7.900000000000006,0.0,none,12785982588,-720428928#0,133.9
0.0,0.0,0.0,6.0,0.0,7.900000000000006,0.0,none,12785982588,-720428928#0,134.0
0.0,0.0,0.0,6.0,0.0,7.900000000000006,0.0,none,12785982588,-720428928#0,134.1
0.0,0.0,0.0,6.0,0.0,7.900000000000006,0.0,none,12785982588,-720428928#0,134.2
0.0,0.0,0.0,6.0,0.0,7.899999999999977,0.0,none,12785982588,-720428928#0,134.3
0.0,0.0,0.0,6.0,0.0,5.900000000000006,0.0,none,12785982588,-720428928#0,134.5
0.0,0.0,0.0,6.0,0.0,7.900000000000006,0.0,none,12785982588,-720428928#0,134.6
0.0,0.0,0.0,6.0,0.0,7.900000000000006,0.0,none,12785982588,-720428928#0,134.7
0.0,0.0,0.0,6.0,0.0,7.899999999999977,0.0,none,12785982588,-720428928#0,134.8
0.0,0.0,0.0,6.0,0.0,7.900000000000006,0.0,none,12785982588,-720428928#0,134.9
0.0,0.0,0.0,6.0,0.0,7.900000000000006,0.0,none,12785982588,-720428928#0,135.0
0.0,0.0,0.0,6.0,0.0,7.900000000000006,0.0,none,12785982588,-720428928#0,135.1
0.0,0.0,0.0,6.0,0.0,7.900000000000006,0.0,none,12785982588,-720428928#0,135.2
0.0,0.0,0.0,6.0,0.0,7.899999999999977,0.0,none,12785982588,-720428928#0,135.3
0.0,0.0,0.0,6.0,0.0,5.900000000000006,0.0,none,12785982588,-720428928#0,135.5
0.0,0.0,0.0,6.0,0.0,7.900000000000006,0.0,none,12785982588,-720428928#0,135.6
0.0,0.0,0.0,6.0,0.0,7.900000000000006,0.0,none,12785982588,-720428928#0,135.7
0.0,0.0,0.0,6.0,0.0,7.899999999999977,0.0,none,12785982588,-720428928#0,135.8
0.0,0.0,0.0,6.0,0.0,7.900000000000006,0.0,none,12785982588,-720428928#0,135.9
0.0,0.0,0.0,6.0,0.0,7.900000000000006,0.0,none,12785982588,-720428928#0,136.0
0.0,0.0,0.0,6.0,0.0,7.900000000000006,0.0,none,12785982588,-720428928#0,136.1
0.0,0.0,0.0,6.0,0.0,7.900000000000006,0.0,none,12785982588,-720428928#0,136.2
0.0,0.0,0.0,6.0,0.0,7.899999999999977,0.0,none,12785982588,-720428928#0,136.3
0.0,0.0,0.0,6.0,0.0,5.900000000000006,0.0,none,12785982588,-720428928#0,136.5
0.0,0.0,0.0,6.0,0.0,7.900000000000006,0.0,none,12785982588,-720428928#0,136.6
0.0,0.0,0.0,6.0,0.0,7.900000000000006,0.0,none,12785982588,-720428928#0,136.7
0.0,0.0,0.0,6.0,0.0,7.899999999999977,0.0,none,12785982588,-720428928#0,136.8
0.0,0.0,0.0,6.0,0.0,7.900000000000006,0.0,none,12785982588,-720428928#0,136.9
0.0,0.0,0.0,6.0,0.0,7.900000000000006,0.0,none,12785982588,-720428928#0,137.0
0.0,0.0,0.0,6.0,0.0,7.900000000000006,0.0,none,12785982588,-720428928#0,137.1
0.0,0.0,0.0,6.0,0.0,7.900000000000006,0.0,none,12785982588,-720428928#0,137.2
0.0,0.0,0.0,6.0,0.0,7.899999999999977,0.0,none,12785982588,-720428928#0,137.3
0.0,0.0,0.0,6.0,0.0,5.900000000000006,0.0,none,12785982588,-720428928#0,137.5
0.0,0.0,0.0,6.0,0.0,7.900000000000006,0.0,none,12785982588,-720428928#0,137.6
0.0,0.0,0.0,6.0,0.0,7.900000000000006,0.0,none,12785982588,-720428928#0,137.7
0.0,0.0,0.0,6.0,0.0,7.899999999999977,0.0,none,12785982588,-720428928#0,137.8
0.0,0.0,0.0,6.0,0.0,7.900000000000006,0.0,none,12785982588,-720428928#0,137.9
0.0,0.0,0.0,6.0,0.0,7.900000000000006,0.0,none,12785982588,-720428928#0,138.0
0.0,0.0,0.0,6.0,0.0,7.900000000000006,0.0,none,12785982588,-720428928#0,138.1
0.0,0.0,0.0,6.0,0.0,7.900000000000006,0.0,none,12785982588,-720428928#0,138.2
0.0,0.0,0.0,6.0,0.0,7.899999999999977,0.0,none,12785982588,-720428928#0,138.3
0.0,0.0,0.0,6.0,0.0,5.900000000000006,0.0,none,12785982588,-720428928#0,138.5
0.0,0.0,0.0,6.0,0.0,7.900000000000006,0.0,none,12785982588,-720428928#0,138.6
0.0,0.0,0.0,6.0,0.0,7.900000000000006,0.0,none,12785982588,-720428928#0,138.7
0.0,0.0,0.0,6.0,0.0,7.899999999999977,0.0,none,12785982588,-720428928#0,138.8
0.0,0.0,0.0,6.0,0.0,7.900000000000006,0.0,none,12785982588,-720428928#0,138.9
0.0,0.0,0.0,6.0,0.0,7.900000000000006,0.0,none,12785982588,-720428928#0,139.0
0.0,0.0,0.0,6.0,0.0,7.900000000000006,0.0,none,12785982588,-720428928#0,139.1
0.0,0.0,0.0,6.0,0.0,7.900000000000006,0.0,none,12785982588,-720428928#0,139.2
0.0,0.0,0.0,6.0,0.0,7.899999999999977,0.0,none,12785982588,-720428928#0,139.3
0.0,0.0,0.0,6.0,0.0,5.900000000000006,0.0,none,12785982588,-720428928#0,139.5
0.0,0.0,0.0,6.0,0.0,7.900000000000006,0.0,none,12785982588,-720428928#0,139.6
0.0,0.0,0.0,6.0,0.0,7.900000000000006,0.0,none,12785982588,-720428928#0,139.7
0.0,0.0,0.0,6.0,0.0,7.899999999999977,0.0,none,12785982588,-720428928#0,139.8
0.0,0.0,0.0,6.0,0.0,7.900000000000006,0.0,none,12785982588,-720428928#0,139.9
0.0,0.0,0.0,6.0,0.0,7.900000000000006,0.0,none,12785982588,-720428928#0,140.0
0.0,0.0,0.0,6.0,0.0,7.900000000000006,0.0,none,12785982588,-720428928#0,140.1
0.0,0.0,0.0,6.0,0.0,7.900000000000006,0.0,none,12785982588,-720428928#0,140.2
0.0,0.0,0.0,6.0,0.0,7.899999999999977,0.0,none,12785982588,-720428928#0,140.3
0.0,0.0,0.0,6.0,0.0,5.900000000000006,0.0,none,12785982588,-720428928#0,140.5
0.0,0.0,0.0,6.0,0.0,7.900000000000006,0.0,none,12785982588,-720428928#0,140.6
0.0,0.0,0.0,6.0,0.0,7.900000000000006,0.0,none,12785982588,-720428928#0,140.7
0.0,0.0,0.0,6.0,0.0,7.899999999999977,0.0,none,12785982588,-720428928#0,140.8
0.0,0.0,0.0,6.0,0.0,7.900000000000006,0.0,none,12785982588,-720428928#0,140.9
0.0,0.0,0.0,6.0,0.0,7.900000000000006,0.0,none,12785982588,-720428928#0,141.0
0.0,0.0,0.0,6.0,0.0,7.900000000000006,0.0,none,12785982588,-720428928#0,141.1
0.0,0.0,0.0,6.0,0.0,7.900000000000006,0.0,none,12785982588,-720428928#0,141.2
0.0,0.0,0.0,6.0,0.0,7.899999999999977,0.0,none,12785982588,-720428928#0,141.3
0.0,0.0,0.0,6.0,0.0,5.900000000000006,0.0,none,12785982588,-720428928#0,141.5
0.0,0.0,0.0,6.0,0.0,7.900000000000006,0.0,none,12785982588,-720428928#0,141.6
0.0,0.0,0.0,6.0,0.0,7.900000000000006,0.0,none,12785982588,-720428928#0,141.7
0.0,0.0,0.0,6.0,0.0,7.899999999999977,0.0,none,12785982588,-720428928#0,141.8
0.0,0.0,0.0,6.0,0.0,7.900000000000006,0.0,none,12785982588,-720428928#0,141.9
0.0,0.0,0.0,6.0,0.0,7.900000000000006,0.0,none,12785982588,-720428928#0,142.0
0.0,0.0,0.0,6.0,0.0,7.900000000000006,0.0,none,12785982588,-720428928#0,142.1
0.0,0.0,0.0,6.0,0.0,7.900000000000006,0.0,none,12785982588,-720428928#0,142.2
0.0,0.0,0.0,6.0,0.0,7.899999999999977,0.0,none,12785982588,-720428928#0,142.3
0.0,0.0,0.0,6.0,0.0,5.900000000000006,0.0,none,12785982588,-720428928#0,142.5
0.0,0.0,0.0,6.0,0.0,7.900000000000006,0.0,none,12785982588,-720428928#0,142.6
0.0,0.0,0.0,6.0,0.0,7.900000000000006,0.0,none,12785982588,-720428928#0,142.7
0.0,0.0,0.0,6.0,0.0,7.899999999999977,0.0,none,12785982588,-720428928#0,142.8
0.0,0.0,0.0,6.0,0.0,7.900000000000006,0.0,none,12785982588,-720428928#0,142.9
0.0,0.0,0.0,6.0,0.0,7.900000000000006,0.0,none,12785982588,-720428928#0,143.0
0.0,0.0,0.0,6.0,0.0,7.900000000000006,0.0,none,12785982588,-720428928#0,143.1
0.0,0.0,0.0,6.0,0.0,7.900000000000006,0.0,none,12785982588,-720428928#0,143.2
0.0,0.0,0.0,6.0,0.0,7.899999999999977,0.0,none,12785982588,-720428928#0,143.3
0.0,0.0,0.0,6.0,0.0,5.900000000000006,0.0,none,12785982588,-720428928#0,143.5
0.0,0.0,0.0,6.0,0.0,7.900000000000006,0.0,none,12785982588,-720428928#0,143.6
0.0,0.0,0.0,6.0,0.0,7.900000000000006,0.0,none,12785982588,-720428928#0,143.7
0.0,0.0,0.0,6.0,0.0,7.899999999999977,0.0,none,12785982588,-720428928#0,143.8
0.0,0.0,0.0,6.0,0.0,7.900000000000006,0.0,none,12785982588,-720428928#0,143.9
0.0,0.0,0.0,6.0,0.0,7.900000000000006,0.0,none,12785982588,-720428928#0,144.0
0.0,0.0,0.0,6.0,0.0,7.900000000000006,0.0,none,12785982588,-720428928#0,144.1
0.0,0.0,0.0,6.0,0.0,7.900000000000006,0.0,none,12785982588,-720428928#0,144.2
0.0,0.0,0.0,6.0,0.0,7.899999999999977,0.0,none,12785982588,-720428928#0,144.3
0.0,0.0,0.0,6.0,0.0,5.900000000000006,0.0,none,12785982588,-720428928#0,144.5
0.0,0.0,0.0,6.0,0.0,7.900000000000006,0.0,none,12785982588,-720428928#0,144.6
0.0,0.0,0.0,6.0,0.0,7.900000000000006,0.0,none,12785982588,-720428928#0,144.7
0.0,0.0,0.0,6.0,0.0,7.899999999999977,0.0,none,12785982588,-720428928#0,144.8
0.0,0.0,0.0,6.0,0.0,7.900000000000006,0.0,none,12785982588,-720428928#0,144.9
0.0,0.0,0.0,6.0,0.0,7.900000000000006,0.0,none,12785982588,-720428928#0,145.0
0.0,0.0,0.0,6.0,0.0,7.900000000000006,0.0,none,12785982588,-720428928#0,145.1
0.0,0.0,0.0,6.0,0.0,7.900000000000006,0.0,none,12785982588,-720428928#0,145.2
0.0,0.0,0.0,6.0,0.0,7.899999999999977,0.0,none,12785982588,-720428928#0,145.3
0.0,0.0,0.0,6.0,0.0,5.900000000000006,0.0,none,12785982588,-720428928#0,145.5
0.0,0.0,0.0,6.0,0.0,7.900000000000006,0.0,none,12785982588,-720428928#0,145.6
0.0,0.0,0.0,6.0,0.0,7.900000000000006,0.0,none,12785982588,-720428928#0,145.7
0.0,0.0,0.0,6.0,0.0,7.899999999999977,0.0,none,12785982588,-720428928#0,145.8
0.0,0.0,0.0,6.0,0.0,7.900000000000006,0.0,none,12785982588,-720428928#0,145.9
0.0,0.0,0.0,6.0,0.0,7.900000000000006,0.0,none,12785982588,-720428928#0,146.0
0.0,0.0,0.0,6.0,0.0,7.900000000000006,0.0,none,12785982588,-720428928#0,146.1
0.0,0.0,0.0,6.0,0.0,7.900000000000006,0.0,none,12785982588,-720428928#0,146.2
0.0,0.0,0.0,6.0,0.0,7.899999999999977,0.0,none,12785982588,-720428928#0,146.3
0.0,0.0,0.0,6.0,0.0,5.900000000000006,0.0,none,12785982588,-720428928#0,146.5
0.0,0.0,0.0,6.0,0.0,7.900000000000006,0.0,none,12785982588,-720428928#0,146.6
0.0,0.0,0.0,6.0,0.0,7.900000000000006,0.0,none,12785982588,-720428928#0,146.7
0.0,0.0,0.0,6.0,0.0,7.899999999999977,0.0,none,12785982588,-720428928#0,146.8
0.0,0.0,0.0,6.0,0.0,7.900000000000006,0.0,none,12785982588,-720428928#0,146.9
0.0,0.0,0.0,6.0,0.0,7.900000000000006,0.0,none,12785982588,-720428928#0,147.0
0.0,0.0,0.0,6.0,0.0,7.900000000000006,0.0,none,12785982588,-720428928#0,147.1
0.0,0.0,0.0,6.0,0.0,7.900000000000006,0.0,none,12785982588,-720428928#0,147.2
0.0,0.0,0.0,6.0,0.0,7.899999999999977,0.0,none,12785982588,-720428928#0,147.3
0.0,0.0,0.0,6.0,0.0,5.900000000000006,0.0,none,12785982588,-720428928#0,147.5
0.0,0.0,0.0,6.0,0.0,7.900000000000006,0.0,none,12785982588,-720428928#0,147.6
0.0,0.0,0.0,6.0,0.0,7.900000000000006,0.0,none,12785982588,-720428928#0,147.7
0.0,0.0,0.0,6.0,0.0,7.899999999999977,0.0,none,12785982588,-720428928#0,147.8
0.0,0.0,0.0,6.0,0.0,7.900000000000006,0.0,none,12785982588,-720428928#0,147.9
0.0,0.0,0.0,6.0,0.0,7.900000000000006,0.0,none,12785982588,-720428928#0,148.0
0.0,0.0,0.0,6.0,0.0,7.900000000000006,0.0,none,12785982588,-720428928#0,148.1
0.0,0.0,0.0,6.0,0.0,7.900000000000006,0.0,none,12785982588,-720428928#0,148.2
0.0,0.0,0.0,6.0,0.0,7.899999999999977,0.0,none,12785982588,-720428928#0,148.3
0.0,0.0,0.0,6.0,0.0,5.900000000000006,0.0,none,12785982588,-720428928#0,148.5
0.0,0.0,0.0,6.0,0.0,7.900000000000006,0.0,none,12785982588,-720428928#0,148.6
0.0,0.0,0.0,6.0,0.0,7.900000000000006,0.0,none,12785982588,-720428928#0,148.7
0.0,0.0,0.0,6.0,0.0,7.899999999999977,0.0,none,12785982588,-720428928#0,148.8
0.0,0.0,0.0,6.0,0.0,7.900000000000006,0.0,none,12785982588,-720428928#0,148.9
0.0,0.0,0.0,6.0,0.0,7.900000000000006,0.0,none,12785982588,-720428928#0,149.0
0.0,0.0,0.0,6.0,0.0,7.900000000000006,0.0,none,12785982588,-720428928#0,149.1
0.0,0.0,0.0,6.0,0.0,7.900000000000006,0.0,none,12785982588,-720428928#0,149.2
0.0,0.0,0.0,6.0,0.0,7.899999999999977,0.0,none,12785982588,-720428928#0,149.3
0.0,0.0,0.0,6.0,0.0,5.900000000000006,0.0,none,12785982588,-720428928#0,149.5
0.0,0.0,0.0,6.0,0.0,7.900000000000006,0.0,none,12785982588,-720428928#0,149.6
0.0,0.0,0.0,6.0,0.0,7.900000000000006,0.0,none,12785982588,-720428928#0,149.7
0.0,0.0,0.0,6.0,0.0,7.899999999999977,0.0,none,12785982588,-720428928#0,149.8
0.0,0.0,0.0,6.0,0.0,7.900000000000006,0.0,none,12785982588,-720428928#0,149.9
0.0,0.0,0.0,6.0,0.0,7.900000000000006,0.0,none,12785982588,-720428928#0,150.0
0.0,0.0,0.0,6.0,0.0,7.900000000000006,0.0,none,12785982588,-720428928#0,150.1
0.0,0.0,0.0,6.0,0.0,7.900000000000006,0.0,none,12785982588,-720428928#0,150.2
0.0,0.0,0.0,6.0,0.0,7.899999999999977,0.0,none,12785982588,-720428928#0,150.3
0.0,0.0,0.0,6.0,0.0,5.900000000000006,0.0,none,12785982588,-720428928#0,150.5
0.0,0.0,0.0,6.0,0.0,7.900000000000006,0.0,none,12785982588,-720428928#0,150.6
0.0,0.0,0.0,6.0,0.0,7.900000000000006,0.0,none,12785982588,-720428928#0,150.7
0.0,0.0,0.0,6.0,0.0,7.899999999999977,0.0,none,12785982588,-720428928#0,150.8
0.0,0.0,0.0,6.0,0.0,7.900000000000006,0.0,none,12785982588,-720428928#0,150.9
0.0,0.0,0.0,6.0,0.0,7.900000000000006,0.0,none,12785982588,-720428928#0,151.0
0.0,0.0,0.0,6.0,0.0,7.900000000000006,0.0,none,12785982588,-720428928#0,151.1
0.0,0.0,0.0,6.0,0.0,7.900000000000006,0.0,none,12785982588,-720428928#0,151.2
0.0,0.0,0.0,6.0,0.0,7.899999999999977,0.0,none,12785982588,-720428928#0,151.3
0.0,0.0,0.0,6.0,0.0,5.900000000000006,0.0,none,12785982588,-720428928#0,151.5
0.0,0.0,0.0,6.0,0.0,7.900000000000006,0.0,none,12785982588,-720428928#0,151.6
0.0,0.0,0.0,6.0,0.0,7.900000000000006,0.0,none,12785982588,-720428928#0,151.7
0.0,0.0,0.0,6.0,0.0,7.899999999999977,0.0,none,12785982588,-720428928#0,151.8
0.0,0.0,0.0,6.0,0.0,7.900000000000006,0.0,none,12785982588,-720428928#0,151.9
0.0,0.0,0.0,6.0,0.0,7.900000000000006,0.0,none,12785982588,-720428928#0,152.0
0.0,0.0,0.0,6.0,0.0,7.900000000000006,0.0,none,12785982588,-720428928#0,152.1
0.0,0.0,0.0,6.0,0.0,7.900000000000006,0.0,none,12785982588,-720428928#0,152.2
0.0,0.0,0.0,6.0,0.0,7.899999999999977,0.0,none,12785982588,-720428928#0,152.3
0.0,0.0,0.0,6.0,0.0,5.900000000000006,0.0,none,12785982588,-720428928#0,152.5
0.0,0.0,0.0,6.0,0.0,7.900000000000006,0.0,none,12785982588,-720428928#0,152.6
0.0,0.0,0.0,6.0,0.0,7.900000000000006,0.0,none,12785982588,-720428928#0,152.7
0.0,0.0,0.0,6.0,0.0,7.899999999999977,0.0,none,12785982588,-720428928#0,152.8
0.0,0.0,0.0,6.0,0.0,7.900000000000006,0.0,none,12785982588,-720428928#0,152.9
0.0,0.0,0.0,6.0,0.0,7.900000000000006,0.0,none,12785982588,-720428928#0,153.0
0.0,0.0,0.0,6.0,0.0,7.900000000000006,0.0,none,12785982588,-720428928#0,153.1
0.0,0.0,0.0,6.0,0.0,7.900000000000006,0.0,none,12785982588,-720428928#0,153.2
0.0,0.0,0.0,6.0,0.0,7.899999999999977,0.0,none,12785982588,-720428928#0,153.3
0.0,0.0,0.0,6.0,0.0,5.900000000000006,0.0,none,12785982588,-720428928#0,153.5
0.0,0.0,0.0,6.0,0.0,7.900000000000006,0.0,none,12785982588,-720428928#0,153.6
0.0,0.0,0.0,6.0,0.0,7.900000000000006,0.0,none,12785982588,-720428928#0,153.7
0.0,0.0,0.0,6.0,0.0,7.899999999999977,0.0,none,12785982588,-720428928#0,153.8
0.0,0.0,0.0,6.0,0.0,7.900000000000006,0.0,none,12785982588,-720428928#0,153.9
0.0,0.0,0.0,6.0,0.0,7.900000000000006,0.0,none,12785982588,-720428928#0,154.0
0.0,0.0,0.0,6.0,0.0,7.900000000000006,0.0,none,12785982588,-720428928#0,154.1
0.0,0.0,0.0,6.0,0.0,7.900000000000006,0.0,none,12785982588,-720428928#0,154.2
0.0,0.0,0.0,6.0,0.0,7.899999999999977,0.0,none,12785982588,-720428928#0,154.3
0.0,0.0,0.0,6.0,0.0,5.900000000000006,0.0,none,12785982588,-720428928#0,154.5
0.0,0.0,0.0,6.0,0.0,7.900000000000006,0.0,none,12785982588,-720428928#0,154.6
0.0,0.0,0.0,6.0,0.0,7.900000000000006,0.0,none,12785982588,-720428928#0,154.7
0.0,0.0,0.0,6.0,0.0,7.899999999999977,0.0,none,12785982588,-720428928#0,154.8
0.0,0.0,0.0,6.0,0.0,7.900000000000006,0.0,none,12785982588,-720428928#0,154.9
0.0,0.0,0.0,6.0,0.0,7.900000000000006,0.0,none,12785982588,-720428928#0,155.0
0.0,0.0,0.0,6.0,0.0,7.900000000000006,0.0,none,12785982588,-720428928#0,155.1
0.0,0.0,0.0,6.0,0.0,7.900000000000006,0.0,none,12785982588,-720428928#0,155.2
0.0,0.0,0.0,6.0,0.0,7.899999999999977,0.0,none,12785982588,-720428928#0,155.3
0.0,0.0,0.0,6.0,0.0,5.900000000000006,0.0,none,12785982588,-720428928#0,155.5
0.0,0.0,0.0,6.0,0.0,7.900000000000006,0.0,none,12785982588,-720428928#0,155.6
0.0,0.0,0.0,6.0,0.0,7.900000000000006,0.0,none,12785982588,-720428928#0,155.7
0.0,0.0,0.0,6.0,0.0,7.899999999999977,0.0,none,12785982588,-720428928#0,155.8
0.0,0.0,0.0,6.0,0.0,7.900000000000006,0.0,none,12785982588,-720428928#0,155.9
0.0,0.0,0.0,6.0,0.0,7.900000000000006,0.0,none,12785982588,-720428928#0,156.0
0.0,0.0,0.0,6.0,0.0,7.900000000000006,0.0,none,12785982588,-720428928#0,156.1
0.0,0.0,0.0,6.0,0.0,7.900000000000006,0.0,none,12785982588,-720428928#0,156.2
0.0,0.0,0.0,6.0,0.0,7.899999999999977,0.0,none,12785982588,-720428928#0,156.3
0.0,0.0,0.0,6.0,0.0,5.900000000000006,0.0,none,12785982588,-720428928#0,156.5
0.0,0.0,0.0,6.0,0.0,7.900000000000006,0.0,none,12785982588,-720428928#0,156.6
0.0,0.0,0.0,6.0,0.0,7.900000000000006,0.0,none,12785982588,-720428928#0,156.7
0.0,0.0,0.0,6.0,0.0,7.899999999999977,0.0,none,12785982588,-720428928#0,156.8
0.0,0.0,0.0,6.0,0.0,7.900000000000006,0.0,none,12785982588,-720428928#0,156.9
0.0,0.0,0.0,6.0,0.0,7.900000000000006,0.0,none,12785982588,-720428928#0,157.0
0.0,0.0,0.0,6.0,0.0,7.900000000000006,0.0,none,12785982588,-720428928#0,157.1
0.0,0.0,0.0,6.0,0.0,7.900000000000006,0.0,none,12785982588,-720428928#0,157.2
0.0,0.0,0.0,6.0,0.0,7.899999999999977,0.0,none,12785982588,-720428928#0,157.3
0.0,0.0,0.0,6.0,0.0,5.900000000000006,0.0,none,12785982588,-720428928#0,157.5
0.0,0.0,0.0,6.0,0.0,7.900000000000006,0.0,none,12785982588,-720428928#0,157.6
0.0,0.0,0.0,6.0,0.0,7.900000000000006,0.0,none,12785982588,-720428928#0,157.7
0.0,0.0,0.0,6.0,0.0,7.899999999999977,0.0,none,12785982588,-720428928#0,157.8
0.0,0.0,0.0,6.0,0.0,7.900000000000006,0.0,none,12785982588,-720428928#0,157.9
0.0,0.0,0.0,6.0,0.0,7.900000000000006,0.0,none,12785982588,-720428928#0,158.0
0.0,0.0,0.0,6.0,0.0,7.900000000000006,0.0,none,12785982588,-720428928#0,158.1
0.0,0.0,0.0,6.0,0.0,7.900000000000006,0.0,none,12785982588,-720428928#0,158.2
0.0,0.0,0.0,6.0,0.0,7.899999999999977,0.0,none,12785982588,-720428928#0,158.3
0.0,0.0,0.0,6.0,0.0,5.900000000000006,0.0,none,12785982588,-720428928#0,158.5
0.0,0.0,0.0,6.0,0.0,7.900000000000006,0.0,none,12785982588,-720428928#0,158.6
0.0,0.0,0.0,6.0,0.0,7.900000000000006,0.0,none,12785982588,-720428928#0,158.7
0.0,0.0,0.0,6.0,0.0,7.899999999999977,0.0,none,12785982588,-720428928#0,158.8
0.0,0.0,0.0,6.0,0.0,7.900000000000006,0.0,none,12785982588,-720428928#0,158.9
0.0,0.0,0.0,6.0,0.0,7.900000000000006,0.0,none,12785982588,-720428928#0,159.0
0.0,0.0,0.0,6.0,0.0,7.900000000000006,0.0,none,12785982588,-720428928#0,159.1
0.0,0.0,0.0,6.0,0.0,7.900000000000006,0.0,none,12785982588,-720428928#0,159.2
0.0,0.0,0.0,6.0,0.0,7.899999999999977,0.0,none,12785982588,-720428928#0,159.3
0.0,0.0,0.0,6.0,0.0,5.900000000000006,0.0,none,12785982588,-720428928#0,159.5
0.0,0.0,0.0,6.0,0.0,7.900000000000006,0.0,none,12785982588,-720428928#0,159.6
0.0,0.0,0.0,6.0,0.0,7.900000000000006,0.0,none,12785982588,-720428928#0,159.7
0.0,0.0,0.0,6.0,0.0,7.899999999999977,0.0,none,12785982588,-720428928#0,159.8
0.0,0.0,0.0,6.0,0.0,7.900000000000006,0.0,none,12785982588,-720428928#0,159.9
0.0,0.0,0.0,6.0,0.0,7.900000000000006,0.0,none,12785982588,-720428928#0,160.0
0.0,0.0,0.0,6.0,0.0,7.900000000000006,0.0,none,12785982588,-720428928#0,160.1
0.0,0.0,0.0,6.0,0.0,7.900000000000006,0.0,none,12785982588,-720428928#0,160.2
0.0,0.0,0.0,6.0,0.0,7.899999999999977,0.0,none,12785982588,-720428928#0,160.3
0.0,0.0,0.0,6.0,0.0,5.900000000000006,0.0,none,12785982588,-720428928#0,160.5
0.0,0.0,0.0,6.0,0.0,7.900000000000006,0.0,none,12785982588,-720428928#0,160.6
0.0,0.0,0.0,6.0,0.0,7.900000000000006,0.0,none,12785982588,-720428928#0,160.7
0.0,0.0,0.0,6.0,0.0,7.899999999999977,0.0,none,12785982588,-720428928#0,160.8
0.0,0.0,0.0,6.0,0.0,7.900000000000006,0.0,none,12785982588,-720428928#0,160.9
0.0,0.0,0.0,6.0,0.0,7.900000000000006,0.0,none,12785982588,-720428928#0,161.0
0.0,0.0,0.0,6.0,0.0,7.900000000000006,0.0,none,12785982588,-720428928#0,161.1
0.0,0.0,0.0,6.0,0.0,7.900000000000006,0.0,none,12785982588,-720428928#0,161.2
0.0,0.0,0.0,6.0,0.0,7.899999999999977,0.0,none,12785982588,-720428928#0,161.3
0.0,0.0,0.0,6.0,0.0,5.900000000000006,0.0,none,12785982588,-720428928#0,161.5
0.0,0.0,0.0,6.0,0.0,7.900000000000006,0.0,none,12785982588,-720428928#0,161.6
0.0,0.0,0.0,6.0,0.0,7.900000000000006,0.0,none,12785982588,-720428928#0,161.7
0.0,0.0,0.0,6.0,0.0,7.899999999999977,0.0,none,12785982588,-720428928#0,161.8
0.0,0.0,0.0,6.0,0.0,7.900000000000006,0.0,none,12785982588,-720428928#0,161.9
0.0,0.0,0.0,6.0,0.0,7.900000000000006,0.0,none,12785982588,-720428928#0,162.0
0.0,0.0,0.0,6.0,0.0,7.900000000000006,0.0,none,12785982588,-720428928#0,162.1
0.0,0.0,0.0,6.0,0.0,7.900000000000006,0.0,none,12785982588,-720428928#0,162.2
0.0,0.0,0.0,6.0,0.0,7.899999999999977,0.0,none,12785982588,-720428928#0,162.3
0.0,0.0,0.0,6.0,0.0,5.900000000000006,0.0,none,12785982588,-720428928#0,162.5
0.0,0.0,0.0,6.0,0.0,7.900000000000006,0.0,none,12785982588,-720428928#0,162.6
0.0,0.0,0.0,6.0,0.0,7.900000000000006,0.0,none,12785982588,-720428928#0,162.7
0.0,0.0,0.0,6.0,0.0,7.899999999999977,0.0,none,12785982588,-720428928#0,162.8
0.0,0.0,0.0,6.0,0.0,7.900000000000006,0.0,none,12785982588,-720428928#0,162.9
0.0,0.0,0.0,6.0,0.0,7.900000000000006,0.0,none,12785982588,-720428928#0,163.0
0.0,0.0,0.0,6.0,0.0,7.900000000000006,0.0,none,12785982588,-720428928#0,163.1
0.0,0.0,0.0,6.0,0.0,7.900000000000006,0.0,none,12785982588,-720428928#0,163.2
0.0,0.0,0.0,6.0,0.0,7.899999999999977,0.0,none,12785982588,-720428928#0,163.3
0.0,0.0,0.0,6.0,0.0,5.900000000000006,0.0,none,12785982588,-720428928#0,163.5
0.0,0.0,0.0,6.0,0.0,7.900000000000006,0.0,none,12785982588,-720428928#0,163.6
0.0,0.0,0.0,6.0,0.0,7.900000000000006,0.0,none,12785982588,-720428928#0,163.7
0.0,0.0,0.0,6.0,0.0,7.899999999999977,0.0,none,12785982588,-720428928#0,163.8
0.0,0.0,0.0,6.0,0.0,7.900000000000006,0.0,none,12785982588,-720428928#0,163.9
0.0,0.0,0.0,6.0,0.0,7.900000000000006,0.0,none,12785982588,-720428928#0,164.0
0.0,0.0,0.0,6.0,0.0,7.900000000000006,0.0,none,12785982588,-720428928#0,164.1
0.0,0.0,0.0,6.0,0.0,7.900000000000006,0.0,none,12785982588,-720428928#0,164.2
0.0,0.0,0.0,6.0,0.0,7.899999999999977,0.0,none,12785982588,-720428928#0,164.3
0.0,0.0,0.0,6.0,0.0,5.900000000000006,0.0,none,12785982588,-720428928#0,164.5
0.0,0.0,0.0,6.0,0.0,7.900000000000006,0.0,none,12785982588,-720428928#0,164.6
0.0,0.0,0.0,6.0,0.0,7.900000000000006,0.0,none,12785982588,-720428928#0,164.7
0.0,0.0,0.0,6.0,0.0,7.899999999999977,0.0,none,12785982588,-720428928#0,164.8
0.0,0.0,0.0,6.0,0.0,7.900000000000006,0.0,none,12785982588,-720428928#0,164.9
0.0,0.0,0.0,6.0,0.0,7.900000000000006,0.0,none,12785982588,-720428928#0,165.0
0.0,0.0,0.0,6.0,0.0,7.900000000000006,0.0,none,12785982588,-720428928#0,165.1
0.0,0.0,0.0,6.0,0.0,7.900000000000006,0.0,none,12785982588,-720428928#0,165.2
0.0,0.0,0.0,6.0,0.0,7.899999999999977,0.0,none,12785982588,-720428928#0,165.3
0.0,0.0,0.0,6.0,0.0,5.900000000000006,0.0,none,12785982588,-720428928#0,165.5
0.0,0.0,0.0,6.0,0.0,7.900000000000006,0.0,none,12785982588,-720428928#0,165.6
0.0,0.0,0.0,6.0,0.0,7.900000000000006,0.0,none,12785982588,-720428928#0,165.7
0.0,0.0,0.0,6.0,0.0,7.899999999999977,0.0,none,12785982588,-720428928#0,165.8
0.0,0.0,0.0,6.0,0.0,7.900000000000006,0.0,none,12785982588,-720428928#0,165.9
0.0,0.0,0.0,6.0,0.0,7.900000000000006,0.0,none,12785982588,-720428928#0,166.0
0.0,0.0,0.0,6.0,0.0,7.900000000000006,0.0,none,12785982588,-720428928#0,166.1
0.0,0.0,0.0,6.0,0.0,7.900000000000006,0.0,none,12785982588,-720428928#0,166.2
0.0,0.0,0.0,6.0,0.0,7.899999999999977,0.0,none,12785982588,-720428928#0,166.3
0.0,0.0,0.0,6.0,0.0,5.900000000000006,0.0,none,12785982588,-720428928#0,166.5
0.0,0.0,0.0,6.0,0.0,7.900000000000006,0.0,none,12785982588,-720428928#0,166.6
0.0,0.0,0.0,6.0,0.0,7.900000000000006,0.0,none,12785982588,-720428928#0,166.7
0.0,0.0,0.0,6.0,0.0,7.899999999999977,0.0,none,12785982588,-720428928#0,166.8
0.0,0.0,0.0,6.0,0.0,7.900000000000006,0.0,none,12785982588,-720428928#0,166.9
0.0,0.0,0.0,6.0,0.0,7.900000000000006,0.0,none,12785982588,-720428928#0,167.0
0.0,0.0,0.0,6.0,0.0,7.900000000000006,0.0,none,12785982588,-720428928#0,167.1
0.0,0.0,0.0,6.0,0.0,7.900000000000006,0.0,none,12785982588,-720428928#0,167.2
0.0,0.0,0.0,6.0,0.0,7.899999999999977,0.0,none,12785982588,-720428928#0,167.3
0.0,0.0,0.0,6.0,0.0,5.900000000000006,0.0,none,12785982588,-720428928#0,167.5
0.0,0.0,0.0,6.0,0.0,7.900000000000006,0.0,none,12785982588,-720428928#0,167.6
0.0,0.0,0.0,6.0,0.0,7.900000000000006,0.0,none,12785982588,-720428928#0,167.7
0.0,0.0,0.0,6.0,0.0,7.899999999999977,0.0,none,12785982588,-720428928#0,167.8
0.0,0.0,0.0,6.0,0.0,7.900000000000006,0.0,none,12785982588,-720428928#0,167.9
0.0,0.0,0.0,6.0,0.0,7.900000000000006,0.0,none,12785982588,-720428928#0,168.0
0.0,0.0,0.0,6.0,0.0,7.900000000000006,0.0,none,12785982588,-720428928#0,168.1
0.0,0.0,0.0,6.0,0.0,7.900000000000006,0.0,none,12785982588,-720428928#0,168.2
0.0,0.0,0.0,6.0,0.0,7.899999999999977,0.0,none,12785982588,-720428928#0,168.3
0.0,0.0,0.0,6.0,0.0,5.900000000000006,0.0,none,12785982588,-720428928#0,168.5
0.0,0.0,0.0,6.0,0.0,7.900000000000006,0.0,none,12785982588,-720428928#0,168.6
0.0,0.0,0.0,6.0,0.0,7.900000000000006,0.0,none,12785982588,-720428928#0,168.7
0.0,0.0,0.0,6.0,0.0,7.899999999999977,0.0,none,12785982588,-720428928#0,168.8
0.0,0.0,0.0,6.0,0.0,7.900000000000006,0.0,none,12785982588,-720428928#0,168.9
0.0,0.0,0.0,6.0,0.0,7.900000000000006,0.0,none,12785982588,-720428928#0,169.0
0.0,0.0,0.0,6.0,0.0,7.900000000000006,0.0,none,12785982588,-720428928#0,169.1
0.0,0.0,0.0,6.0,0.0,7.900000000000006,0.0,none,12785982588,-720428928#0,169.2
0.0,0.0,0.0,6.0,0.0,7.899999999999977,0.0,none,12785982588,-720428928#0,169.3
0.0,0.0,0.0,6.0,0.0,5.900000000000006,0.0,none,12785982588,-720428928#0,169.5
0.0,0.0,0.0,6.0,0.0,7.900000000000006,0.0,none,12785982588,-720428928#0,169.6
0.0,0.0,0.0,6.0,0.0,7.900000000000006,0.0,none,12785982588,-720428928#0,169.7
0.0,0.0,0.0,6.0,0.0,7.899999999999977,0.0,none,12785982588,-720428928#0,169.8
0.0,0.0,0.0,6.0,0.0,7.900000000000006,0.0,none,12785982588,-720428928#0,169.9
0.0,0.0,0.0,6.0,0.0,7.900000000000006,0.0,none,12785982588,-720428928#0,170.0
0.0,0.0,0.0,6.0,0.0,7.900000000000006,0.0,none,12785982588,-720428928#0,170.1
0.0,0.0,0.0,6.0,0.0,7.900000000000006,0.0,none,12785982588,-720428928#0,170.2
0.0,0.0,0.0,6.0,0.0,7.899999999999977,0.0,none,12785982588,-720428928#0,170.3
0.0,0.0,0.0,6.0,0.0,5.900000000000006,0.0,none,12785982588,-720428928#0,170.5
0.0,0.0,0.0,6.0,0.0,7.900000000000006,0.0,none,12785982588,-720428928#0,170.6
0.0,0.0,0.0,6.0,0.0,7.900000000000006,0.0,none,12785982588,-720428928#0,170.7
0.0,0.0,0.0,6.0,0.0,7.899999999999977,0.0,none,12785982588,-720428928#0,170.8
0.0,0.0,0.0,6.0,0.0,7.900000000000006,0.0,none,12785982588,-720428928#0,170.9
0.0,0.0,0.0,6.0,0.0,7.900000000000006,0.0,none,12785982588,-720428928#0,171.0
0.0,0.0,0.0,6.0,0.0,7.900000000000006,0.0,none,12785982588,-720428928#0,171.1
0.0,0.0,0.0,6.0,0.0,7.900000000000006,0.0,none,12785982588,-720428928#0,171.2
0.0,0.0,0.0,6.0,0.0,7.899999999999977,0.0,none,12785982588,-720428928#0,171.3
0.0,0.0,0.0,6.0,0.0,5.900000000000006,0.0,none,12785982588,-720428928#0,171.5
0.0,0.0,0.0,6.0,0.0,7.900000000000006,0.0,none,12785982588,-720428928#0,171.6
0.0,0.0,0.0,6.0,0.0,7.900000000000006,0.0,none,12785982588,-720428928#0,171.7
0.0,0.0,0.0,6.0,0.0,7.899999999999977,0.0,none,12785982588,-720428928#0,171.8
0.0,0.0,0.0,6.0,0.0,7.900000000000006,0.0,none,12785982588,-720428928#0,171.9
0.0,0.0,0.0,6.0,0.0,7.900000000000006,0.0,none,12785982588,-720428928#0,172.0
0.0,0.0,0.0,6.0,0.0,7.900000000000006,0.0,none,12785982588,-720428928#0,172.1
0.0,0.0,0.0,6.0,0.0,7.900000000000006,0.0,none,12785982588,-720428928#0,172.2
0.0,0.0,0.0,6.0,0.0,7.899999999999977,0.0,none,12785982588,-720428928#0,172.3
0.0,0.0,0.0,6.0,0.0,5.900000000000006,0.0,none,12785982588,-720428928#0,172.5
0.0,0.0,0.0,6.0,0.0,7.900000000000006,0.0,none,12785982588,-720428928#0,172.6
0.0,0.0,0.0,6.0,0.0,7.900000000000006,0.0,none,12785982588,-720428928#0,172.7
0.0,0.0,0.0,6.0,0.0,7.899999999999977,0.0,none,12785982588,-720428928#0,172.8
0.0,0.0,0.0,6.0,0.0,7.900000000000006,0.0,none,12785982588,-720428928#0,172.9
0.0,0.0,0.0,6.0,0.0,7.900000000000006,0.0,none,12785982588,-720428928#0,173.0
0.0,0.0,0.0,6.0,0.0,7.900000000000006,0.0,none,12785982588,-720428928#0,173.1
0.0,0.0,0.0,6.0,0.0,7.900000000000006,0.0,none,12785982588,-720428928#0,173.2
0.0,0.0,0.0,6.0,0.0,7.899999999999977,0.0,none,12785982588,-720428928#0,173.3
0.0,0.0,0.0,6.0,0.0,5.900000000000006,0.0,none,12785982588,-720428928#0,173.5
0.0,0.0,0.0,6.0,0.0,7.900000000000006,0.0,none,12785982588,-720428928#0,173.6
0.0,0.0,0.0,6.0,0.0,7.900000000000006,0.0,none,12785982588,-720428928#0,173.7
0.0,0.0,0.0,6.0,0.0,7.899999999999977,0.0,none,12785982588,-720428928#0,173.8
0.0,0.0,0.0,6.0,0.0,7.900000000000006,0.0,none,12785982588,-720428928#0,173.9
0.0,0.0,0.0,6.0,0.0,7.900000000000006,0.0,none,12785982588,-720428928#0,174.0
0.0,0.0,0.0,6.0,0.0,7.900000000000006,0.0,none,12785982588,-720428928#0,174.1
0.0,0.0,0.0,6.0,0.0,7.900000000000006,0.0,none,12785982588,-720428928#0,174.2
0.0,0.0,0.0,6.0,0.0,7.899999999999977,0.0,none,12785982588,-720428928#0,174.3
0.0,0.0,0.0,6.0,0.0,5.900000000000006,0.0,none,12785982588,-720428928#0,174.5
0.0,0.0,0.0,6.0,0.0,7.900000000000006,0.0,none,12785982588,-720428928#0,174.6
0.0,0.0,0.0,6.0,0.0,7.900000000000006,0.0,none,12785982588,-720428928#0,174.7
0.0,0.0,0.0,6.0,0.0,7.899999999999977,0.0,none,12785982588,-720428928#0,174.8
0.0,0.0,0.0,6.0,0.0,7.900000000000006,0.0,none,12785982588,-720428928#0,174.9
0.0,0.0,0.0,6.0,0.0,7.900000000000006,0.0,none,12785982588,-720428928#0,175.0
0.0,0.0,0.0,6.0,0.0,7.900000000000006,0.0,none,12785982588,-720428928#0,175.1
0.0,0.0,0.0,6.0,0.0,7.900000000000006,0.0,none,12785982588,-720428928#0,175.2
0.0,0.0,0.0,6.0,0.0,7.899999999999977,0.0,none,12785982588,-720428928#0,175.3
0.0,0.0,0.0,6.0,0.0,5.900000000000006,0.0,none,12785982588,-720428928#0,175.5
0.0,0.0,0.0,6.0,0.0,7.900000000000006,0.0,none,12785982588,-720428928#0,175.6
0.0,0.0,0.0,6.0,0.0,7.900000000000006,0.0,none,12785982588,-720428928#0,175.7
0.0,0.0,0.0,6.0,0.0,7.899999999999977,0.0,none,12785982588,-720428928#0,175.8
0.0,0.0,0.0,6.0,0.0,7.900000000000006,0.0,none,12785982588,-720428928#0,175.9
0.0,0.0,0.0,6.0,0.0,7.900000000000006,0.0,none,12785982588,-720428928#0,176.0
0.0,0.0,0.0,6.0,0.0,7.900000000000006,0.0,none,12785982588,-720428928#0,176.1
0.0,0.0,0.0,6.0,0.0,7.900000000000006,0.0,none,12785982588,-720428928#0,176.2
0.0,0.0,0.0,6.0,0.0,7.899999999999977,0.0,none,12785982588,-720428928#0,176.3
0.0,0.0,0.0,6.0,0.0,5.900000000000006,0.0,none,12785982588,-720428928#0,176.5
0.0,0.0,0.0,6.0,0.0,7.900000000000006,0.0,none,12785982588,-720428928#0,176.6
0.0,0.0,0.0,6.0,0.0,7.900000000000006,0.0,none,12785982588,-720428928#0,176.7
0.0,0.0,0.0,6.0,0.0,7.899999999999977,0.0,none,12785982588,-720428928#0,176.8
0.0,0.0,0.0,6.0,0.0,7.900000000000006,0.0,none,12785982588,-720428928#0,176.9
0.0,0.0,0.0,6.0,0.0,7.900000000000006,0.0,none,12785982588,-720428928#0,177.0
0.0,0.0,0.0,6.0,0.0,7.900000000000006,0.0,none,12785982588,-720428928#0,177.1
0.0,0.0,0.0,6.0,0.0,7.900000000000006,0.0,none,12785982588,-720428928#0,177.2
0.0,0.0,0.0,6.0,0.0,7.899999999999977,0.0,none,12785982588,-720428928#0,177.3
0.0,0.0,0.0,6.0,0.0,5.900000000000006,0.0,none,12785982588,-720428928#0,177.5
0.0,0.0,0.0,6.0,0.0,7.900000000000006,0.0,none,12785982588,-720428928#0,177.6
0.0,0.0,0.0,6.0,0.0,7.900000000000006,0.0,none,12785982588,-720428928#0,177.7
0.0,0.0,0.0,6.0,0.0,7.899999999999977,0.0,none,12785982588,-720428928#0,177.8
0.0,0.0,0.0,6.0,0.0,7.900000000000006,0.0,none,12785982588,-720428928#0,177.9
0.0,0.0,0.0,6.0,0.0,7.900000000000006,0.0,none,12785982588,-720428928#0,178.0
0.0,0.0,0.0,6.0,0.0,7.900000000000006,0.0,none,12785982588,-720428928#0,178.1
0.0,0.0,0.0,6.0,0.0,7.900000000000006,0.0,none,12785982588,-720428928#0,178.2
0.0,0.0,0.0,6.0,0.0,7.899999999999977,0.0,none,12785982588,-720428928#0,178.3
0.0,0.0,0.0,6.0,0.0,5.900000000000006,0.0,none,12785982588,-720428928#0,178.5
0.0,0.0,0.0,6.0,0.0,7.900000000000006,0.0,none,12785982588,-720428928#0,178.6
0.0,0.0,0.0,6.0,0.0,7.900000000000006,0.0,none,12785982588,-720428928#0,178.7
0.0,0.0,0.0,6.0,0.0,7.899999999999977,0.0,none,12785982588,-720428928#0,178.8
0.0,0.0,0.0,6.0,0.0,7.900000000000006,0.0,none,12785982588,-720428928#0,178.9
0.0,0.0,0.0,6.0,0.0,7.900000000000006,0.0,none,12785982588,-720428928#0,179.0
0.0,0.0,0.0,6.0,0.0,7.900000000000006,0.0,none,12785982588,-720428928#0,179.1
0.0,0.0,0.0,6.0,0.0,7.900000000000006,0.0,none,12785982588,-720428928#0,179.2
0.0,0.0,0.0,6.0,0.0,7.899999999999977,0.0,none,12785982588,-720428928#0,179.3
0.0,0.0,0.0,6.0,0.0,5.900000000000006,0.0,none,12785982588,-720428928#0,179.5
0.0,0.0,0.0,6.0,0.0,7.900000000000006,0.0,none,12785982588,-720428928#0,179.6
0.0,0.0,0.0,6.0,0.0,7.900000000000006,0.0,none,12785982588,-720428928#0,179.7
0.0,0.0,0.0,6.0,0.0,7.899999999999977,0.0,none,12785982588,-720428928#0,179.8
0.0,0.0,0.0,6.0,0.0,7.900000000000006,0.0,none,12785982588,-720428928#0,179.9
0.0,0.0,0.0,6.0,0.0,7.900000000000006,0.0,none,12785982588,-720428928#0,180.0
0.0,0.0,0.0,6.0,0.0,7.900000000000006,0.0,none,12785982588,-720428928#0,180.1
0.0,0.0,0.0,6.0,0.0,7.900000000000006,0.0,none,12785982588,-720428928#0,180.2
0.0,0.0,0.0,6.0,0.0,7.899999999999977,0.0,none,12785982588,-720428928#0,180.3
0.0,0.0,0.0,6.0,0.0,5.900000000000006,0.0,none,12785982588,-720428928#0,180.5
0.0,0.0,0.0,6.0,0.0,7.900000000000006,0.0,none,12785982588,-720428928#0,180.6
0.0,0.0,0.0,6.0,0.0,7.900000000000006,0.0,none,12785982588,-720428928#0,180.7
0.0,0.0,0.0,6.0,0.0,7.899999999999977,0.0,none,12785982588,-720428928#0,180.8
0.0,0.0,0.0,6.0,0.0,7.900000000000006,0.0,none,12785982588,-720428928#0,180.9
0.0,0.0,0.0,6.0,0.0,7.900000000000006,0.0,none,12785982588,-720428928#0,181.0
0.0,0.0,0.0,6.0,0.0,7.900000000000006,0.0,none,12785982588,-720428928#0,181.1
0.0,0.0,0.0,6.0,0.0,7.900000000000006,0.0,none,12785982588,-720428928#0,181.2
0.0,0.0,0.0,6.0,0.0,7.899999999999977,0.0,none,12785982588,-720428928#0,181.3
0.0,0.0,0.0,6.0,0.0,5.900000000000006,0.0,none,12785982588,-720428928#0,181.5
0.0,0.0,0.0,6.0,0.0,7.900000000000006,0.0,none,12785982588,-720428928#0,181.6
0.0,0.0,0.0,6.0,0.0,7.900000000000006,0.0,none,12785982588,-720428928#0,181.7
0.0,0.0,0.0,6.0,0.0,7.899999999999977,0.0,none,12785982588,-720428928#0,181.8
0.0,0.0,0.0,6.0,0.0,7.900000000000006,0.0,none,12785982588,-720428928#0,181.9
0.0,0.0,0.0,6.0,0.0,7.900000000000006,0.0,none,12785982588,-720428928#0,182.0
0.0,0.0,0.0,6.0,0.0,7.900000000000006,0.0,none,12785982588,-720428928#0,182.1
0.0,0.0,0.0,6.0,0.0,7.900000000000006,0.0,none,12785982588,-720428928#0,182.2
0.0,0.0,0.0,6.0,0.0,7.899999999999977,0.0,none,12785982588,-720428928#0,182.3
0.0,0.0,0.0,6.0,0.0,5.900000000000006,0.0,none,12785982588,-720428928#0,182.5
0.0,0.0,0.0,6.0,0.0,7.900000000000006,0.0,none,12785982588,-720428928#0,182.6
0.0,0.0,0.0,6.0,0.0,7.900000000000006,0.0,none,12785982588,-720428928#0,182.7
0.0,0.0,0.0,6.0,0.0,7.899999999999977,0.0,none,12785982588,-720428928#0,182.8
0.0,0.0,0.0,6.0,0.0,7.900000000000006,0.0,none,12785982588,-720428928#0,182.9
0.0,0.0,0.0,6.0,0.0,7.900000000000006,0.0,none,12785982588,-720428928#0,183.0
0.0,0.0,0.0,6.0,0.0,7.900000000000006,0.0,none,12785982588,-720428928#0,183.1
0.0,0.0,0.0,6.0,0.0,7.900000000000006,0.0,none,12785982588,-720428928#0,183.2
0.0,0.0,0.0,6.0,0.0,7.899999999999977,0.0,none,12785982588,-720428928#0,183.3
0.0,0.0,0.0,6.0,0.0,5.900000000000006,0.0,none,12785982588,-720428928#0,183.5
0.0,0.0,0.0,6.0,0.0,7.900000000000006,0.0,none,12785982588,-720428928#0,183.6
0.0,0.0,0.0,6.0,0.0,7.900000000000006,0.0,none,12785982588,-720428928#0,183.7
0.0,0.0,0.0,6.0,0.0,7.899999999999977,0.0,none,12785982588,-720428928#0,183.8
0.0,0.0,0.0,6.0,0.0,7.900000000000006,0.0,none,12785982588,-720428928#0,183.9
0.0,0.0,0.0,6.0,0.0,7.900000000000006,0.0,none,12785982588,-720428928#0,184.0
0.0,0.0,0.0,6.0,0.0,7.900000000000006,0.0,none,12785982588,-720428928#0,184.1
0.0,0.0,0.0,6.0,0.0,7.900000000000006,0.0,none,12785982588,-720428928#0,184.2
0.0,0.0,0.0,6.0,0.0,7.899999999999977,0.0,none,12785982588,-720428928#0,184.3
0.0,0.0,0.0,6.0,0.0,5.900000000000006,0.0,none,12785982588,-720428928#0,184.5
0.0,0.0,0.0,6.0,0.0,7.900000000000006,0.0,none,12785982588,-720428928#0,184.6
0.0,0.0,0.0,6.0,0.0,7.900000000000006,0.0,none,12785982588,-720428928#0,184.7
0.0,0.0,0.0,6.0,0.0,7.899999999999977,0.0,none,12785982588,-720428928#0,184.8
0.0,0.0,0.0,6.0,0.0,7.900000000000006,0.0,none,12785982588,-720428928#0,184.9
0.0,0.0,0.0,6.0,0.0,7.900000000000006,0.0,none,12785982588,-720428928#0,185.0
0.0,0.0,0.0,6.0,0.0,7.900000000000006,0.0,none,12785982588,-720428928#0,185.1
0.0,0.0,0.0,6.0,0.0,7.900000000000006,0.0,none,12785982588,-720428928#0,185.2
0.0,0.0,0.0,6.0,0.0,7.899999999999977,0.0,none,12785982588,-720428928#0,185.3
0.0,0.0,0.0,6.0,0.0,5.900000000000006,0.0,none,12785982588,-720428928#0,185.5
0.0,0.0,0.0,6.0,0.0,7.900000000000006,0.0,none,12785982588,-720428928#0,185.6
0.0,0.0,0.0,6.0,0.0,7.900000000000006,0.0,none,12785982588,-720428928#0,185.7
0.0,0.0,0.0,6.0,0.0,7.899999999999977,0.0,none,12785982588,-720428928#0,185.8
0.0,0.0,0.0,6.0,0.0,7.900000000000006,0.0,none,12785982588,-720428928#0,185.9
0.0,0.0,0.0,6.0,0.0,7.900000000000006,0.0,none,12785982588,-720428928#0,186.0
0.0,0.0,0.0,6.0,0.0,7.900000000000006,0.0,none,12785982588,-720428928#0,186.1
0.0,0.0,0.0,6.0,0.0,7.900000000000006,0.0,none,12785982588,-720428928#0,186.2
0.0,0.0,0.0,6.0,0.0,7.899999999999977,0.0,none,12785982588,-720428928#0,186.3
0.0,0.0,0.0,6.0,0.0,5.900000000000006,0.0,none,12785982588,-720428928#0,186.5
0.0,0.0,0.0,6.0,0.0,7.900000000000006,0.0,none,12785982588,-720428928#0,186.6
0.0,0.0,0.0,6.0,0.0,7.900000000000006,0.0,none,12785982588,-720428928#0,186.7
0.0,0.0,0.0,6.0,0.0,7.899999999999977,0.0,none,12785982588,-720428928#0,186.8
0.0,0.0,0.0,6.0,0.0,7.900000000000006,0.0,none,12785982588,-720428928#0,186.9
0.0,0.0,0.0,6.0,0.0,7.900000000000006,0.0,none,12785982588,-720428928#0,187.0
0.0,0.0,0.0,6.0,0.0,7.900000000000006,0.0,none,12785982588,-720428928#0,187.1
0.0,0.0,0.0,6.0,0.0,7.900000000000006,0.0,none,12785982588,-720428928#0,187.2
0.0,0.0,0.0,6.0,0.0,7.899999999999977,0.0,none,12785982588,-720428928#0,187.3
0.0,0.0,0.0,6.0,0.0,5.900000000000006,0.0,none,12785982588,-720428928#0,187.5
0.0,0.0,0.0,6.0,0.0,7.900000000000006,0.0,none,12785982588,-720428928#0,187.6
0.0,0.0,0.0,6.0,0.0,7.900000000000006,0.0,none,12785982588,-720428928#0,187.7
0.0,0.0,0.0,6.0,0.0,7.899999999999977,0.0,none,12785982588,-720428928#0,187.8
0.0,0.0,0.0,6.0,0.0,7.900000000000006,0.0,none,12785982588,-720428928#0,187.9
0.0,0.0,0.0,6.0,0.0,7.900000000000006,0.0,none,12785982588,-720428928#0,188.0
0.0,0.0,0.0,6.0,0.0,7.900000000000006,0.0,none,12785982588,-720428928#0,188.1
0.0,0.0,0.0,6.0,0.0,7.900000000000006,0.0,none,12785982588,-720428928#0,188.2
0.0,0.0,0.0,6.0,0.0,7.899999999999977,0.0,none,12785982588,-720428928#0,188.3
0.0,0.0,0.0,6.0,0.0,5.900000000000006,0.0,none,12785982588,-720428928#0,188.5
0.0,0.0,0.0,6.0,0.0,7.900000000000006,0.0,none,12785982588,-720428928#0,188.6
0.0,0.0,0.0,6.0,0.0,7.900000000000006,0.0,none,12785982588,-720428928#0,188.7
0.0,0.0,0.0,6.0,0.0,7.899999999999977,0.0,none,12785982588,-720428928#0,188.8
0.0,0.0,0.0,6.0,0.0,7.900000000000006,0.0,none,12785982588,-720428928#0,188.9
0.0,0.0,0.0,6.0,0.0,7.900000000000006,0.0,none,12785982588,-720428928#0,189.0
0.0,0.0,0.0,6.0,0.0,7.900000000000006,0.0,none,12785982588,-720428928#0,189.1
0.0,0.0,0.0,6.0,0.0,7.900000000000006,0.0,none,12785982588,-720428928#0,189.2
0.0,0.0,0.0,6.0,0.0,7.899999999999977,0.0,none,12785982588,-720428928#0,189.3
0.0,0.0,0.0,6.0,0.0,5.900000000000006,0.0,none,12785982588,-720428928#0,189.5
0.0,0.0,0.0,6.0,0.0,7.900000000000006,0.0,none,12785982588,-720428928#0,189.6
0.0,0.0,0.0,6.0,0.0,7.900000000000006,0.0,none,12785982588,-720428928#0,189.7
0.0,0.0,0.0,6.0,0.0,7.899999999999977,0.0,none,12785982588,-720428928#0,189.8
0.0,0.0,0.0,6.0,0.0,7.900000000000006,0.0,none,12785982588,-720428928#0,189.9
0.0,0.0,0.0,6.0,0.0,7.900000000000006,0.0,none,12785982588,-720428928#0,190.0
0.0,0.0,0.0,6.0,0.0,7.900000000000006,0.0,none,12785982588,-720428928#0,190.1
0.0,0.0,0.0,6.0,0.0,7.900000000000006,0.0,none,12785982588,-720428928#0,190.2
0.0,0.0,0.0,6.0,0.0,7.899999999999977,0.0,none,12785982588,-720428928#0,190.3
0.0,0.0,0.0,6.0,0.0,5.900000000000006,0.0,none,12785982588,-720428928#0,190.5
0.0,0.0,0.0,6.0,0.0,7.900000000000006,0.0,none,12785982588,-720428928#0,190.6
0.0,0.0,0.0,6.0,0.0,7.900000000000006,0.0,none,12785982588,-720428928#0,190.7
0.0,0.0,0.0,6.0,0.0,7.899999999999977,0.0,none,12785982588,-720428928#0,190.8
0.0,0.0,0.0,6.0,0.0,7.900000000000006,0.0,none,12785982588,-720428928#0,190.9
0.0,0.0,0.0,6.0,0.0,7.900000000000006,0.0,none,12785982588,-720428928#0,191.0
0.0,0.0,0.0,6.0,0.0,7.900000000000006,0.0,none,12785982588,-720428928#0,191.1
0.0,0.0,0.0,6.0,0.0,7.900000000000006,0.0,none,12785982588,-720428928#0,191.2
0.0,0.0,0.0,6.0,0.0,7.899999999999977,0.0,none,12785982588,-720428928#0,191.3
0.0,0.0,0.0,6.0,0.0,5.900000000000006,0.0,none,12785982588,-720428928#0,191.5
0.0,0.0,0.0,6.0,0.0,7.900000000000006,0.0,none,12785982588,-720428928#0,191.6
0.0,0.0,0.0,6.0,0.0,7.900000000000006,0.0,none,12785982588,-720428928#0,191.7
0.0,0.0,0.0,6.0,0.0,7.899999999999977,0.0,none,12785982588,-720428928#0,191.8
0.0,0.0,0.0,6.0,0.0,7.900000000000006,0.0,none,12785982588,-720428928#0,191.9
0.0,0.0,0.0,6.0,0.0,7.900000000000006,0.0,none,12785982588,-720428928#0,192.0
0.0,0.0,0.0,6.0,0.0,7.900000000000006,0.0,none,12785982588,-720428928#0,192.1
0.0,0.0,0.0,6.0,0.0,7.900000000000006,0.0,none,12785982588,-720428928#0,192.2
0.0,0.0,0.0,6.0,0.0,7.899999999999977,0.0,none,12785982588,-720428928#0,192.3
0.0,0.0,0.0,6.0,0.0,5.900000000000006,0.0,none,12785982588,-720428928#0,192.5
0.0,0.0,0.0,6.0,0.0,7.900000000000006,0.0,none,12785982588,-720428928#0,192.6
0.0,0.0,0.0,6.0,0.0,7.900000000000006,0.0,none,12785982588,-720428928#0,192.7
0.0,0.0,0.0,6.0,0.0,7.899999999999977,0.0,none,12785982588,-720428928#0,192.8
0.0,0.0,0.0,6.0,0.0,7.900000000000006,0.0,none,12785982588,-720428928#0,192.9
0.0,0.0,0.0,6.0,0.0,7.900000000000006,0.0,none,12785982588,-720428928#0,193.0
0.0,0.0,0.0,6.0,0.0,7.900000000000006,0.0,none,12785982588,-720428928#0,193.1
0.0,0.0,0.0,6.0,0.0,7.900000000000006,0.0,none,12785982588,-720428928#0,193.2
0.0,0.0,0.0,6.0,0.0,7.899999999999977,0.0,none,12785982588,-720428928#0,193.3
0.0,0.0,0.0,6.0,0.0,5.900000000000006,0.0,none,12785982588,-720428928#0,193.5
0.0,0.0,0.0,6.0,0.0,7.900000000000006,0.0,none,12785982588,-720428928#0,193.6
0.0,0.0,0.0,6.0,0.0,7.900000000000006,0.0,none,12785982588,-720428928#0,193.7
0.0,0.0,0.0,6.0,0.0,7.899999999999977,0.0,none,12785982588,-720428928#0,193.8
0.0,0.0,0.0,6.0,0.0,7.900000000000006,0.0,none,12785982588,-720428928#0,193.9
0.0,0.0,0.0,6.0,0.0,7.900000000000006,0.0,none,12785982588,-720428928#0,194.0
0.0,0.0,0.0,6.0,0.0,7.900000000000006,0.0,none,12785982588,-720428928#0,194.1
0.0,0.0,0.0,6.0,0.0,7.900000000000006,0.0,none,12785982588,-720428928#0,194.2
0.0,0.0,0.0,6.0,0.0,7.899999999999977,0.0,none,12785982588,-720428928#0,194.3
0.0,0.0,0.0,6.0,0.0,5.900000000000006,0.0,none,12785982588,-720428928#0,194.5
0.0,0.0,0.0,6.0,0.0,7.900000000000006,0.0,none,12785982588,-720428928#0,194.6
0.0,0.0,0.0,6.0,0.0,7.900000000000006,0.0,none,12785982588,-720428928#0,194.7
0.0,0.0,0.0,6.0,0.0,7.899999999999977,0.0,none,12785982588,-720428928#0,194.8
0.0,0.0,0.0,6.0,0.0,7.900000000000006,0.0,none,12785982588,-720428928#0,194.9
0.0,0.0,0.0,6.0,0.0,7.900000000000006,0.0,none,12785982588,-720428928#0,195.0
0.0,0.0,0.0,6.0,0.0,7.900000000000006,0.0,none,12785982588,-720428928#0,195.1
0.0,0.0,0.0,6.0,0.0,7.900000000000006,0.0,none,12785982588,-720428928#0,195.2
0.0,0.0,0.0,6.0,0.0,7.899999999999977,0.0,none,12785982588,-720428928#0,195.3
0.0,0.0,0.0,6.0,0.0,5.900000000000006,0.0,none,12785982588,-720428928#0,195.5
0.0,0.0,0.0,6.0,0.0,7.900000000000006,0.0,none,12785982588,-720428928#0,195.6
0.0,0.0,0.0,6.0,0.0,7.900000000000006,0.0,none,12785982588,-720428928#0,195.7
0.0,0.0,0.0,6.0,0.0,7.899999999999977,0.0,none,12785982588,-720428928#0,195.8
0.0,0.0,0.0,6.0,0.0,7.900000000000006,0.0,none,12785982588,-720428928#0,195.9
0.0,0.0,0.0,6.0,0.0,7.900000000000006,0.0,none,12785982588,-720428928#0,196.0
0.0,0.0,0.0,6.0,0.0,7.900000000000006,0.0,none,12785982588,-720428928#0,196.1
0.0,0.0,0.0,6.0,0.0,7.900000000000006,0.0,none,12785982588,-720428928#0,196.2
0.0,0.0,0.0,6.0,0.0,7.899999999999977,0.0,none,12785982588,-720428928#0,196.3
0.0,0.0,0.0,6.0,0.0,5.900000000000006,0.0,none,12785982588,-720428928#0,196.5
0.0,0.0,0.0,6.0,0.0,7.900000000000006,0.0,none,12785982588,-720428928#0,196.6
0.0,0.0,0.0,6.0,0.0,7.900000000000006,0.0,none,12785982588,-720428928#0,196.7
0.0,0.0,0.0,6.0,0.0,7.899999999999977,0.0,none,12785982588,-720428928#0,196.8
0.0,0.0,0.0,6.0,0.0,7.900000000000006,0.0,none,12785982588,-720428928#0,196.9
0.0,0.0,0.0,6.0,0.0,7.900000000000006,0.0,none,12785982588,-720428928#0,197.0
0.0,0.0,0.0,6.0,0.0,7.900000000000006,0.0,none,12785982588,-720428928#0,197.1
0.0,0.0,0.0,6.0,0.0,7.900000000000006,0.0,none,12785982588,-720428928#0,197.2
0.0,0.0,0.0,6.0,0.0,7.899999999999977,0.0,none,12785982588,-720428928#0,197.3
0.0,0.0,0.0,6.0,0.0,5.900000000000006,0.0,none,12785982588,-720428928#0,197.5
0.0,0.0,0.0,6.0,0.0,7.900000000000006,0.0,none,12785982588,-720428928#0,197.6
0.0,0.0,0.0,6.0,0.0,7.900000000000006,0.0,none,12785982588,-720428928#0,197.7
0.0,0.0,0.0,6.0,0.0,7.899999999999977,0.0,none,12785982588,-720428928#0,197.8
0.0,0.0,0.0,6.0,0.0,7.900000000000006,0.0,none,12785982588,-720428928#0,197.9
0.0,0.0,0.0,6.0,0.0,7.900000000000006,0.0,none,12785982588,-720428928#0,198.0
0.0,0.0,0.0,6.0,0.0,7.900000000000006,0.0,none,12785982588,-720428928#0,198.1
0.0,0.0,0.0,6.0,0.0,7.900000000000006,0.0,none,12785982588,-720428928#0,198.2
0.0,0.0,0.0,6.0,0.0,7.899999999999977,0.0,none,12785982588,-720428928#0,198.3
0.0,0.0,0.0,6.0,0.0,5.900000000000006,0.0,none,12785982588,-720428928#0,198.5
0.0,0.0,0.0,6.0,0.0,7.900000000000006,0.0,none,12785982588,-720428928#0,198.6
0.0,0.0,0.0,6.0,0.0,7.900000000000006,0.0,none,12785982588,-720428928#0,198.7
0.0,0.0,0.0,6.0,0.0,7.899999999999977,0.0,none,12785982588,-720428928#0,198.8
0.0,0.0,0.0,6.0,0.0,7.900000000000006,0.0,none,12785982588,-720428928#0,198.9
0.0,0.0,0.0,6.0,0.0,7.900000000000006,0.0,none,12785982588,-720428928#0,199.0
0.0,0.0,0.0,6.0,0.0,7.900000000000006,0.0,none,12785982588,-720428928#0,199.1
0.0,0.0,0.0,6.0,0.0,7.900000000000006,0.0,none,12785982588,-720428928#0,199.2
0.0,0.0,0.0,6.0,0.0,7.899999999999977,0.0,none,12785982588,-720428928#0,199.3
0.0,0.0,0.0,6.0,0.0,5.900000000000006,0.0,none,12785982588,-720428928#0,199.5
0.0,0.0,0.0,6.0,0.0,7.900000000000006,0.0,none,12785982588,-720428928#0,199.6
0.0,0.0,0.0,6.0,0.0,7.900000000000006,0.0,none,12785982588,-720428928#0,199.7
0.0,0.0,0.0,6.0,0.0,7.899999999999977,0.0,none,12785982588,-720428928#0,199.8
0.0,0.0,0.0,6.0,0.0,7.900000000000006,0.0,none,12785982588,-720428928#0,199.9
0.0,0.0,0.0,6.0,0.0,7.900000000000006,0.0,none,12785982588,-720428928#0,200.0
0.0,0.0,0.0,6.0,0.0,7.900000000000006,0.0,none,12785982588,-720428928#0,200.1
0.0,0.0,0.0,6.0,0.0,7.900000000000006,0.0,none,12785982588,-720428928#0,200.2
0.0,0.0,0.0,6.0,0.0,7.899999999999977,0.0,none,12785982588,-720428928#0,200.3
0.0,0.0,0.0,6.0,0.0,5.900000000000006,0.0,none,12785982588,-720428928#0,200.5
0.0,0.0,0.0,6.0,0.0,7.900000000000006,0.0,none,12785982588,-720428928#0,200.6
0.0,0.0,0.0,6.0,0.0,7.900000000000006,0.0,none,12785982588,-720428928#0,200.7
0.0,0.0,0.0,6.0,0.0,7.899999999999977,0.0,none,12785982588,-720428928#0,200.8
0.0,0.0,0.0,6.0,0.0,7.900000000000006,0.0,none,12785982588,-720428928#0,200.9
0.0,0.0,0.0,6.0,0.0,7.900000000000006,0.0,none,12785982588,-720428928#0,201.0
0.0,0.0,0.0,6.0,0.0,7.900000000000006,0.0,none,12785982588,-720428928#0,201.1
0.0,0.0,0.0,6.0,0.0,7.900000000000006,0.0,none,12785982588,-720428928#0,201.2
0.0,0.0,0.0,6.0,0.0,7.899999999999977,0.0,none,12785982588,-720428928#0,201.3
0.0,0.0,0.0,6.0,0.0,5.900000000000006,0.0,none,12785982588,-720428928#0,201.5
0.0,0.0,0.0,6.0,0.0,7.900000000000006,0.0,none,12785982588,-720428928#0,201.6
0.0,0.0,0.0,6.0,0.0,7.900000000000006,0.0,none,12785982588,-720428928#0,201.7
0.0,0.0,0.0,6.0,0.0,7.899999999999977,0.0,none,12785982588,-720428928#0,201.8
0.0,0.0,0.0,6.0,0.0,7.900000000000006,0.0,none,12785982588,-720428928#0,201.9
0.0,0.0,0.0,6.0,0.0,7.900000000000006,0.0,none,12785982588,-720428928#0,202.0
0.0,0.0,0.0,6.0,0.0,7.900000000000006,0.0,none,12785982588,-720428928#0,202.1
0.0,0.0,0.0,6.0,0.0,7.900000000000006,0.0,none,12785982588,-720428928#0,202.2
0.0,0.0,0.0,6.0,0.0,7.899999999999977,0.0,none,12785982588,-720428928#0,202.3
0.0,0.0,0.0,6.0,0.0,5.900000000000006,0.0,none,12785982588,-720428928#0,202.5
0.0,0.0,0.0,6.0,0.0,7.900000000000006,0.0,none,12785982588,-720428928#0,202.6
0.0,0.0,0.0,6.0,0.0,7.900000000000006,0.0,none,12785982588,-720428928#0,202.7
0.0,0.0,0.0,6.0,0.0,7.899999999999977,0.0,none,12785982588,-720428928#0,202.8
0.0,0.0,0.0,6.0,0.0,7.900000000000006,0.0,none,12785982588,-720428928#0,202.9
0.0,0.0,0.0,6.0,0.0,7.900000000000006,0.0,none,12785982588,-720428928#0,203.0
0.0,0.0,0.0,6.0,0.0,7.900000000000006,0.0,none,12785982588,-720428928#0,203.1
0.0,0.0,0.0,6.0,0.0,7.900000000000006,0.0,none,12785982588,-720428928#0,203.2
0.0,0.0,0.0,6.0,0.0,7.899999999999977,0.0,none,12785982588,-720428928#0,203.3
0.0,0.0,0.0,6.0,0.0,5.900000000000006,0.0,none,12785982588,-720428928#0,203.5
0.0,0.0,0.0,6.0,0.0,7.900000000000006,0.0,none,12785982588,-720428928#0,203.6
0.0,0.0,0.0,6.0,0.0,7.900000000000006,0.0,none,12785982588,-720428928#0,203.7
0.0,0.0,0.0,6.0,0.0,7.899999999999977,0.0,none,12785982588,-720428928#0,203.8
0.0,0.0,0.0,6.0,0.0,7.900000000000006,0.0,none,12785982588,-720428928#0,203.9
0.0,0.0,0.0,6.0,0.0,7.900000000000006,0.0,none,12785982588,-720428928#0,204.0
0.0,0.0,0.0,6.0,0.0,7.900000000000006,0.0,none,12785982588,-720428928#0,204.1
0.0,0.0,0.0,6.0,0.0,7.900000000000006,0.0,none,12785982588,-720428928#0,204.2
0.0,0.0,0.0,6.0,0.0,7.899999999999977,0.0,none,12785982588,-720428928#0,204.3
0.0,0.0,0.0,6.0,0.0,5.900000000000006,0.0,none,12785982588,-720428928#0,204.5
0.0,0.0,0.0,6.0,0.0,7.900000000000006,0.0,none,12785982588,-720428928#0,204.6
0.0,0.0,0.0,6.0,0.0,7.900000000000006,0.0,none,12785982588,-720428928#0,204.7
0.0,0.0,0.0,6.0,0.0,7.899999999999977,0.0,none,12785982588,-720428928#0,204.8
0.0,0.0,0.0,6.0,0.0,7.900000000000006,0.0,none,12785982588,-720428928#0,204.9
0.0,0.0,0.0,6.0,0.0,7.900000000000006,0.0,none,12785982588,-720428928#0,205.0
0.0,0.0,0.0,6.0,0.0,7.900000000000006,0.0,none,12785982588,-720428928#0,205.1
0.0,0.0,0.0,6.0,0.0,7.900000000000006,0.0,none,12785982588,-720428928#0,205.2
0.0,0.0,0.0,6.0,0.0,7.899999999999977,0.0,none,12785982588,-720428928#0,205.3
0.0,0.0,0.0,6.0,0.0,5.900000000000006,0.0,none,12785982588,-720428928#0,205.5
0.0,0.0,0.0,6.0,0.0,7.900000000000006,0.0,none,12785982588,-720428928#0,205.6
0.0,0.0,0.0,6.0,0.0,7.900000000000006,0.0,none,12785982588,-720428928#0,205.7
0.0,0.0,0.0,6.0,0.0,7.899999999999977,0.0,none,12785982588,-720428928#0,205.8
0.0,0.0,0.0,6.0,0.0,7.900000000000006,0.0,none,12785982588,-720428928#0,205.9
0.0,0.0,0.0,6.0,0.0,7.900000000000006,0.0,none,12785982588,-720428928#0,206.0
0.0,0.0,0.0,6.0,0.0,7.900000000000006,0.0,none,12785982588,-720428928#0,206.1
0.0,0.0,0.0,6.0,0.0,7.900000000000006,0.0,none,12785982588,-720428928#0,206.2
0.0,0.0,0.0,6.0,0.0,7.899999999999977,0.0,none,12785982588,-720428928#0,206.3
0.0,0.0,0.0,6.0,0.0,5.900000000000006,0.0,none,12785982588,-720428928#0,206.5
0.0,0.0,0.0,6.0,0.0,7.900000000000006,0.0,none,12785982588,-720428928#0,206.6
0.0,0.0,0.0,6.0,0.0,7.900000000000006,0.0,none,12785982588,-720428928#0,206.7
0.0,0.0,0.0,6.0,0.0,7.899999999999977,0.0,none,12785982588,-720428928#0,206.8
0.0,0.0,0.0,6.0,0.0,7.900000000000006,0.0,none,12785982588,-720428928#0,206.9
0.0,0.0,0.0,6.0,0.0,7.900000000000006,0.0,none,12785982588,-720428928#0,207.0
0.0,0.0,0.0,6.0,0.0,7.900000000000006,0.0,none,12785982588,-720428928#0,207.1
0.0,0.0,0.0,6.0,0.0,7.900000000000006,0.0,none,12785982588,-720428928#0,207.2
0.0,0.0,0.0,6.0,0.0,7.899999999999977,0.0,none,12785982588,-720428928#0,207.3
0.0,0.0,0.0,6.0,0.0,5.900000000000006,0.0,none,12785982588,-720428928#0,207.5
0.0,0.0,0.0,6.0,0.0,7.900000000000006,0.0,none,12785982588,-720428928#0,207.6
0.0,0.0,0.0,6.0,0.0,7.900000000000006,0.0,none,12785982588,-720428928#0,207.7
0.0,0.0,0.0,6.0,0.0,7.899999999999977,0.0,none,12785982588,-720428928#0,207.8
0.0,0.0,0.0,6.0,0.0,7.900000000000006,0.0,none,12785982588,-720428928#0,207.9
0.0,0.0,0.0,6.0,0.0,7.900000000000006,0.0,none,12785982588,-720428928#0,208.0
0.0,0.0,0.0,6.0,0.0,7.900000000000006,0.0,none,12785982588,-720428928#0,208.1
0.0,0.0,0.0,6.0,0.0,7.900000000000006,0.0,none,12785982588,-720428928#0,208.2
0.0,0.0,0.0,6.0,0.0,7.899999999999977,0.0,none,12785982588,-720428928#0,208.3
0.0,0.0,0.0,6.0,0.0,5.900000000000006,0.0,none,12785982588,-720428928#0,208.5
0.0,0.0,0.0,6.0,0.0,7.900000000000006,0.0,none,12785982588,-720428928#0,208.6
0.0,0.0,0.0,6.0,0.0,7.900000000000006,0.0,none,12785982588,-720428928#0,208.7
0.0,0.0,0.0,6.0,0.0,7.899999999999977,0.0,none,12785982588,-720428928#0,208.8
0.0,0.0,0.0,6.0,0.0,7.900000000000006,0.0,none,12785982588,-720428928#0,208.9
0.0,0.0,0.0,6.0,0.0,7.900000000000006,0.0,none,12785982588,-720428928#0,209.0
0.0,0.0,0.0,6.0,0.0,7.900000000000006,0.0,none,12785982588,-720428928#0,209.1
0.0,0.0,0.0,6.0,0.0,7.900000000000006,0.0,none,12785982588,-720428928#0,209.2
0.0,0.0,0.0,6.0,0.0,7.899999999999977,0.0,none,12785982588,-720428928#0,209.3
0.0,0.0,0.0,6.0,0.0,5.900000000000006,0.0,none,12785982588,-720428928#0,209.5
0.0,0.0,0.0,6.0,0.0,7.900000000000006,0.0,none,12785982588,-720428928#0,209.6
0.0,0.0,0.0,6.0,0.0,7.900000000000006,0.0,none,12785982588,-720428928#0,209.7
0.0,0.0,0.0,6.0,0.0,7.899999999999977,0.0,none,12785982588,-720428928#0,209.8
0.0,0.0,0.0,6.0,0.0,7.900000000000006,0.0,none,12785982588,-720428928#0,209.9
0.0,0.0,0.0,6.0,0.0,7.900000000000006,0.0,none,12785982588,-720428928#0,210.0
0.0,0.0,0.0,6.0,0.0,7.900000000000006,0.0,none,12785982588,-720428928#0,210.1
0.0,0.0,0.0,6.0,0.0,7.900000000000006,0.0,none,12785982588,-720428928#0,210.2
0.0,0.0,0.0,6.0,0.0,7.899999999999977,0.0,none,12785982588,-720428928#0,210.3
0.0,0.0,0.0,6.0,0.0,5.900000000000006,0.0,none,12785982588,-720428928#0,210.5
0.0,0.0,0.0,6.0,0.0,7.900000000000006,0.0,none,12785982588,-720428928#0,210.6
0.0,0.0,0.0,6.0,0.0,7.900000000000006,0.0,none,12785982588,-720428928#0,210.7
0.0,0.0,0.0,6.0,0.0,7.899999999999977,0.0,none,12785982588,-720428928#0,210.8
0.0,0.0,0.0,6.0,0.0,7.900000000000006,0.0,none,12785982588,-720428928#0,210.9
0.0,0.0,0.0,6.0,0.0,7.900000000000006,0.0,none,12785982588,-720428928#0,211.0
0.0,0.0,0.0,6.0,0.0,7.900000000000006,0.0,none,12785982588,-720428928#0,211.1
0.0,0.0,0.0,6.0,0.0,7.900000000000006,0.0,none,12785982588,-720428928#0,211.2
0.0,0.0,0.0,6.0,0.0,7.899999999999977,0.0,none,12785982588,-720428928#0,211.3
0.0,0.0,0.0,6.0,0.0,5.900000000000006,0.0,none,12785982588,-720428928#0,211.5
0.0,0.0,0.0,6.0,0.0,7.900000000000006,0.0,none,12785982588,-720428928#0,211.6
0.0,0.0,0.0,6.0,0.0,7.900000000000006,0.0,none,12785982588,-720428928#0,211.7
0.0,0.0,0.0,6.0,0.0,7.899999999999977,0.0,none,12785982588,-720428928#0,211.8
0.0,0.0,0.0,6.0,0.0,7.900000000000006,0.0,none,12785982588,-720428928#0,211.9
0.0,0.0,0.0,6.0,0.0,7.900000000000006,0.0,none,12785982588,-720428928#0,212.0
0.0,0.0,0.0,6.0,0.0,7.900000000000006,0.0,none,12785982588,-720428928#0,212.1
0.0,0.0,0.0,6.0,0.0,7.900000000000006,0.0,none,12785982588,-720428928#0,212.2
0.0,0.0,0.0,6.0,0.0,7.899999999999977,0.0,none,12785982588,-720428928#0,212.3
0.0,0.0,0.0,6.0,0.0,5.900000000000006,0.0,none,12785982588,-720428928#0,212.5
0.0,0.0,0.0,6.0,0.0,7.900000000000006,0.0,none,12785982588,-720428928#0,212.6
0.0,0.0,0.0,6.0,0.0,7.900000000000006,0.0,none,12785982588,-720428928#0,212.7
0.0,0.0,0.0,6.0,0.0,7.899999999999977,0.0,none,12785982588,-720428928#0,212.8
0.0,0.0,0.0,6.0,0.0,7.900000000000006,0.0,none,12785982588,-720428928#0,212.9
0.0,0.0,0.0,6.0,0.0,7.900000000000006,0.0,none,12785982588,-720428928#0,213.0
0.0,0.0,0.0,6.0,0.0,7.900000000000006,0.0,none,12785982588,-720428928#0,213.1
0.0,0.0,0.0,6.0,0.0,7.900000000000006,0.0,none,12785982588,-720428928#0,213.2
0.0,0.0,0.0,6.0,0.0,7.899999999999977,0.0,none,12785982588,-720428928#0,213.3
0.0,0.0,0.0,6.0,0.0,5.900000000000006,0.0,none,12785982588,-720428928#0,213.5
0.0,0.0,0.0,6.0,0.0,7.900000000000006,0.0,none,12785982588,-720428928#0,213.6
0.0,0.0,0.0,6.0,0.0,7.900000000000006,0.0,none,12785982588,-720428928#0,213.7
0.0,0.0,0.0,6.0,0.0,7.899999999999977,0.0,none,12785982588,-720428928#0,213.8
0.0,0.0,0.0,6.0,0.0,7.900000000000006,0.0,none,12785982588,-720428928#0,213.9
0.0,0.0,0.0,6.0,0.0,7.900000000000006,0.0,none,12785982588,-720428928#0,214.0
0.0,0.0,0.0,6.0,0.0,7.900000000000006,0.0,none,12785982588,-720428928#0,214.1
0.0,0.0,0.0,6.0,0.0,7.900000000000006,0.0,none,12785982588,-720428928#0,214.2
0.0,0.0,0.0,6.0,0.0,7.899999999999977,0.0,none,12785982588,-720428928#0,214.3
0.0,0.0,0.0,6.0,0.0,5.900000000000006,0.0,none,12785982588,-720428928#0,214.5
0.0,0.0,0.0,6.0,0.0,7.900000000000006,0.0,none,12785982588,-720428928#0,214.6
0.0,0.0,0.0,6.0,0.0,7.900000000000006,0.0,none,12785982588,-720428928#0,214.7
0.0,0.0,0.0,6.0,0.0,7.899999999999977,0.0,none,12785982588,-720428928#0,214.8
0.0,0.0,0.0,6.0,0.0,7.900000000000006,0.0,none,12785982588,-720428928#0,214.9
0.0,0.0,0.0,6.0,0.0,7.900000000000006,0.0,none,12785982588,-720428928#0,215.0
0.0,0.0,0.0,6.0,0.0,7.900000000000006,0.0,none,12785982588,-720428928#0,215.1
0.0,0.0,0.0,6.0,0.0,7.900000000000006,0.0,none,12785982588,-720428928#0,215.2
0.0,0.0,0.0,6.0,0.0,7.899999999999977,0.0,none,12785982588,-720428928#0,215.3
0.0,0.0,0.0,6.0,0.0,5.900000000000006,0.0,none,12785982588,-720428928#0,215.5
0.0,0.0,0.0,6.0,0.0,7.900000000000006,0.0,none,12785982588,-720428928#0,215.6
0.0,0.0,0.0,6.0,0.0,7.900000000000006,0.0,none,12785982588,-720428928#0,215.7
0.0,0.0,0.0,6.0,0.0,7.899999999999977,0.0,none,12785982588,-720428928#0,215.8
0.0,0.0,0.0,6.0,0.0,7.900000000000006,0.0,none,12785982588,-720428928#0,215.9
0.0,0.0,0.0,6.0,0.0,7.900000000000006,0.0,none,12785982588,-720428928#0,216.0
0.0,0.0,0.0,6.0,0.0,7.900000000000006,0.0,none,12785982588,-720428928#0,216.1
0.0,0.0,0.0,6.0,0.0,7.900000000000006,0.0,none,12785982588,-720428928#0,216.2
0.0,0.0,0.0,6.0,0.0,7.899999999999977,0.0,none,12785982588,-720428928#0,216.3
0.0,0.0,0.0,6.0,0.0,5.900000000000006,0.0,none,12785982588,-720428928#0,216.5
0.0,0.0,0.0,6.0,0.0,7.900000000000006,0.0,none,12785982588,-720428928#0,216.6
0.0,0.0,0.0,6.0,0.0,7.900000000000006,0.0,none,12785982588,-720428928#0,216.7
0.0,0.0,0.0,6.0,0.0,7.899999999999977,0.0,none,12785982588,-720428928#0,216.8
0.0,0.0,0.0,6.0,0.0,7.900000000000006,0.0,none,12785982588,-720428928#0,216.9
0.0,0.0,0.0,6.0,0.0,7.900000000000006,0.0,none,12785982588,-720428928#0,217.0
0.0,0.0,0.0,6.0,0.0,7.900000000000006,0.0,none,12785982588,-720428928#0,217.1
0.0,0.0,0.0,6.0,0.0,7.900000000000006,0.0,none,12785982588,-720428928#0,217.2
0.0,0.0,0.0,6.0,0.0,7.899999999999977,0.0,none,12785982588,-720428928#0,217.3
0.0,0.0,0.0,6.0,0.0,5.900000000000006,0.0,none,12785982588,-720428928#0,217.5
0.0,0.0,0.0,6.0,0.0,7.900000000000006,0.0,none,12785982588,-720428928#0,217.6
0.0,0.0,0.0,6.0,0.0,7.900000000000006,0.0,none,12785982588,-720428928#0,217.7
0.0,0.0,0.0,6.0,0.0,7.899999999999977,0.0,none,12785982588,-720428928#0,217.8
0.0,0.0,0.0,6.0,0.0,7.900000000000006,0.0,none,12785982588,-720428928#0,217.9
0.0,0.0,0.0,6.0,0.0,7.900000000000006,0.0,none,12785982588,-720428928#0,218.0
0.0,0.0,0.0,6.0,0.0,7.900000000000006,0.0,none,12785982588,-720428928#0,218.1
0.0,0.0,0.0,6.0,0.0,7.900000000000006,0.0,none,12785982588,-720428928#0,218.2
0.0,0.0,0.0,6.0,0.0,7.899999999999977,0.0,none,12785982588,-720428928#0,218.3
0.0,0.0,0.0,6.0,0.0,5.900000000000006,0.0,none,12785982588,-720428928#0,218.5
0.0,0.0,0.0,6.0,0.0,7.900000000000006,0.0,none,12785982588,-720428928#0,218.6
0.0,0.0,0.0,6.0,0.0,7.900000000000006,0.0,none,12785982588,-720428928#0,218.7
0.0,0.0,0.0,6.0,0.0,7.899999999999977,0.0,none,12785982588,-720428928#0,218.8
0.0,0.0,0.0,6.0,0.0,7.900000000000006,0.0,none,12785982588,-720428928#0,218.9
0.0,0.0,0.0,6.0,0.0,7.900000000000006,0.0,none,12785982588,-720428928#0,219.0
0.0,0.0,0.0,6.0,0.0,7.900000000000006,0.0,none,12785982588,-720428928#0,219.1
0.0,0.0,0.0,6.0,0.0,7.900000000000006,0.0,none,12785982588,-720428928#0,219.2
0.0,0.0,0.0,6.0,0.0,7.899999999999977,0.0,none,12785982588,-720428928#0,219.3
0.0,0.0,0.0,6.0,0.0,5.900000000000006,0.0,none,12785982588,-720428928#0,219.5
0.0,0.0,0.0,6.0,0.0,7.900000000000006,0.0,none,12785982588,-720428928#0,219.6
0.0,0.0,0.0,6.0,0.0,7.900000000000006,0.0,none,12785982588,-720428928#0,219.7
0.0,0.0,0.0,6.0,0.0,7.899999999999977,0.0,none,12785982588,-720428928#0,219.8
0.0,0.0,0.0,6.0,0.0,7.900000000000006,0.0,none,12785982588,-720428928#0,219.9
0.0,0.0,0.0,6.0,0.0,7.900000000000006,0.0,none,12785982588,-720428928#0,220.0
0.0,0.0,0.0,6.0,0.0,7.900000000000006,0.0,none,12785982588,-720428928#0,220.1
0.0,0.0,0.0,6.0,0.0,7.900000000000006,0.0,none,12785982588,-720428928#0,220.2
0.0,0.0,0.0,6.0,0.0,7.899999999999977,0.0,none,12785982588,-720428928#0,220.3
0.0,0.0,0.0,6.0,0.0,5.900000000000006,0.0,none,12785982588,-720428928#0,220.5
0.0,0.0,0.0,6.0,0.0,7.900000000000006,0.0,none,12785982588,-720428928#0,220.6
0.0,0.0,0.0,6.0,0.0,7.900000000000006,0.0,none,12785982588,-720428928#0,220.7
0.0,0.0,0.0,6.0,0.0,7.899999999999977,0.0,none,12785982588,-720428928#0,220.8
0.0,0.0,0.0,6.0,0.0,7.900000000000006,0.0,none,12785982588,-720428928#0,220.9
0.0,0.0,0.0,6.0,0.0,7.900000000000006,0.0,none,12785982588,-720428928#0,221.0
0.0,0.0,0.0,6.0,0.0,7.900000000000006,0.0,none,12785982588,-720428928#0,221.1
0.0,0.0,0.0,6.0,0.0,7.900000000000006,0.0,none,12785982588,-720428928#0,221.2
0.0,0.0,0.0,6.0,0.0,7.899999999999977,0.0,none,12785982588,-720428928#0,221.3
0.0,0.0,0.0,6.0,0.0,5.900000000000006,0.0,none,12785982588,-720428928#0,221.5
0.0,0.0,0.0,6.0,0.0,7.900000000000006,0.0,none,12785982588,-720428928#0,221.6
0.0,0.0,0.0,6.0,0.0,7.900000000000006,0.0,none,12785982588,-720428928#0,221.7
0.0,0.0,0.0,6.0,0.0,7.899999999999977,0.0,none,12785982588,-720428928#0,221.8
0.0,0.0,0.0,6.0,0.0,7.900000000000006,0.0,none,12785982588,-720428928#0,221.9
0.0,0.0,0.0,6.0,0.0,7.900000000000006,0.0,none,12785982588,-720428928#0,222.0
0.0,0.0,0.0,6.0,0.0,7.900000000000006,0.0,none,12785982588,-720428928#0,222.1
0.0,0.0,0.0,6.0,0.0,7.900000000000006,0.0,none,12785982588,-720428928#0,222.2
0.0,0.0,0.0,6.0,0.0,7.899999999999977,0.0,none,12785982588,-720428928#0,222.3
0.0,0.0,0.0,6.0,0.0,5.900000000000006,0.0,none,12785982588,-720428928#0,222.5
0.0,0.0,0.0,6.0,0.0,7.900000000000006,0.0,none,12785982588,-720428928#0,222.6
0.0,0.0,0.0,6.0,0.0,7.900000000000006,0.0,none,12785982588,-720428928#0,222.7
0.0,0.0,0.0,6.0,0.0,7.899999999999977,0.0,none,12785982588,-720428928#0,222.8
0.0,0.0,0.0,6.0,0.0,7.900000000000006,0.0,none,12785982588,-720428928#0,222.9
0.0,0.0,0.0,6.0,0.0,7.900000000000006,0.0,none,12785982588,-720428928#0,223.0
0.0,0.0,0.0,6.0,0.0,7.900000000000006,0.0,none,12785982588,-720428928#0,223.1
0.0,0.0,0.0,6.0,0.0,7.900000000000006,0.0,none,12785982588,-720428928#0,223.2
0.0,0.0,0.0,6.0,0.0,7.899999999999977,0.0,none,12785982588,-720428928#0,223.3
0.0,0.0,0.0,6.0,0.0,5.900000000000006,0.0,none,12785982588,-720428928#0,223.5
0.0,0.0,0.0,6.0,0.0,7.900000000000006,0.0,none,12785982588,-720428928#0,223.6
0.0,0.0,0.0,6.0,0.0,7.900000000000006,0.0,none,12785982588,-720428928#0,223.7
0.0,0.0,0.0,6.0,0.0,7.899999999999977,0.0,none,12785982588,-720428928#0,223.8
0.0,0.0,0.0,6.0,0.0,7.900000000000006,0.0,none,12785982588,-720428928#0,223.9
0.0,0.0,0.0,6.0,0.0,7.900000000000006,0.0,none,12785982588,-720428928#0,224.0
0.0,0.0,0.0,6.0,0.0,7.900000000000006,0.0,none,12785982588,-720428928#0,224.1
0.0,0.0,0.0,6.0,0.0,7.900000000000006,0.0,none,12785982588,-720428928#0,224.2
0.0,0.0,0.0,6.0,0.0,7.899999999999977,0.0,none,12785982588,-720428928#0,224.3
0.0,0.0,0.0,6.0,0.0,5.900000000000006,0.0,none,12785982588,-720428928#0,224.5
0.0,0.0,0.0,6.0,0.0,7.900000000000006,0.0,none,12785982588,-720428928#0,224.6
0.0,0.0,0.0,6.0,0.0,7.900000000000006,0.0,none,12785982588,-720428928#0,224.7
0.0,0.0,0.0,6.0,0.0,7.899999999999977,0.0,none,12785982588,-720428928#0,224.8
0.0,0.0,0.0,6.0,0.0,7.900000000000006,0.0,none,12785982588,-720428928#0,224.9
0.0,0.0,0.0,6.0,0.0,7.900000000000006,0.0,none,12785982588,-720428928#0,225.0
0.0,0.0,0.0,6.0,0.0,7.900000000000006,0.0,none,12785982588,-720428928#0,225.1
0.0,0.0,0.0,6.0,0.0,7.900000000000006,0.0,none,12785982588,-720428928#0,225.2
0.0,0.0,0.0,6.0,0.0,7.899999999999977,0.0,none,12785982588,-720428928#0,225.3
0.0,0.0,0.0,6.0,0.0,5.900000000000006,0.0,none,12785982588,-720428928#0,225.5
0.0,0.0,0.0,6.0,0.0,7.900000000000006,0.0,none,12785982588,-720428928#0,225.6
0.0,0.0,0.0,6.0,0.0,7.900000000000006,0.0,none,12785982588,-720428928#0,225.7
0.0,0.0,0.0,6.0,0.0,7.899999999999977,0.0,none,12785982588,-720428928#0,225.8
0.0,0.0,0.0,6.0,0.0,7.900000000000006,0.0,none,12785982588,-720428928#0,225.9
0.0,0.0,0.0,6.0,0.0,7.900000000000006,0.0,none,12785982588,-720428928#0,226.0
0.0,0.0,0.0,6.0,0.0,7.900000000000006,0.0,none,12785982588,-720428928#0,226.1
0.0,0.0,0.0,6.0,0.0,7.900000000000006,0.0,none,12785982588,-720428928#0,226.2
0.0,0.0,0.0,6.0,0.0,7.899999999999977,0.0,none,12785982588,-720428928#0,226.3
0.0,0.0,0.0,6.0,0.0,5.900000000000006,0.0,none,12785982588,-720428928#0,226.5
0.0,0.0,0.0,6.0,0.0,7.900000000000006,0.0,none,12785982588,-720428928#0,226.6
0.0,0.0,0.0,6.0,0.0,7.900000000000006,0.0,none,12785982588,-720428928#0,226.7
0.0,0.0,0.0,6.0,0.0,7.899999999999977,0.0,none,12785982588,-720428928#0,226.8
0.0,0.0,0.0,6.0,0.0,7.900000000000006,0.0,none,12785982588,-720428928#0,226.9
0.0,0.0,0.0,6.0,0.0,7.900000000000006,0.0,none,12785982588,-720428928#0,227.0
0.0,0.0,0.0,6.0,0.0,7.900000000000006,0.0,none,12785982588,-720428928#0,227.1
0.0,0.0,0.0,6.0,0.0,7.900000000000006,0.0,none,12785982588,-720428928#0,227.2
0.0,0.0,0.0,6.0,0.0,7.899999999999977,0.0,none,12785982588,-720428928#0,227.3
0.0,0.0,0.0,6.0,0.0,5.900000000000006,0.0,none,12785982588,-720428928#0,227.5
0.0,0.0,0.0,6.0,0.0,7.900000000000006,0.0,none,12785982588,-720428928#0,227.6
0.0,0.0,0.0,6.0,0.0,7.900000000000006,0.0,none,12785982588,-720428928#0,227.7
0.0,0.0,0.0,6.0,0.0,7.899999999999977,0.0,none,12785982588,-720428928#0,227.8
0.0,0.0,0.0,6.0,0.0,7.900000000000006,0.0,none,12785982588,-720428928#0,227.9
0.0,0.0,0.0,6.0,0.0,7.900000000000006,0.0,none,12785982588,-720428928#0,228.0
0.0,0.0,0.0,6.0,0.0,7.900000000000006,0.0,none,12785982588,-720428928#0,228.1
0.0,0.0,0.0,6.0,0.0,7.900000000000006,0.0,none,12785982588,-720428928#0,228.2
0.0,0.0,0.0,6.0,0.0,7.899999999999977,0.0,none,12785982588,-720428928#0,228.3
0.0,0.0,0.0,6.0,0.0,5.900000000000006,0.0,none,12785982588,-720428928#0,228.5
0.0,0.0,0.0,6.0,0.0,7.900000000000006,0.0,none,12785982588,-720428928#0,228.6
0.0,0.0,0.0,6.0,0.0,7.900000000000006,0.0,none,12785982588,-720428928#0,228.7
0.0,0.0,0.0,6.0,0.0,7.899999999999977,0.0,none,12785982588,-720428928#0,228.8
0.0,0.0,0.0,6.0,0.0,7.900000000000006,0.0,none,12785982588,-720428928#0,228.9
0.0,0.0,0.0,6.0,0.0,7.900000000000006,0.0,none,12785982588,-720428928#0,229.0
0.0,0.0,0.0,6.0,0.0,7.900000000000006,0.0,none,12785982588,-720428928#0,229.1
0.0,0.0,0.0,6.0,0.0,7.900000000000006,0.0,none,12785982588,-720428928#0,229.2
0.0,0.0,0.0,6.0,0.0,7.899999999999977,0.0,none,12785982588,-720428928#0,229.3
0.0,0.0,0.0,6.0,0.0,5.900000000000006,0.0,none,12785982588,-720428928#0,229.5
0.0,0.0,0.0,6.0,0.0,7.900000000000006,0.0,none,12785982588,-720428928#0,229.6
0.0,0.0,0.0,6.0,0.0,7.900000000000006,0.0,none,12785982588,-720428928#0,229.7
0.0,0.0,0.0,6.0,0.0,7.899999999999977,0.0,none,12785982588,-720428928#0,229.8
0.0,0.0,0.0,6.0,0.0,7.900000000000006,0.0,none,12785982588,-720428928#0,229.9
0.0,0.0,0.0,6.0,0.0,7.900000000000006,0.0,none,12785982588,-720428928#0,230.0
0.0,0.0,0.0,6.0,0.0,7.900000000000006,0.0,none,12785982588,-720428928#0,230.1
0.0,0.0,0.0,6.0,0.0,7.900000000000006,0.0,none,12785982588,-720428928#0,230.2
0.0,0.0,0.0,6.0,0.0,7.899999999999977,0.0,none,12785982588,-720428928#0,230.3
0.0,0.0,0.0,6.0,0.0,5.900000000000006,0.0,none,12785982588,-720428928#0,230.5
0.0,0.0,0.0,6.0,0.0,7.900000000000006,0.0,none,12785982588,-720428928#0,230.6
0.0,0.0,0.0,6.0,0.0,7.900000000000006,0.0,none,12785982588,-720428928#0,230.7
0.0,0.0,0.0,6.0,0.0,7.899999999999977,0.0,none,12785982588,-720428928#0,230.8
0.0,0.0,0.0,6.0,0.0,7.900000000000006,0.0,none,12785982588,-720428928#0,230.9
0.0,0.0,0.0,6.0,0.0,7.900000000000006,0.0,none,12785982588,-720428928#0,231.0
0.0,0.0,0.0,6.0,0.0,7.900000000000006,0.0,none,12785982588,-720428928#0,231.1
0.0,0.0,0.0,6.0,0.0,7.900000000000006,0.0,none,12785982588,-720428928#0,231.2
0.0,0.0,0.0,6.0,0.0,7.899999999999977,0.0,none,12785982588,-720428928#0,231.3
0.0,0.0,0.0,6.0,0.0,5.900000000000006,0.0,none,12785982588,-720428928#0,231.5
0.0,0.0,0.0,6.0,0.0,7.900000000000006,0.0,none,12785982588,-720428928#0,231.6
0.0,0.0,0.0,6.0,0.0,7.900000000000006,0.0,none,12785982588,-720428928#0,231.7
0.0,0.0,0.0,6.0,0.0,7.899999999999977,0.0,none,12785982588,-720428928#0,231.8
0.0,0.0,0.0,6.0,0.0,7.900000000000006,0.0,none,12785982588,-720428928#0,231.9
0.0,0.0,0.0,6.0,0.0,7.900000000000006,0.0,none,12785982588,-720428928#0,232.0
0.0,0.0,0.0,6.0,0.0,7.900000000000006,0.0,none,12785982588,-720428928#0,232.1
0.0,0.0,0.0,6.0,0.0,7.900000000000006,0.0,none,12785982588,-720428928#0,232.2
0.0,0.0,0.0,6.0,0.0,7.899999999999977,0.0,none,12785982588,-720428928#0,232.3
0.0,0.0,0.0,6.0,0.0,5.900000000000006,0.0,none,12785982588,-720428928#0,232.5
0.0,0.0,0.0,6.0,0.0,7.900000000000006,0.0,none,12785982588,-720428928#0,232.6
0.0,0.0,0.0,6.0,0.0,7.900000000000006,0.0,none,12785982588,-720428928#0,232.7
0.0,0.0,0.0,6.0,0.0,7.899999999999977,0.0,none,12785982588,-720428928#0,232.8
0.0,0.0,0.0,6.0,0.0,7.900000000000006,0.0,none,12785982588,-720428928#0,232.9
0.0,0.0,0.0,6.0,0.0,7.900000000000006,0.0,none,12785982588,-720428928#0,233.0
0.0,0.0,0.0,6.0,0.0,7.900000000000006,0.0,none,12785982588,-720428928#0,233.1
0.0,0.0,0.0,6.0,0.0,7.900000000000006,0.0,none,12785982588,-720428928#0,233.2
0.0,0.0,0.0,6.0,0.0,7.899999999999977,0.0,none,12785982588,-720428928#0,233.3
0.0,0.0,0.0,6.0,0.0,5.900000000000006,0.0,none,12785982588,-720428928#0,233.5
0.0,0.0,0.0,6.0,0.0,7.900000000000006,0.0,none,12785982588,-720428928#0,233.6
0.0,0.0,0.0,6.0,0.0,7.900000000000006,0.0,none,12785982588,-720428928#0,233.7
0.0,0.0,0.0,6.0,0.0,7.899999999999977,0.0,none,12785982588,-720428928#0,233.8
0.0,0.0,0.0,6.0,0.0,7.900000000000006,0.0,none,12785982588,-720428928#0,233.9
0.0,0.0,0.0,6.0,0.0,7.900000000000006,0.0,none,12785982588,-720428928#0,234.0
0.0,0.0,0.0,6.0,0.0,7.900000000000006,0.0,none,12785982588,-720428928#0,234.1
0.0,0.0,0.0,6.0,0.0,7.900000000000006,0.0,none,12785982588,-720428928#0,234.2
0.0,0.0,0.0,6.0,0.0,7.899999999999977,0.0,none,12785982588,-720428928#0,234.3
0.0,0.0,0.0,6.0,0.0,5.900000000000006,0.0,none,12785982588,-720428928#0,234.5
0.0,0.0,0.0,6.0,0.0,7.900000000000006,0.0,none,12785982588,-720428928#0,234.6
0.0,0.0,0.0,6.0,0.0,7.900000000000006,0.0,none,12785982588,-720428928#0,234.7
0.0,0.0,0.0,6.0,0.0,7.899999999999977,0.0,none,12785982588,-720428928#0,234.8
0.0,0.0,0.0,6.0,0.0,7.900000000000006,0.0,none,12785982588,-720428928#0,234.9
0.0,0.0,0.0,6.0,0.0,7.900000000000006,0.0,none,12785982588,-720428928#0,235.0
0.0,0.0,0.0,6.0,0.0,7.900000000000006,0.0,none,12785982588,-720428928#0,235.1
0.0,0.0,0.0,6.0,0.0,7.900000000000006,0.0,none,12785982588,-720428928#0,235.2
0.0,0.0,0.0,6.0,0.0,7.899999999999977,0.0,none,12785982588,-720428928#0,235.3
0.0,0.0,0.0,6.0,0.0,5.900000000000006,0.0,none,12785982588,-720428928#0,235.5
0.0,0.0,0.0,6.0,0.0,7.900000000000006,0.0,none,12785982588,-720428928#0,235.6
0.0,0.0,0.0,6.0,0.0,7.900000000000006,0.0,none,12785982588,-720428928#0,235.7
0.0,0.0,0.0,6.0,0.0,7.899999999999977,0.0,none,12785982588,-720428928#0,235.8
0.0,0.0,0.0,6.0,0.0,7.900000000000006,0.0,none,12785982588,-720428928#0,235.9
0.0,0.0,0.0,6.0,0.0,7.900000000000006,0.0,none,12785982588,-720428928#0,236.0
0.0,0.0,0.0,6.0,0.0,7.900000000000006,0.0,none,12785982588,-720428928#0,236.1
0.0,0.0,0.0,6.0,0.0,7.900000000000006,0.0,none,12785982588,-720428928#0,236.2
0.0,0.0,0.0,6.0,0.0,7.899999999999977,0.0,none,12785982588,-720428928#0,236.3
0.0,0.0,0.0,6.0,0.0,5.900000000000006,0.0,none,12785982588,-720428928#0,236.5
0.0,0.0,0.0,6.0,0.0,7.900000000000006,0.0,none,12785982588,-720428928#0,236.6
0.0,0.0,0.0,6.0,0.0,7.900000000000006,0.0,none,12785982588,-720428928#0,236.7
0.0,0.0,0.0,6.0,0.0,7.899999999999977,0.0,none,12785982588,-720428928#0,236.8
0.0,0.0,0.0,6.0,0.0,7.900000000000006,0.0,none,12785982588,-720428928#0,236.9
0.0,0.0,0.0,6.0,0.0,7.900000000000006,0.0,none,12785982588,-720428928#0,237.0
0.0,0.0,0.0,6.0,0.0,7.900000000000006,0.0,none,12785982588,-720428928#0,237.1
0.0,0.0,0.0,6.0,0.0,7.900000000000006,0.0,none,12785982588,-720428928#0,237.2
0.0,0.0,0.0,6.0,0.0,7.899999999999977,0.0,none,12785982588,-720428928#0,237.3
0.0,0.0,0.0,6.0,0.0,5.900000000000006,0.0,none,12785982588,-720428928#0,237.5
0.0,0.0,0.0,6.0,0.0,7.900000000000006,0.0,none,12785982588,-720428928#0,237.6
0.0,0.0,0.0,6.0,0.0,7.900000000000006,0.0,none,12785982588,-720428928#0,237.7
0.0,0.0,0.0,6.0,0.0,7.899999999999977,0.0,none,12785982588,-720428928#0,237.8
0.0,0.0,0.0,6.0,0.0,7.900000000000006,0.0,none,12785982588,-720428928#0,237.9
0.0,0.0,0.0,6.0,0.0,7.900000000000006,0.0,none,12785982588,-720428928#0,238.0
0.0,0.0,0.0,6.0,0.0,7.900000000000006,0.0,none,12785982588,-720428928#0,238.1
0.0,0.0,0.0,6.0,0.0,7.900000000000006,0.0,none,12785982588,-720428928#0,238.2
0.0,0.0,0.0,6.0,0.0,7.899999999999977,0.0,none,12785982588,-720428928#0,238.3
0.0,0.0,0.0,6.0,0.0,5.900000000000006,0.0,none,12785982588,-720428928#0,238.5
0.0,0.0,0.0,6.0,0.0,7.900000000000006,0.0,none,12785982588,-720428928#0,238.6
0.0,0.0,0.0,6.0,0.0,7.900000000000006,0.0,none,12785982588,-720428928#0,238.7
0.0,0.0,0.0,6.0,0.0,7.899999999999977,0.0,none,12785982588,-720428928#0,238.8
0.0,0.0,0.0,6.0,0.0,7.900000000000006,0.0,none,12785982588,-720428928#0,238.9
0.0,0.0,0.0,6.0,0.0,7.900000000000006,0.0,none,12785982588,-720428928#0,239.0
0.0,0.0,0.0,6.0,0.0,7.900000000000006,0.0,none,12785982588,-720428928#0,239.1
0.0,0.0,0.0,6.0,0.0,7.900000000000006,0.0,none,12785982588,-720428928#0,239.2
0.0,0.0,0.0,6.0,0.0,7.899999999999977,0.0,none,12785982588,-720428928#0,239.3
0.0,0.0,0.0,6.0,0.0,5.900000000000006,0.0,none,12785982588,-720428928#0,239.5
0.0,0.0,0.0,6.0,0.0,7.900000000000006,0.0,none,12785982588,-720428928#0,239.6
0.0,0.0,0.0,6.0,0.0,7.900000000000006,0.0,none,12785982588,-720428928#0,239.7
0.0,0.0,0.0,6.0,0.0,7.899999999999977,0.0,none,12785982588,-720428928#0,239.8
0.0,0.0,0.0,6.0,0.0,7.900000000000006,0.0,none,12785982588,-720428928#0,239.9
0.0,0.0,0.0,6.0,0.0,7.900000000000006,0.0,none,12785982588,-720428928#0,240.0
0.0,0.0,0.0,6.0,0.0,7.900000000000006,0.0,none,12785982588,-720428928#0,240.1
0.0,0.0,0.0,6.0,0.0,7.900000000000006,0.0,none,12785982588,-720428928#0,240.2
0.0,0.0,0.0,6.0,0.0,7.899999999999977,0.0,none,12785982588,-720428928#0,240.3
0.0,0.0,0.0,6.0,0.0,5.900000000000006,0.0,none,12785982588,-720428928#0,240.5
0.0,0.0,0.0,6.0,0.0,7.900000000000006,0.0,none,12785982588,-720428928#0,240.6
0.0,0.0,0.0,6.0,0.0,7.900000000000006,0.0,none,12785982588,-720428928#0,240.7
0.0,0.0,0.0,6.0,0.0,7.899999999999977,0.0,none,12785982588,-720428928#0,240.8
0.0,0.0,0.0,6.0,0.0,7.900000000000006,0.0,none,12785982588,-720428928#0,240.9
0.0,0.0,0.0,6.0,0.0,7.900000000000006,0.0,none,12785982588,-720428928#0,241.0
0.0,0.0,0.0,6.0,0.0,7.900000000000006,0.0,none,12785982588,-720428928#0,241.1
0.0,0.0,0.0,6.0,0.0,7.900000000000006,0.0,none,12785982588,-720428928#0,241.2
0.0,0.0,0.0,6.0,0.0,7.899999999999977,0.0,none,12785982588,-720428928#0,241.3
0.0,0.0,0.0,6.0,0.0,5.900000000000006,0.0,none,12785982588,-720428928#0,241.5
0.0,0.0,0.0,6.0,0.0,7.900000000000006,0.0,none,12785982588,-720428928#0,241.6
0.0,0.0,0.0,6.0,0.0,7.900000000000006,0.0,none,12785982588,-720428928#0,241.7
0.0,0.0,0.0,6.0,0.0,7.899999999999977,0.0,none,12785982588,-720428928#0,241.8
0.0,0.0,0.0,6.0,0.0,7.900000000000006,0.0,none,12785982588,-720428928#0,241.9
0.0,0.0,0.0,6.0,0.0,7.900000000000006,0.0,none,12785982588,-720428928#0,242.0
0.0,0.0,0.0,6.0,0.0,7.900000000000006,0.0,none,12785982588,-720428928#0,242.1
0.0,0.0,0.0,6.0,0.0,7.900000000000006,0.0,none,12785982588,-720428928#0,242.2
0.0,0.0,0.0,6.0,0.0,7.899999999999977,0.0,none,12785982588,-720428928#0,242.3
0.0,0.0,0.0,6.0,0.0,5.900000000000006,0.0,none,12785982588,-720428928#0,242.5
0.0,0.0,0.0,6.0,0.0,7.900000000000006,0.0,none,12785982588,-720428928#0,242.6
0.0,0.0,0.0,6.0,0.0,7.900000000000006,0.0,none,12785982588,-720428928#0,242.7
0.0,0.0,0.0,6.0,0.0,7.899999999999977,0.0,none,12785982588,-720428928#0,242.8
0.0,0.0,0.0,6.0,0.0,7.900000000000006,0.0,none,12785982588,-720428928#0,242.9
0.0,0.0,0.0,6.0,0.0,7.900000000000006,0.0,none,12785982588,-720428928#0,243.0
0.0,0.0,0.0,6.0,0.0,7.900000000000006,0.0,none,12785982588,-720428928#0,243.1
0.0,0.0,0.0,6.0,0.0,7.900000000000006,0.0,none,12785982588,-720428928#0,243.2
0.0,0.0,0.0,6.0,0.0,7.899999999999977,0.0,none,12785982588,-720428928#0,243.3
0.0,0.0,0.0,6.0,0.0,5.900000000000006,0.0,none,12785982588,-720428928#0,243.5
0.0,0.0,0.0,6.0,0.0,7.900000000000006,0.0,none,12785982588,-720428928#0,243.6
0.0,0.0,0.0,6.0,0.0,7.900000000000006,0.0,none,12785982588,-720428928#0,243.7
0.0,0.0,0.0,6.0,0.0,7.899999999999977,0.0,none,12785982588,-720428928#0,243.8
0.0,0.0,0.0,6.0,0.0,7.900000000000006,0.0,none,12785982588,-720428928#0,243.9
0.0,0.0,0.0,6.0,0.0,7.900000000000006,0.0,none,12785982588,-720428928#0,244.0
0.0,0.0,0.0,6.0,0.0,7.900000000000006,0.0,none,12785982588,-720428928#0,244.1
0.0,0.0,0.0,6.0,0.0,7.900000000000006,0.0,none,12785982588,-720428928#0,244.2
0.0,0.0,0.0,6.0,0.0,7.899999999999977,0.0,none,12785982588,-720428928#0,244.3
0.0,0.0,0.0,6.0,0.0,5.900000000000006,0.0,none,12785982588,-720428928#0,244.5
0.0,0.0,0.0,6.0,0.0,7.900000000000006,0.0,none,12785982588,-720428928#0,244.6
0.0,0.0,0.0,6.0,0.0,7.900000000000006,0.0,none,12785982588,-720428928#0,244.7
0.0,0.0,0.0,6.0,0.0,7.899999999999977,0.0,none,12785982588,-720428928#0,244.8
0.0,0.0,0.0,6.0,0.0,7.900000000000006,0.0,none,12785982588,-720428928#0,244.9
0.0,0.0,0.0,6.0,0.0,7.900000000000006,0.0,none,12785982588,-720428928#0,245.0
0.0,0.0,0.0,6.0,0.0,7.900000000000006,0.0,none,12785982588,-720428928#0,245.1
0.0,0.0,0.0,6.0,0.0,7.900000000000006,0.0,none,12785982588,-720428928#0,245.2
0.0,0.0,0.0,6.0,0.0,7.899999999999977,0.0,none,12785982588,-720428928#0,245.3
0.0,0.0,0.0,6.0,0.0,5.900000000000006,0.0,none,12785982588,-720428928#0,245.5
0.0,0.0,0.0,6.0,0.0,7.900000000000006,0.0,none,12785982588,-720428928#0,245.6
0.0,0.0,0.0,6.0,0.0,7.900000000000006,0.0,none,12785982588,-720428928#0,245.7
0.0,0.0,0.0,6.0,0.0,7.899999999999977,0.0,none,12785982588,-720428928#0,245.8
0.0,0.0,0.0,6.0,0.0,7.900000000000006,0.0,none,12785982588,-720428928#0,245.9
0.0,0.0,0.0,6.0,0.0,7.900000000000006,0.0,none,12785982588,-720428928#0,246.0
0.0,0.0,0.0,6.0,0.0,7.900000000000006,0.0,none,12785982588,-720428928#0,246.1
0.0,0.0,0.0,6.0,0.0,7.900000000000006,0.0,none,12785982588,-720428928#0,246.2
0.0,0.0,0.0,6.0,0.0,7.899999999999977,0.0,none,12785982588,-720428928#0,246.3
0.0,0.0,0.0,6.0,0.0,5.900000000000006,0.0,none,12785982588,-720428928#0,246.5
0.0,0.0,0.0,6.0,0.0,7.900000000000006,0.0,none,12785982588,-720428928#0,246.6
0.0,0.0,0.0,6.0,0.0,7.900000000000006,0.0,none,12785982588,-720428928#0,246.7
0.0,0.0,0.0,6.0,0.0,7.899999999999977,0.0,none,12785982588,-720428928#0,246.8
0.0,0.0,0.0,6.0,0.0,7.900000000000006,0.0,none,12785982588,-720428928#0,246.9
0.0,0.0,0.0,6.0,0.0,7.900000000000006,0.0,none,12785982588,-720428928#0,247.0
0.0,0.0,0.0,6.0,0.0,7.900000000000006,0.0,none,12785982588,-720428928#0,247.1
0.0,0.0,0.0,6.0,0.0,7.900000000000006,0.0,none,12785982588,-720428928#0,247.2
0.0,0.0,0.0,6.0,0.0,7.899999999999977,0.0,none,12785982588,-720428928#0,247.3
0.0,0.0,0.0,6.0,0.0,5.900000000000006,0.0,none,12785982588,-720428928#0,247.5
0.0,0.0,0.0,6.0,0.0,7.900000000000006,0.0,none,12785982588,-720428928#0,247.6
0.0,0.0,0.0,6.0,0.0,7.900000000000006,0.0,none,12785982588,-720428928#0,247.7
0.0,0.0,0.0,6.0,0.0,7.899999999999977,0.0,none,12785982588,-720428928#0,247.8
0.0,0.0,0.0,6.0,0.0,7.900000000000006,0.0,none,12785982588,-720428928#0,247.9
0.0,0.0,0.0,6.0,0.0,7.900000000000006,0.0,none,12785982588,-720428928#0,248.0
0.0,0.0,0.0,6.0,0.0,7.900000000000006,0.0,none,12785982588,-720428928#0,248.1
0.0,0.0,0.0,6.0,0.0,7.900000000000034,0.0,none,12785982588,-720428928#0,248.2
0.0,0.0,0.0,6.0,0.0,7.899999999999977,0.0,none,12785982588,-720428928#0,248.3
0.0,0.0,0.0,6.0,0.0,5.900000000000006,0.0,none,12785982588,-720428928#0,248.5
0.0,0.0,0.0,6.0,0.0,7.900000000000006,0.0,none,12785982588,-720428928#0,248.6
0.0,0.0,0.0,6.0,0.0,7.900000000000034,0.0,none,12785982588,-720428928#0,248.7
0.0,0.0,0.0,6.0,0.0,7.899999999999977,0.0,none,12785982588,-720428928#0,248.8
0.0,0.0,0.0,6.0,0.0,7.900000000000006,0.0,none,12785982588,-720428928#0,248.9
0.0,0.0,0.0,6.0,0.0,7.899999999999977,0.0,none,12785982588,-720428928#0,249.0
0.0,0.0,0.0,6.0,0.0,7.900000000000006,0.0,none,12785982588,-720428928#0,249.1
0.0,0.0,0.0,6.0,0.0,7.900000000000034,0.0,none,12785982588,-720428928#0,249.2
0.0,0.0,0.0,6.0,0.0,7.899999999999977,0.0,none,12785982588,-720428928#0,249.3
0.0,0.0,0.0,6.0,0.0,5.900000000000006,0.0,none,12785982588,-720428928#0,249.5
0.0,0.0,0.0,6.0,0.0,7.900000000000006,0.0,none,12785982588,-720428928#0,249.6
0.0,0.0,0.0,6.0,0.0,7.900000000000034,0.0,none,12785982588,-720428928#0,249.7
0.0,0.0,0.0,6.0,0.0,7.899999999999977,0.0,none,12785982588,-720428928#0,249.8
0.0,0.0,0.0,6.0,0.0,7.900000000000006,0.0,none,12785982588,-720428928#0,249.9
0.0,0.0,0.0,6.0,0.0,7.899999999999977,0.0,none,12785982588,-720428928#0,250.0
0.0,0.0,0.0,6.0,0.0,7.900000000000006,0.0,none,12785982588,-720428928#0,250.1
0.0,0.0,0.0,6.0,0.0,7.900000000000034,0.0,none,12785982588,-720428928#0,250.2
0.0,0.0,0.0,6.0,0.0,7.899999999999977,0.0,none,12785982588,-720428928#0,250.3
0.0,0.0,0.0,6.0,0.0,5.899999999999977,0.0,none,12785982588,-720428928#0,250.5
0.0,0.0,0.0,6.0,0.0,7.900000000000006,0.0,none,12785982588,-720428928#0,250.6
0.0,0.0,0.0,6.0,0.0,7.900000000000034,0.0,none,12785982588,-720428928#0,250.7
0.0,0.0,0.0,6.0,0.0,7.899999999999977,0.0,none,12785982588,-720428928#0,250.8
0.0,0.0,0.0,6.0,0.0,7.900000000000006,0.0,none,12785982588,-720428928#0,250.9
0.0,0.0,0.0,6.0,0.0,7.899999999999977,0.0,none,12785982588,-720428928#0,251.0
0.0,0.0,0.0,6.0,0.0,7.900000000000006,0.0,none,12785982588,-720428928#0,251.1
0.0,0.0,0.0,6.0,0.0,7.900000000000034,0.0,none,12785982588,-720428928#0,251.2
0.0,0.0,0.0,6.0,0.0,7.899999999999977,0.0,none,12785982588,-720428928#0,251.3
0.0,0.0,0.0,6.0,0.0,5.899999999999977,0.0,none,12785982588,-720428928#0,251.5
0.0,0.0,0.0,6.0,0.0,7.900000000000006,0.0,none,12785982588,-720428928#0,251.6
0.0,0.0,0.0,6.0,0.0,7.900000000000034,0.0,none,12785982588,-720428928#0,251.7
0.0,0.0,0.0,6.0,0.0,7.899999999999977,0.0,none,12785982588,-720428928#0,251.8
0.0,0.0,0.0,6.0,0.0,7.900000000000006,0.0,none,12785982588,-720428928#0,251.9
0.0,0.0,0.0,6.0,0.0,7.899999999999977,0.0,none,12785982588,-720428928#0,252.0
0.0,0.0,0.0,6.0,0.0,7.900000000000006,0.0,none,12785982588,-720428928#0,252.1
0.0,0.0,0.0,6.0,0.0,7.900000000000034,0.0,none,12785982588,-720428928#0,252.2
0.0,0.0,0.0,6.0,0.0,7.899999999999977,0.0,none,12785982588,-720428928#0,252.3
0.0,0.0,0.0,6.0,0.0,5.899999999999977,0.0,none,12785982588,-720428928#0,252.5
0.0,0.0,0.0,6.0,0.0,7.900000000000006,0.0,none,12785982588,-720428928#0,252.6
0.0,0.0,0.0,6.0,0.0,7.900000000000034,0.0,none,12785982588,-720428928#0,252.7
0.0,0.0,0.0,6.0,0.0,7.899999999999977,0.0,none,12785982588,-720428928#0,252.8
0.0,0.0,0.0,6.0,0.0,7.900000000000006,0.0,none,12785982588,-720428928#0,252.9
0.0,0.0,0.0,6.0,0.0,7.899999999999977,0.0,none,12785982588,-720428928#0,253.0
0.0,0.0,0.0,6.0,0.0,7.900000000000006,0.0,none,12785982588,-720428928#0,253.1
0.0,0.0,0.0,6.0,0.0,7.900000000000034,0.0,none,12785982588,-720428928#0,253.2
0.0,0.0,0.0,6.0,0.0,7.899999999999977,0.0,none,12785982588,-720428928#0,253.3
0.0,0.0,0.0,6.0,0.0,5.899999999999977,0.0,none,12785982588,-720428928#0,253.5
0.0,0.0,0.0,6.0,0.0,7.900000000000006,0.0,none,12785982588,-720428928#0,253.6
0.0,0.0,0.0,6.0,0.0,7.900000000000034,0.0,none,12785982588,-720428928#0,253.7
0.0,0.0,0.0,6.0,0.0,7.899999999999977,0.0,none,12785982588,-720428928#0,253.8
0.0,0.0,0.0,6.0,0.0,7.900000000000006,0.0,none,12785982588,-720428928#0,253.9
0.0,0.0,0.0,6.0,0.0,7.899999999999977,0.0,none,12785982588,-720428928#0,254.0
0.0,0.0,0.0,6.0,0.0,7.900000000000006,0.0,none,12785982588,-720428928#0,254.1
0.0,0.0,0.0,6.0,0.0,7.900000000000034,0.0,none,12785982588,-720428928#0,254.2
0.0,0.0,0.0,6.0,0.0,7.899999999999977,0.0,none,12785982588,-720428928#0,254.3
0.0,0.0,0.0,6.0,0.0,5.899999999999977,0.0,none,12785982588,-720428928#0,254.5
0.0,0.0,0.0,6.0,0.0,7.900000000000006,0.0,none,12785982588,-720428928#0,254.6
0.0,0.0,0.0,6.0,0.0,7.900000000000034,0.0,none,12785982588,-720428928#0,254.7
0.0,0.0,0.0,6.0,0.0,7.899999999999977,0.0,none,12785982588,-720428928#0,254.8
0.0,0.0,0.0,6.0,0.0,7.900000000000006,0.0,none,12785982588,-720428928#0,254.9
0.0,0.0,0.0,6.0,0.0,7.899999999999977,0.0,none,12785982588,-720428928#0,255.0
0.0,0.0,0.0,6.0,0.0,7.900000000000006,0.0,none,12785982588,-720428928#0,255.1
0.0,0.0,0.0,6.0,0.0,7.900000000000034,0.0,none,12785982588,-720428928#0,255.2
0.0,0.0,0.0,6.0,0.0,7.899999999999977,0.0,none,12785982588,-720428928#0,255.3
0.0,0.0,0.0,6.0,0.0,5.899999999999977,0.0,none,12785982588,-720428928#0,255.5
0.0,0.0,0.0,6.0,0.0,7.900000000000006,0.0,none,12785982588,-720428928#0,255.6
0.0,0.0,0.0,6.0,0.0,7.900000000000034,0.0,none,12785982588,-720428928#0,255.7
0.0,0.0,0.0,6.0,0.0,7.899999999999977,0.0,none,12785982588,-720428928#0,255.8
0.0,0.0,0.0,6.0,0.0,7.900000000000006,0.0,none,12785982588,-720428928#0,255.9
0.0,0.0,0.0,6.0,0.0,7.899999999999977,0.0,none,12785982588,-720428928#0,256.0
0.0,0.0,0.0,6.0,0.0,7.899999999999977,0.0,none,12785982588,-720428928#0,256.1
0.0,0.0,0.0,6.0,0.0,7.900000000000034,0.0,none,12785982588,-720428928#0,256.2
0.0,0.0,0.0,6.0,0.0,7.899999999999977,0.0,none,12785982588,-720428928#0,256.3
0.0,0.0,0.0,6.0,0.0,7.900000000000034,0.0,none,12785982588,-720428928#0,256.4
0.0,0.0,0.0,6.0,0.0,5.899999999999977,0.0,none,12785982588,-720428928#0,256.6
0.0,0.0,0.0,6.0,0.0,7.900000000000034,0.0,none,12785982588,-720428928#0,256.7
0.0,0.0,0.0,6.0,0.0,7.899999999999977,0.0,none,12785982588,-720428928#0,256.8
0.0,0.0,0.0,6.0,0.0,7.900000000000034,0.0,none,12785982588,-720428928#0,256.9
0.0,0.0,0.0,6.0,0.0,7.899999999999977,0.0,none,12785982588,-720428928#0,257.0
0.0,0.0,0.0,6.0,0.0,7.899999999999977,0.0,none,12785982588,-720428928#0,257.1
0.0,0.0,0.0,6.0,0.0,7.900000000000034,0.0,none,12785982588,-720428928#0,257.2
0.0,0.0,0.0,6.0,0.0,7.899999999999977,0.0,none,12785982588,-720428928#0,257.3
0.0,0.0,0.0,6.0,0.0,7.900000000000034,0.0,none,12785982588,-720428928#0,257.4
0.0,0.0,0.0,6.0,0.0,5.899999999999977,0.0,none,12785982588,-720428928#0,257.6
0.0,0.0,0.0,6.0,0.0,7.900000000000034,0.0,none,12785982588,-720428928#0,257.7
0.0,0.0,0.0,6.0,0.0,7.899999999999977,0.0,none,12785982588,-720428928#0,257.8
0.0,0.0,0.0,6.0,0.0,7.900000000000034,0.0,none,12785982588,-720428928#0,257.9
0.0,0.0,0.0,6.0,0.0,7.899999999999977,0.0,none,12785982588,-720428928#0,258.0
0.0,0.0,0.0,6.0,0.0,7.899999999999977,0.0,none,12785982588,-720428928#0,258.1
0.0,0.0,0.0,6.0,0.0,7.900000000000034,0.0,none,12785982588,-720428928#0,258.2
0.0,0.0,0.0,6.0,0.0,7.899999999999977,0.0,none,12785982588,-720428928#0,258.3
0.0,0.0,0.0,6.0,0.0,7.900000000000034,0.0,none,12785982588,-720428928#0,258.4
0.0,0.0,0.0,6.0,0.0,5.899999999999977,0.0,none,12785982588,-720428928#0,258.6
0.0,0.0,0.0,6.0,0.0,7.900000000000034,0.0,none,12785982588,-720428928#0,258.7
0.0,0.0,0.0,6.0,0.0,7.899999999999977,0.0,none,12785982588,-720428928#0,258.8
0.0,0.0,0.0,6.0,0.0,7.900000000000034,0.0,none,12785982588,-720428928#0,258.9
0.0,0.0,0.0,6.0,0.0,7.899999999999977,0.0,none,12785982588,-720428928#0,259.0
0.0,0.0,0.0,6.0,0.0,7.899999999999977,0.0,none,12785982588,-720428928#0,259.1
0.0,0.0,0.0,6.0,0.0,7.900000000000034,0.0,none,12785982588,-720428928#0,259.2
0.0,0.0,0.0,6.0,0.0,7.899999999999977,0.0,none,12785982588,-720428928#0,259.3
0.0,0.0,0.0,6.0,0.0,7.900000000000034,0.0,none,12785982588,-720428928#0,259.4
0.0,0.0,0.0,6.0,0.0,5.899999999999977,0.0,none,12785982588,-720428928#0,259.6
0.0,0.0,0.0,6.0,0.0,7.900000000000034,0.0,none,12785982588,-720428928#0,259.7
0.0,0.0,0.0,6.0,0.0,7.899999999999977,0.0,none,12785982588,-720428928#0,259.8
0.0,0.0,0.0,6.0,0.0,7.900000000000034,0.0,none,12785982588,-720428928#0,259.9
0.0,0.0,0.0,6.0,0.0,7.899999999999977,0.0,none,12785982588,-720428928#0,260.0
0.0,0.0,0.0,6.0,0.0,7.899999999999977,0.0,none,12785982588,-720428928#0,260.1
0.0,0.0,0.0,6.0,0.0,7.900000000000034,0.0,none,12785982588,-720428928#0,260.2
0.0,0.0,0.0,6.0,0.0,7.899999999999977,0.0,none,12785982588,-720428928#0,260.3
0.0,0.0,0.0,6.0,0.0,7.900000000000034,0.0,none,12785982588,-720428928#0,260.4
0.0,0.0,0.0,6.0,0.0,5.899999999999977,0.0,none,12785982588,-720428928#0,260.6
0.0,0.0,0.0,6.0,0.0,7.900000000000034,0.0,none,12785982588,-720428928#0,260.7
0.0,0.0,0.0,6.0,0.0,7.899999999999977,0.0,none,12785982588,-720428928#0,260.8
0.0,0.0,0.0,6.0,0.0,7.900000000000034,0.0,none,12785982588,-720428928#0,260.9
0.0,0.0,0.0,6.0,0.0,7.899999999999977,0.0,none,12785982588,-720428928#0,261.0
0.0,0.0,0.0,6.0,0.0,7.899999999999977,0.0,none,12785982588,-720428928#0,261.1
0.0,0.0,0.0,6.0,0.0,7.900000000000034,0.0,none,12785982588,-720428928#0,261.2
0.0,0.0,0.0,6.0,0.0,7.899999999999977,0.0,none,12785982588,-720428928#0,261.3
0.0,0.0,0.0,6.0,0.0,7.900000000000034,0.0,none,12785982588,-720428928#0,261.4
0.0,0.0,0.0,6.0,0.0,5.899999999999977,0.0,none,12785982588,-720428928#0,261.6
0.0,0.0,0.0,6.0,0.0,7.900000000000034,0.0,none,12785982588,-720428928#0,261.7
0.0,0.0,0.0,6.0,0.0,7.899999999999977,0.0,none,12785982588,-720428928#0,261.8
0.0,0.0,0.0,6.0,0.0,7.900000000000034,0.0,none,12785982588,-720428928#0,261.9
0.0,0.0,0.0,6.0,0.0,7.899999999999977,0.0,none,12785982588,-720428928#0,262.0
0.0,0.0,0.0,6.0,0.0,7.899999999999977,0.0,none,12785982588,-720428928#0,262.1
0.0,0.0,0.0,6.0,0.0,7.900000000000034,0.0,none,12785982588,-720428928#0,262.2
0.0,0.0,0.0,6.0,0.0,7.899999999999977,0.0,none,12785982588,-720428928#0,262.3
0.0,0.0,0.0,6.0,0.0,7.900000000000034,0.0,none,12785982588,-720428928#0,262.4
0.0,0.0,0.0,6.0,0.0,5.899999999999977,0.0,none,12785982588,-720428928#0,262.6
0.0,0.0,0.0,6.0,0.0,7.900000000000034,0.0,none,12785982588,-720428928#0,262.7
0.0,0.0,0.0,6.0,0.0,7.899999999999977,0.0,none,12785982588,-720428928#0,262.8
0.0,0.0,0.0,6.0,0.0,7.900000000000034,0.0,none,12785982588,-720428928#0,262.9
0.0,0.0,0.0,6.0,0.0,7.899999999999977,0.0,none,12785982588,-720428928#0,263.0
0.0,0.0,0.0,6.0,0.0,7.899999999999977,0.0,none,12785982588,-720428928#0,263.1
0.0,0.0,0.0,6.0,0.0,7.900000000000034,0.0,none,12785982588,-720428928#0,263.2
0.0,0.0,0.0,6.0,0.0,7.899999999999977,0.0,none,12785982588,-720428928#0,263.3
0.0,0.0,0.0,6.0,0.0,7.900000000000034,0.0,none,12785982588,-720428928#0,263.4
0.0,0.0,0.0,6.0,0.0,5.899999999999977,0.0,none,12785982588,-720428928#0,263.6
0.0,0.0,0.0,6.0,0.0,7.900000000000034,0.0,none,12785982588,-720428928#0,263.7
0.0,0.0,0.0,6.0,0.0,7.899999999999977,0.0,none,12785982588,-720428928#0,263.8
0.0,0.0,0.0,6.0,0.0,7.900000000000034,0.0,none,12785982588,-720428928#0,263.9
0.0,0.0,0.0,6.0,0.0,7.899999999999977,0.0,none,12785982588,-720428928#0,264.0
0.0,0.0,0.0,6.0,0.0,7.899999999999977,0.0,none,12785982588,-720428928#0,264.1
0.0,0.0,0.0,6.0,0.0,7.900000000000034,0.0,none,12785982588,-720428928#0,264.2
0.0,0.0,0.0,6.0,0.0,7.899999999999977,0.0,none,12785982588,-720428928#0,264.3
0.0,0.0,0.0,6.0,0.0,7.900000000000034,0.0,none,12785982588,-720428928#0,264.4
0.0,0.0,0.0,6.0,0.0,5.899999999999977,0.0,none,12785982588,-720428928#0,264.6
0.0,0.0,0.0,6.0,0.0,7.900000000000034,0.0,none,12785982588,-720428928#0,264.7
0.0,0.0,0.0,6.0,0.0,7.899999999999977,0.0,none,12785982588,-720428928#0,264.8
0.0,0.0,0.0,6.0,0.0,7.900000000000034,0.0,none,12785982588,-720428928#0,264.9
0.0,0.0,0.0,6.0,0.0,7.899999999999977,0.0,none,12785982588,-720428928#0,265.0
0.0,0.0,0.0,6.0,0.0,7.899999999999977,0.0,none,12785982588,-720428928#0,265.1
0.0,0.0,0.0,6.0,0.0,7.900000000000034,0.0,none,12785982588,-720428928#0,265.2
0.0,0.0,0.0,6.0,0.0,7.899999999999977,0.0,none,12785982588,-720428928#0,265.3
0.0,0.0,0.0,6.0,0.0,7.900000000000034,0.0,none,12785982588,-720428928#0,265.4
0.0,0.0,0.0,6.0,0.0,5.899999999999977,0.0,none,12785982588,-720428928#0,265.6
0.0,0.0,0.0,6.0,0.0,7.900000000000034,0.0,none,12785982588,-720428928#0,265.7
0.0,0.0,0.0,6.0,0.0,7.899999999999977,0.0,none,12785982588,-720428928#0,265.8
0.0,0.0,0.0,6.0,0.0,7.900000000000034,0.0,none,12785982588,-720428928#0,265.9
0.0,0.0,0.0,6.0,0.0,7.899999999999977,0.0,none,12785982588,-720428928#0,266.0
0.0,0.0,0.0,6.0,0.0,7.899999999999977,0.0,none,12785982588,-720428928#0,266.1
0.0,0.0,0.0,6.0,0.0,7.900000000000034,0.0,none,12785982588,-720428928#0,266.2
0.0,0.0,0.0,6.0,0.0,7.899999999999977,0.0,none,12785982588,-720428928#0,266.3
0.0,0.0,0.0,6.0,0.0,7.900000000000034,0.0,none,12785982588,-720428928#0,266.4
0.0,0.0,0.0,6.0,0.0,5.899999999999977,0.0,none,12785982588,-720428928#0,266.6
0.0,0.0,0.0,6.0,0.0,7.900000000000034,0.0,none,12785982588,-720428928#0,266.7
0.0,0.0,0.0,6.0,0.0,7.899999999999977,0.0,none,12785982588,-720428928#0,266.8
0.0,0.0,0.0,6.0,0.0,7.900000000000034,0.0,none,12785982588,-720428928#0,266.9
0.0,0.0,0.0,6.0,0.0,7.899999999999977,0.0,none,12785982588,-720428928#0,267.0
0.0,0.0,0.0,6.0,0.0,7.899999999999977,0.0,none,12785982588,-720428928#0,267.1
0.0,0.0,0.0,6.0,0.0,7.900000000000034,0.0,none,12785982588,-720428928#0,267.2
0.0,0.0,0.0,6.0,0.0,7.899999999999977,0.0,none,12785982588,-720428928#0,267.3
0.0,0.0,0.0,6.0,0.0,7.900000000000034,0.0,none,12785982588,-720428928#0,267.4
0.0,0.0,0.0,6.0,0.0,5.899999999999977,0.0,none,12785982588,-720428928#0,267.6
0.0,0.0,0.0,6.0,0.0,7.900000000000034,0.0,none,12785982588,-720428928#0,267.7
0.0,0.0,0.0,6.0,0.0,7.899999999999977,0.0,none,12785982588,-720428928#0,267.8
0.0,0.0,0.0,6.0,0.0,7.900000000000034,0.0,none,12785982588,-720428928#0,267.9
0.0,0.0,0.0,6.0,0.0,7.899999999999977,0.0,none,12785982588,-720428928#0,268.0
0.0,0.0,0.0,6.0,0.0,7.899999999999977,0.0,none,12785982588,-720428928#0,268.1
0.0,0.0,0.0,6.0,0.0,7.900000000000034,0.0,none,12785982588,-720428928#0,268.2
0.0,0.0,0.0,6.0,0.0,7.899999999999977,0.0,none,12785982588,-720428928#0,268.3
0.0,0.0,0.0,6.0,0.0,7.900000000000034,0.0,none,12785982588,-720428928#0,268.4
0.0,0.0,0.0,6.0,0.0,5.899999999999977,0.0,none,12785982588,-720428928#0,268.6
0.0,0.0,0.0,6.0,0.0,7.900000000000034,0.0,none,12785982588,-720428928#0,268.7
0.0,0.0,0.0,6.0,0.0,7.899999999999977,0.0,none,12785982588,-720428928#0,268.8
0.0,0.0,0.0,6.0,0.0,7.900000000000034,0.0,none,12785982588,-720428928#0,268.9
0.0,0.0,0.0,6.0,0.0,7.899999999999977,0.0,none,12785982588,-720428928#0,269.0
0.0,0.0,0.0,6.0,0.0,7.899999999999977,0.0,none,12785982588,-720428928#0,269.1
0.0,0.0,0.0,6.0,0.0,7.900000000000034,0.0,none,12785982588,-720428928#0,269.2
0.0,0.0,0.0,6.0,0.0,7.899999999999977,0.0,none,12785982588,-720428928#0,269.3
0.0,0.0,0.0,6.0,0.0,7.900000000000034,0.0,none,12785982588,-720428928#0,269.4
0.0,0.0,0.0,6.0,0.0,5.899999999999977,0.0,none,12785982588,-720428928#0,269.6
0.0,0.0,0.0,6.0,0.0,7.900000000000034,0.0,none,12785982588,-720428928#0,269.7
0.0,0.0,0.0,6.0,0.0,7.899999999999977,0.0,none,12785982588,-720428928#0,269.8
0.0,0.0,0.0,6.0,0.0,7.900000000000034,0.0,none,12785982588,-720428928#0,269.9
0.0,0.0,0.0,6.0,0.0,7.899999999999977,0.0,none,12785982588,-720428928#0,270.0
0.0,0.0,0.0,6.0,0.0,7.899999999999977,0.0,none,12785982588,-720428928#0,270.1
0.0,0.0,0.0,6.0,0.0,7.900000000000034,0.0,none,12785982588,-720428928#0,270.2
0.0,0.0,0.0,6.0,0.0,7.899999999999977,0.0,none,12785982588,-720428928#0,270.3
0.0,0.0,0.0,6.0,0.0,7.900000000000034,0.0,none,12785982588,-720428928#0,270.4
0.0,0.0,0.0,6.0,0.0,5.899999999999977,0.0,none,12785982588,-720428928#0,270.6
0.0,0.0,0.0,6.0,0.0,7.900000000000034,0.0,none,12785982588,-720428928#0,270.7
0.0,0.0,0.0,6.0,0.0,7.899999999999977,0.0,none,12785982588,-720428928#0,270.8
0.0,0.0,0.0,6.0,0.0,7.900000000000034,0.0,none,12785982588,-720428928#0,270.9
0.0,0.0,0.0,6.0,0.0,7.899999999999977,0.0,none,12785982588,-720428928#0,271.0
0.0,0.0,0.0,6.0,0.0,7.899999999999977,0.0,none,12785982588,-720428928#0,271.1
0.0,0.0,0.0,6.0,0.0,7.900000000000034,0.0,none,12785982588,-720428928#0,271.2
0.0,0.0,0.0,6.0,0.0,7.899999999999977,0.0,none,12785982588,-720428928#0,271.3
0.0,0.0,0.0,6.0,0.0,7.900000000000034,0.0,none,12785982588,-720428928#0,271.4
0.0,0.0,0.0,6.0,0.0,5.899999999999977,0.0,none,12785982588,-720428928#0,271.6
0.0,0.0,0.0,6.0,0.0,7.900000000000034,0.0,none,12785982588,-720428928#0,271.7
0.0,0.0,0.0,6.0,0.0,7.899999999999977,0.0,none,12785982588,-720428928#0,271.8
0.0,0.0,0.0,6.0,0.0,7.900000000000034,0.0,none,12785982588,-720428928#0,271.9
0.0,0.0,0.0,6.0,0.0,7.899999999999977,0.0,none,12785982588,-720428928#0,272.0
0.0,0.0,0.0,6.0,0.0,7.899999999999977,0.0,none,12785982588,-720428928#0,272.1
0.0,0.0,0.0,6.0,0.0,7.900000000000034,0.0,none,12785982588,-720428928#0,272.2
0.0,0.0,0.0,6.0,0.0,7.899999999999977,0.0,none,12785982588,-720428928#0,272.3
0.0,0.0,0.0,6.0,0.0,7.900000000000034,0.0,none,12785982588,-720428928#0,272.4
0.0,0.0,0.0,6.0,0.0,5.899999999999977,0.0,none,12785982588,-720428928#0,272.6
0.0,0.0,0.0,6.0,0.0,7.900000000000034,0.0,none,12785982588,-720428928#0,272.7
0.0,0.0,0.0,6.0,0.0,7.899999999999977,0.0,none,12785982588,-720428928#0,272.8
0.0,0.0,0.0,6.0,0.0,7.900000000000034,0.0,none,12785982588,-720428928#0,272.9
0.0,0.0,0.0,6.0,0.0,7.899999999999977,0.0,none,12785982588,-720428928#0,273.0
0.0,0.0,0.0,6.0,0.0,7.899999999999977,0.0,none,12785982588,-720428928#0,273.1
0.0,0.0,0.0,6.0,0.0,7.900000000000034,0.0,none,12785982588,-720428928#0,273.2
0.0,0.0,0.0,6.0,0.0,7.899999999999977,0.0,none,12785982588,-720428928#0,273.3
0.0,0.0,0.0,6.0,0.0,7.900000000000034,0.0,none,12785982588,-720428928#0,273.4
0.0,0.0,0.0,6.0,0.0,5.899999999999977,0.0,none,12785982588,-720428928#0,273.6
0.0,0.0,0.0,6.0,0.0,7.900000000000034,0.0,none,12785982588,-720428928#0,273.7
0.0,0.0,0.0,6.0,0.0,7.899999999999977,0.0,none,12785982588,-720428928#0,273.8
0.0,0.0,0.0,6.0,0.0,7.900000000000034,0.0,none,12785982588,-720428928#0,273.9
0.0,0.0,0.0,6.0,0.0,7.899999999999977,0.0,none,12785982588,-720428928#0,274.0
0.0,0.0,0.0,6.0,0.0,7.899999999999977,0.0,none,12785982588,-720428928#0,274.1
0.0,0.0,0.0,6.0,0.0,7.900000000000034,0.0,none,12785982588,-720428928#0,274.2
0.0,0.0,0.0,6.0,0.0,7.899999999999977,0.0,none,12785982588,-720428928#0,274.3
0.0,0.0,0.0,6.0,0.0,7.900000000000034,0.0,none,12785982588,-720428928#0,274.4
0.0,0.0,0.0,6.0,0.0,5.899999999999977,0.0,none,12785982588,-720428928#0,274.6
0.0,0.0,0.0,6.0,0.0,7.900000000000034,0.0,none,12785982588,-720428928#0,274.7
0.0,0.0,0.0,6.0,0.0,7.899999999999977,0.0,none,12785982588,-720428928#0,274.8
0.0,0.0,0.0,6.0,0.0,7.900000000000034,0.0,none,12785982588,-720428928#0,274.9
0.0,0.0,0.0,6.0,0.0,7.899999999999977,0.0,none,12785982588,-720428928#0,275.0
0.0,0.0,0.0,6.0,0.0,7.899999999999977,0.0,none,12785982588,-720428928#0,275.1
0.0,0.0,0.0,6.0,0.0,7.900000000000034,0.0,none,12785982588,-720428928#0,275.2
0.0,0.0,0.0,6.0,0.0,7.899999999999977,0.0,none,12785982588,-720428928#0,275.3
0.0,0.0,0.0,6.0,0.0,7.900000000000034,0.0,none,12785982588,-720428928#0,275.4
0.0,0.0,0.0,6.0,0.0,5.899999999999977,0.0,none,12785982588,-720428928#0,275.6
0.0,0.0,0.0,6.0,0.0,7.900000000000034,0.0,none,12785982588,-720428928#0,275.7
0.0,0.0,0.0,6.0,0.0,7.899999999999977,0.0,none,12785982588,-720428928#0,275.8
0.0,0.0,0.0,6.0,0.0,7.900000000000034,0.0,none,12785982588,-720428928#0,275.9
0.0,0.0,0.0,6.0,0.0,7.899999999999977,0.0,none,12785982588,-720428928#0,276.0
0.0,0.0,0.0,6.0,0.0,7.899999999999977,0.0,none,12785982588,-720428928#0,276.1
0.0,0.0,0.0,6.0,0.0,7.900000000000034,0.0,none,12785982588,-720428928#0,276.2
0.0,0.0,0.0,6.0,0.0,7.899999999999977,0.0,none,12785982588,-720428928#0,276.3
0.0,0.0,0.0,6.0,0.0,7.900000000000034,0.0,none,12785982588,-720428928#0,276.4
0.0,0.0,0.0,6.0,0.0,5.899999999999977,0.0,none,12785982588,-720428928#0,276.6
0.0,0.0,0.0,6.0,0.0,7.900000000000034,0.0,none,12785982588,-720428928#0,276.7
0.0,0.0,0.0,6.0,0.0,7.899999999999977,0.0,none,12785982588,-720428928#0,276.8
0.0,0.0,0.0,6.0,0.0,7.900000000000034,0.0,none,12785982588,-720428928#0,276.9
0.0,0.0,0.0,6.0,0.0,7.899999999999977,0.0,none,12785982588,-720428928#0,277.0
0.0,0.0,0.0,6.0,0.0,7.899999999999977,0.0,none,12785982588,-720428928#0,277.1
0.0,0.0,0.0,6.0,0.0,7.900000000000034,0.0,none,12785982588,-720428928#0,277.2
0.0,0.0,0.0,6.0,0.0,7.899999999999977,0.0,none,12785982588,-720428928#0,277.3
0.0,0.0,0.0,6.0,0.0,7.900000000000034,0.0,none,12785982588,-720428928#0,277.4
0.0,0.0,0.0,6.0,0.0,5.899999999999977,0.0,none,12785982588,-720428928#0,277.6
0.0,0.0,0.0,6.0,0.0,7.900000000000034,0.0,none,12785982588,-720428928#0,277.7
0.0,0.0,0.0,6.0,0.0,7.899999999999977,0.0,none,12785982588,-720428928#0,277.8
0.0,0.0,0.0,6.0,0.0,7.900000000000034,0.0,none,12785982588,-720428928#0,277.9
0.0,0.0,0.0,6.0,0.0,7.899999999999977,0.0,none,12785982588,-720428928#0,278.0
0.0,0.0,0.0,6.0,0.0,7.899999999999977,0.0,none,12785982588,-720428928#0,278.1
0.0,0.0,0.0,6.0,0.0,7.900000000000034,0.0,none,12785982588,-720428928#0,278.2
0.0,0.0,0.0,6.0,0.0,7.899999999999977,0.0,none,12785982588,-720428928#0,278.3
0.0,0.0,0.0,6.0,0.0,7.900000000000034,0.0,none,12785982588,-720428928#0,278.4
0.0,0.0,0.0,6.0,0.0,5.899999999999977,0.0,none,12785982588,-720428928#0,278.6
0.0,0.0,0.0,6.0,0.0,7.900000000000034,0.0,none,12785982588,-720428928#0,278.7
0.0,0.0,0.0,6.0,0.0,7.899999999999977,0.0,none,12785982588,-720428928#0,278.8
0.0,0.0,0.0,6.0,0.0,7.900000000000034,0.0,none,12785982588,-720428928#0,278.9
0.0,0.0,0.0,6.0,0.0,7.899999999999977,0.0,none,12785982588,-720428928#0,279.0
0.0,0.0,0.0,6.0,0.0,7.899999999999977,0.0,none,12785982588,-720428928#0,279.1
0.0,0.0,0.0,6.0,0.0,7.900000000000034,0.0,none,12785982588,-720428928#0,279.2
0.0,0.0,0.0,6.0,0.0,7.899999999999977,0.0,none,12785982588,-720428928#0,279.3
0.0,0.0,0.0,6.0,0.0,7.900000000000034,0.0,none,12785982588,-720428928#0,279.4
0.0,0.0,0.0,6.0,0.0,5.899999999999977,0.0,none,12785982588,-720428928#0,279.6
0.0,0.0,0.0,6.0,0.0,7.900000000000034,0.0,none,12785982588,-720428928#0,279.7
0.0,0.0,0.0,6.0,0.0,7.899999999999977,0.0,none,12785982588,-720428928#0,279.8
0.0,0.0,0.0,6.0,0.0,7.900000000000034,0.0,none,12785982588,-720428928#0,279.9
0.0,0.0,0.0,6.0,0.0,7.899999999999977,0.0,none,12785982588,-720428928#0,280.0
0.0,0.0,0.0,6.0,0.0,7.899999999999977,0.0,none,12785982588,-720428928#0,280.1
0.0,0.0,0.0,6.0,0.0,7.900000000000034,0.0,none,12785982588,-720428928#0,280.2
0.0,0.0,0.0,6.0,0.0,7.899999999999977,0.0,none,12785982588,-720428928#0,280.3
0.0,0.0,0.0,6.0,0.0,7.900000000000034,0.0,none,12785982588,-720428928#0,280.4
0.0,0.0,0.0,6.0,0.0,5.899999999999977,0.0,none,12785982588,-720428928#0,280.6
0.0,0.0,0.0,6.0,0.0,7.900000000000034,0.0,none,12785982588,-720428928#0,280.7
0.0,0.0,0.0,6.0,0.0,7.899999999999977,0.0,none,12785982588,-720428928#0,280.8
0.0,0.0,0.0,6.0,0.0,7.900000000000034,0.0,none,12785982588,-720428928#0,280.9
0.0,0.0,0.0,6.0,0.0,7.899999999999977,0.0,none,12785982588,-720428928#0,281.0
0.0,0.0,0.0,6.0,0.0,7.899999999999977,0.0,none,12785982588,-720428928#0,281.1
0.0,0.0,0.0,6.0,0.0,7.900000000000034,0.0,none,12785982588,-720428928#0,281.2
0.0,0.0,0.0,6.0,0.0,7.899999999999977,0.0,none,12785982588,-720428928#0,281.3
0.0,0.0,0.0,6.0,0.0,7.900000000000034,0.0,none,12785982588,-720428928#0,281.4
0.0,0.0,0.0,6.0,0.0,5.899999999999977,0.0,none,12785982588,-720428928#0,281.6
0.0,0.0,0.0,6.0,0.0,7.900000000000034,0.0,none,12785982588,-720428928#0,281.7
0.0,0.0,0.0,6.0,0.0,7.899999999999977,0.0,none,12785982588,-720428928#0,281.8
0.0,0.0,0.0,6.0,0.0,7.900000000000034,0.0,none,12785982588,-720428928#0,281.9
0.0,0.0,0.0,6.0,0.0,7.899999999999977,0.0,none,12785982588,-720428928#0,282.0
0.0,0.0,0.0,6.0,0.0,7.899999999999977,0.0,none,12785982588,-720428928#0,282.1
0.0,0.0,0.0,6.0,0.0,7.900000000000034,0.0,none,12785982588,-720428928#0,282.2
0.0,0.0,0.0,6.0,0.0,7.899999999999977,0.0,none,12785982588,-720428928#0,282.3
0.0,0.0,0.0,6.0,0.0,7.900000000000034,0.0,none,12785982588,-720428928#0,282.4
0.0,0.0,0.0,6.0,0.0,5.899999999999977,0.0,none,12785982588,-720428928#0,282.6
0.0,0.0,0.0,6.0,0.0,7.900000000000034,0.0,none,12785982588,-720428928#0,282.7
0.0,0.0,0.0,6.0,0.0,7.899999999999977,0.0,none,12785982588,-720428928#0,282.8
0.0,0.0,0.0,6.0,0.0,7.900000000000034,0.0,none,12785982588,-720428928#0,282.9
0.0,0.0,0.0,6.0,0.0,7.899999999999977,0.0,none,12785982588,-720428928#0,283.0
0.0,0.0,0.0,6.0,0.0,7.899999999999977,0.0,none,12785982588,-720428928#0,283.1
0.0,0.0,0.0,6.0,0.0,7.900000000000034,0.0,none,12785982588,-720428928#0,283.2
0.0,0.0,0.0,6.0,0.0,7.899999999999977,0.0,none,12785982588,-720428928#0,283.3
0.0,0.0,0.0,6.0,0.0,7.900000000000034,0.0,none,12785982588,-720428928#0,283.4
0.0,0.0,0.0,6.0,0.0,5.899999999999977,0.0,none,12785982588,-720428928#0,283.6
0.0,0.0,0.0,6.0,0.0,7.900000000000034,0.0,none,12785982588,-720428928#0,283.7
0.0,0.0,0.0,6.0,0.0,7.899999999999977,0.0,none,12785982588,-720428928#0,283.8
0.0,0.0,0.0,6.0,0.0,7.900000000000034,0.0,none,12785982588,-720428928#0,283.9
0.0,0.0,0.0,6.0,0.0,7.899999999999977,0.0,none,12785982588,-720428928#0,284.0
0.0,0.0,0.0,6.0,0.0,7.899999999999977,0.0,none,12785982588,-720428928#0,284.1
0.0,0.0,0.0,6.0,0.0,7.900000000000034,0.0,none,12785982588,-720428928#0,284.2
0.0,0.0,0.0,6.0,0.0,7.899999999999977,0.0,none,12785982588,-720428928#0,284.3
0.0,0.0,0.0,6.0,0.0,7.900000000000034,0.0,none,12785982588,-720428928#0,284.4
0.0,0.0,0.0,6.0,0.0,5.899999999999977,0.0,none,12785982588,-720428928#0,284.6
0.0,0.0,0.0,6.0,0.0,7.900000000000034,0.0,none,12785982588,-720428928#0,284.7
0.0,0.0,0.0,6.0,0.0,7.899999999999977,0.0,none,12785982588,-720428928#0,284.8
0.0,0.0,0.0,6.0,0.0,7.900000000000034,0.0,none,12785982588,-720428928#0,284.9
0.0,0.0,0.0,6.0,0.0,7.899999999999977,0.0,none,12785982588,-720428928#0,285.0
0.0,0.0,0.0,6.0,0.0,7.899999999999977,0.0,none,12785982588,-720428928#0,285.1
0.0,0.0,0.0,6.0,0.0,7.900000000000034,0.0,none,12785982588,-720428928#0,285.2
0.0,0.0,0.0,6.0,0.0,7.899999999999977,0.0,none,12785982588,-720428928#0,285.3
0.0,0.0,0.0,6.0,0.0,7.900000000000034,0.0,none,12785982588,-720428928#0,285.4
0.0,0.0,0.0,6.0,0.0,5.899999999999977,0.0,none,12785982588,-720428928#0,285.6
0.0,0.0,0.0,6.0,0.0,7.900000000000034,0.0,none,12785982588,-720428928#0,285.7
0.0,0.0,0.0,6.0,0.0,7.899999999999977,0.0,none,12785982588,-720428928#0,285.8
0.0,0.0,0.0,6.0,0.0,7.900000000000034,0.0,none,12785982588,-720428928#0,285.9
0.0,0.0,0.0,6.0,0.0,7.899999999999977,0.0,none,12785982588,-720428928#0,286.0
0.0,0.0,0.0,6.0,0.0,7.899999999999977,0.0,none,12785982588,-720428928#0,286.1
0.0,0.0,0.0,6.0,0.0,7.900000000000034,0.0,none,12785982588,-720428928#0,286.2
0.0,0.0,0.0,6.0,0.0,7.899999999999977,0.0,none,12785982588,-720428928#0,286.3
0.0,0.0,0.0,6.0,0.0,7.900000000000034,0.0,none,12785982588,-720428928#0,286.4
0.0,0.0,0.0,6.0,0.0,5.899999999999977,0.0,none,12785982588,-720428928#0,286.6
0.0,0.0,0.0,6.0,0.0,7.900000000000034,0.0,none,12785982588,-720428928#0,286.7
0.0,0.0,0.0,6.0,0.0,7.899999999999977,0.0,none,12785982588,-720428928#0,286.8
0.0,0.0,0.0,6.0,0.0,7.900000000000034,0.0,none,12785982588,-720428928#0,286.9
0.0,0.0,0.0,6.0,0.0,7.899999999999977,0.0,none,12785982588,-720428928#0,287.0
0.0,0.0,0.0,6.0,0.0,7.899999999999977,0.0,none,12785982588,-720428928#0,287.1
0.0,0.0,0.0,6.0,0.0,7.900000000000034,0.0,none,12785982588,-720428928#0,287.2
0.0,0.0,0.0,6.0,0.0,7.899999999999977,0.0,none,12785982588,-720428928#0,287.3
0.0,0.0,0.0,6.0,0.0,7.900000000000034,0.0,none,12785982588,-720428928#0,287.4
0.0,0.0,0.0,6.0,0.0,5.899999999999977,0.0,none,12785982588,-720428928#0,287.6
0.0,0.0,0.0,6.0,0.0,7.900000000000034,0.0,none,12785982588,-720428928#0,287.7
0.0,0.0,0.0,6.0,0.0,7.899999999999977,0.0,none,12785982588,-720428928#0,287.8
0.0,0.0,0.0,6.0,0.0,7.900000000000034,0.0,none,12785982588,-720428928#0,287.9
0.0,0.0,0.0,6.0,0.0,7.899999999999977,0.0,none,12785982588,-720428928#0,288.0
0.0,0.0,0.0,6.0,0.0,7.899999999999977,0.0,none,12785982588,-720428928#0,288.1
0.0,0.0,0.0,6.0,0.0,7.900000000000034,0.0,none,12785982588,-720428928#0,288.2
0.0,0.0,0.0,6.0,0.0,7.899999999999977,0.0,none,12785982588,-720428928#0,288.3
0.0,0.0,0.0,6.0,0.0,7.900000000000034,0.0,none,12785982588,-720428928#0,288.4
0.0,0.0,0.0,6.0,0.0,5.899999999999977,0.0,none,12785982588,-720428928#0,288.6
0.0,0.0,0.0,6.0,0.0,7.900000000000034,0.0,none,12785982588,-720428928#0,288.7
0.0,0.0,0.0,6.0,0.0,7.899999999999977,0.0,none,12785982588,-720428928#0,288.8
0.0,0.0,0.0,6.0,0.0,7.900000000000034,0.0,none,12785982588,-720428928#0,288.9
0.0,0.0,0.0,6.0,0.0,7.899999999999977,0.0,none,12785982588,-720428928#0,289.0
0.0,0.0,0.0,6.0,0.0,7.899999999999977,0.0,none,12785982588,-720428928#0,289.1
0.0,0.0,0.0,6.0,0.0,7.900000000000034,0.0,none,12785982588,-720428928#0,289.2
0.0,0.0,0.0,6.0,0.0,7.899999999999977,0.0,none,12785982588,-720428928#0,289.3
0.0,0.0,0.0,6.0,0.0,7.900000000000034,0.0,none,12785982588,-720428928#0,289.4
0.0,0.0,0.0,6.0,0.0,5.899999999999977,0.0,none,12785982588,-720428928#0,289.6
0.0,0.0,0.0,6.0,0.0,7.900000000000034,0.0,none,12785982588,-720428928#0,289.7
0.0,0.0,0.0,6.0,0.0,7.899999999999977,0.0,none,12785982588,-720428928#0,289.8
0.0,0.0,0.0,6.0,0.0,7.900000000000034,0.0,none,12785982588,-720428928#0,289.9
0.0,0.0,0.0,6.0,0.0,7.899999999999977,0.0,none,12785982588,-720428928#0,290.0
0.0,0.0,0.0,6.0,0.0,7.899999999999977,0.0,none,12785982588,-720428928#0,290.1
0.0,0.0,0.0,6.0,0.0,7.900000000000034,0.0,none,12785982588,-720428928#0,290.2
0.0,0.0,0.0,6.0,0.0,7.899999999999977,0.0,none,12785982588,-720428928#0,290.3
0.0,0.0,0.0,6.0,0.0,7.900000000000034,0.0,none,12785982588,-720428928#0,290.4
0.0,0.0,0.0,6.0,0.0,5.899999999999977,0.0,none,12785982588,-720428928#0,290.6
0.0,0.0,0.0,6.0,0.0,7.900000000000034,0.0,none,12785982588,-720428928#0,290.7
0.0,0.0,0.0,6.0,0.0,7.899999999999977,0.0,none,12785982588,-720428928#0,290.8
0.0,0.0,0.0,6.0,0.0,7.900000000000034,0.0,none,12785982588,-720428928#0,290.9
0.0,0.0,0.0,6.0,0.0,7.899999999999977,0.0,none,12785982588,-720428928#0,291.0
0.0,0.0,0.0,6.0,0.0,7.899999999999977,0.0,none,12785982588,-720428928#0,291.1
0.0,0.0,0.0,6.0,0.0,7.900000000000034,0.0,none,12785982588,-720428928#0,291.2
0.0,0.0,0.0,6.0,0.0,7.899999999999977,0.0,none,12785982588,-720428928#0,291.3
0.0,0.0,0.0,6.0,0.0,7.900000000000034,0.0,none,12785982588,-720428928#0,291.4
0.0,0.0,0.0,6.0,0.0,5.899999999999977,0.0,none,12785982588,-720428928#0,291.6
0.0,0.0,0.0,6.0,0.0,7.900000000000034,0.0,none,12785982588,-720428928#0,291.7
0.0,0.0,0.0,6.0,0.0,7.899999999999977,0.0,none,12785982588,-720428928#0,291.8
0.0,0.0,0.0,6.0,0.0,7.900000000000034,0.0,none,12785982588,-720428928#0,291.9
0.0,0.0,0.0,6.0,0.0,7.899999999999977,0.0,none,12785982588,-720428928#0,292.0
0.0,0.0,0.0,6.0,0.0,7.899999999999977,0.0,none,12785982588,-720428928#0,292.1
0.0,0.0,0.0,6.0,0.0,7.900000000000034,0.0,none,12785982588,-720428928#0,292.2
0.0,0.0,0.0,6.0,0.0,7.899999999999977,0.0,none,12785982588,-720428928#0,292.3
0.0,0.0,0.0,6.0,0.0,7.900000000000034,0.0,none,12785982588,-720428928#0,292.4
0.0,0.0,0.0,6.0,0.0,5.899999999999977,0.0,none,12785982588,-720428928#0,292.6
0.0,0.0,0.0,6.0,0.0,7.900000000000034,0.0,none,12785982588,-720428928#0,292.7
0.0,0.0,0.0,6.0,0.0,7.899999999999977,0.0,none,12785982588,-720428928#0,292.8
0.0,0.0,0.0,6.0,0.0,7.900000000000034,0.0,none,12785982588,-720428928#0,292.9
0.0,0.0,0.0,6.0,0.0,7.899999999999977,0.0,none,12785982588,-720428928#0,293.0
0.0,0.0,0.0,6.0,0.0,7.899999999999977,0.0,none,12785982588,-720428928#0,293.1
0.0,0.0,0.0,6.0,0.0,7.900000000000034,0.0,none,12785982588,-720428928#0,293.2
0.0,0.0,0.0,6.0,0.0,7.899999999999977,0.0,none,12785982588,-720428928#0,293.3
0.0,0.0,0.0,6.0,0.0,7.900000000000034,0.0,none,12785982588,-720428928#0,293.4
0.0,0.0,0.0,6.0,0.0,5.899999999999977,0.0,none,12785982588,-720428928#0,293.6
0.0,0.0,0.0,6.0,0.0,7.900000000000034,0.0,none,12785982588,-720428928#0,293.7
0.0,0.0,0.0,6.0,0.0,7.899999999999977,0.0,none,12785982588,-720428928#0,293.8
0.0,0.0,0.0,6.0,0.0,7.900000000000034,0.0,none,12785982588,-720428928#0,293.9
0.0,0.0,0.0,6.0,0.0,7.899999999999977,0.0,none,12785982588,-720428928#0,294.0
0.0,0.0,0.0,6.0,0.0,7.899999999999977,0.0,none,12785982588,-720428928#0,294.1
0.0,0.0,0.0,6.0,0.0,7.900000000000034,0.0,none,12785982588,-720428928#0,294.2
0.0,0.0,0.0,6.0,0.0,7.899999999999977,0.0,none,12785982588,-720428928#0,294.3
0.0,0.0,0.0,6.0,0.0,7.900000000000034,0.0,none,12785982588,-720428928#0,294.4
0.0,0.0,0.0,6.0,0.0,5.899999999999977,0.0,none,12785982588,-720428928#0,294.6
0.0,0.0,0.0,6.0,0.0,7.900000000000034,0.0,none,12785982588,-720428928#0,294.7
0.0,0.0,0.0,6.0,0.0,7.899999999999977,0.0,none,12785982588,-720428928#0,294.8
0.0,0.0,0.0,6.0,0.0,7.900000000000034,0.0,none,12785982588,-720428928#0,294.9
0.0,0.0,0.0,6.0,0.0,7.899999999999977,0.0,none,12785982588,-720428928#0,295.0
0.0,0.0,0.0,6.0,0.0,7.899999999999977,0.0,none,12785982588,-720428928#0,295.1
0.0,0.0,0.0,6.0,0.0,7.900000000000034,0.0,none,12785982588,-720428928#0,295.2
0.0,0.0,0.0,6.0,0.0,7.899999999999977,0.0,none,12785982588,-720428928#0,295.3
0.0,0.0,0.0,6.0,0.0,7.900000000000034,0.0,none,12785982588,-720428928#0,295.4
0.0,0.0,0.0,6.0,0.0,5.899999999999977,0.0,none,12785982588,-720428928#0,295.6
0.0,0.0,0.0,6.0,0.0,7.900000000000034,0.0,none,12785982588,-720428928#0,295.7
0.0,0.0,0.0,6.0,0.0,7.899999999999977,0.0,none,12785982588,-720428928#0,295.8
0.0,0.0,0.0,6.0,0.0,7.900000000000034,0.0,none,12785982588,-720428928#0,295.9
0.0,0.0,0.0,6.0,0.0,7.899999999999977,0.0,none,12785982588,-720428928#0,296.0
0.0,0.0,0.0,6.0,0.0,7.899999999999977,0.0,none,12785982588,-720428928#0,296.1
0.0,0.0,0.0,6.0,0.0,7.900000000000034,0.0,none,12785982588,-720428928#0,296.2
0.0,0.0,0.0,6.0,0.0,7.899999999999977,0.0,none,12785982588,-720428928#0,296.3
0.0,0.0,0.0,6.0,0.0,7.900000000000034,0.0,none,12785982588,-720428928#0,296.4
0.0,0.0,0.0,6.0,0.0,5.899999999999977,0.0,none,12785982588,-720428928#0,296.6
0.0,0.0,0.0,6.0,0.0,7.900000000000034,0.0,none,12785982588,-720428928#0,296.7
0.0,0.0,0.0,6.0,0.0,7.899999999999977,0.0,none,12785982588,-720428928#0,296.8
0.0,0.0,0.0,6.0,0.0,7.900000000000034,0.0,none,12785982588,-720428928#0,296.9
0.0,0.0,0.0,6.0,0.0,7.899999999999977,0.0,none,12785982588,-720428928#0,297.0
0.0,0.0,0.0,6.0,0.0,7.899999999999977,0.0,none,12785982588,-720428928#0,297.1
0.0,0.0,0.0,6.0,0.0,7.900000000000034,0.0,none,12785982588,-720428928#0,297.2
0.0,0.0,0.0,6.0,0.0,7.899999999999977,0.0,none,12785982588,-720428928#0,297.3
0.0,0.0,0.0,6.0,0.0,7.900000000000034,0.0,none,12785982588,-720428928#0,297.4
0.0,0.0,0.0,6.0,0.0,5.899999999999977,0.0,none,12785982588,-720428928#0,297.6
0.0,0.0,0.0,6.0,0.0,7.900000000000034,0.0,none,12785982588,-720428928#0,297.7
0.0,0.0,0.0,6.0,0.0,7.899999999999977,0.0,none,12785982588,-720428928#0,297.8
0.0,0.0,0.0,6.0,0.0,7.900000000000034,0.0,none,12785982588,-720428928#0,297.9
0.0,0.0,0.0,6.0,0.0,7.899999999999977,0.0,none,12785982588,-720428928#0,298.0
0.0,0.0,0.0,6.0,0.0,7.899999999999977,0.0,none,12785982588,-720428928#0,298.1
0.0,0.0,0.0,6.0,0.0,7.900000000000034,0.0,none,12785982588,-720428928#0,298.2
0.0,0.0,0.0,6.0,0.0,7.899999999999977,0.0,none,12785982588,-720428928#0,298.3
0.0,0.0,0.0,6.0,0.0,7.900000000000034,0.0,none,12785982588,-720428928#0,298.4
0.0,0.0,0.0,6.0,0.0,5.899999999999977,0.0,none,12785982588,-720428928#0,298.6
0.0,0.0,0.0,6.0,0.0,7.900000000000034,0.0,none,12785982588,-720428928#0,298.7
0.0,0.0,0.0,6.0,0.0,7.899999999999977,0.0,none,12785982588,-720428928#0,298.8
0.0,0.0,0.0,6.0,0.0,7.900000000000034,0.0,none,12785982588,-720428928#0,298.9
0.0,0.0,0.0,6.0,0.0,7.899999999999977,0.0,none,12785982588,-720428928#0,299.0
0.0,0.0,0.0,6.0,0.0,7.899999999999977,0.0,none,12785982588,-720428928#0,299.1
0.0,0.0,0.0,6.0,0.0,7.900000000000034,0.0,none,12785982588,-720428928#0,299.2
0.0,0.0,0.0,6.0,0.0,7.899999999999977,0.0,none,12785982588,-720428928#0,299.3
0.0,0.0,0.0,6.0,0.0,7.900000000000034,0.0,none,12785982588,-720428928#0,299.4
0.0,0.0,0.0,6.0,0.0,5.899999999999977,0.0,none,12785982588,-720428928#0,299.6
0.0,0.0,0.0,6.0,0.0,7.900000000000034,0.0,none,12785982588,-720428928#0,299.7
0.0,0.0,0.0,6.0,0.0,7.899999999999977,0.0,none,12785982588,-720428928#0,299.8
0.0,0.0,0.0,6.0,0.0,7.900000000000034,0.0,none,12785982588,-720428928#0,299.9
0.0,0.0,0.0,6.0,0.0,7.899999999999977,0.0,none,12785982588,-720428928#0,300.0
0.0,0.0,0.0,6.0,0.0,7.899999999999977,0.0,none,12785982588,-720428928#0,300.1
0.0,0.0,0.0,6.0,0.0,7.900000000000034,0.0,none,12785982588,-720428928#0,300.2
0.0,0.0,0.0,6.0,0.0,7.899999999999977,0.0,none,12785982588,-720428928#0,300.3
0.0,0.0,0.0,6.0,0.0,7.900000000000034,0.0,none,12785982588,-720428928#0,300.4
0.0,0.0,0.0,6.0,0.0,5.899999999999977,0.0,none,12785982588,-720428928#0,300.6
0.0,0.0,0.0,6.0,0.0,7.900000000000034,0.0,none,12785982588,-720428928#0,300.7
0.0,0.0,0.0,6.0,0.0,7.899999999999977,0.0,none,12785982588,-720428928#0,300.8
0.0,0.0,0.0,6.0,0.0,7.900000000000034,0.0,none,12785982588,-720428928#0,300.9
0.0,0.0,0.0,6.0,0.0,7.899999999999977,0.0,none,12785982588,-720428928#0,301.0
0.0,0.0,0.0,6.0,0.0,7.899999999999977,0.0,none,12785982588,-720428928#0,301.1
0.0,0.0,0.0,6.0,0.0,7.900000000000034,0.0,none,12785982588,-720428928#0,301.2
0.0,0.0,0.0,6.0,0.0,7.899999999999977,0.0,none,12785982588,-720428928#0,301.3
0.0,0.0,0.0,6.0,0.0,7.900000000000034,0.0,none,12785982588,-720428928#0,301.4
0.0,0.0,0.0,6.0,0.0,5.899999999999977,0.0,none,12785982588,-720428928#0,301.6
0.0,0.0,0.0,6.0,0.0,7.900000000000034,0.0,none,12785982588,-720428928#0,301.7
0.0,0.0,0.0,6.0,0.0,7.899999999999977,0.0,none,12785982588,-720428928#0,301.8
0.0,0.0,0.0,6.0,0.0,7.900000000000034,0.0,none,12785982588,-720428928#0,301.9
0.0,0.0,0.0,6.0,0.0,7.899999999999977,0.0,none,12785982588,-720428928#0,302.0
0.0,0.0,0.0,6.0,0.0,7.899999999999977,0.0,none,12785982588,-720428928#0,302.1
0.0,0.0,0.0,6.0,0.0,7.900000000000034,0.0,none,12785982588,-720428928#0,302.2
0.0,0.0,0.0,6.0,0.0,7.899999999999977,0.0,none,12785982588,-720428928#0,302.3
0.0,0.0,0.0,6.0,0.0,7.900000000000034,0.0,none,12785982588,-720428928#0,302.4
0.0,0.0,0.0,6.0,0.0,5.899999999999977,0.0,none,12785982588,-720428928#0,302.6
0.0,0.0,0.0,6.0,0.0,7.900000000000034,0.0,none,12785982588,-720428928#0,302.7
0.0,0.0,0.0,6.0,0.0,7.899999999999977,0.0,none,12785982588,-720428928#0,302.8
0.0,0.0,0.0,6.0,0.0,7.900000000000034,0.0,none,12785982588,-720428928#0,302.9
0.0,0.0,0.0,6.0,0.0,7.899999999999977,0.0,none,12785982588,-720428928#0,303.0
0.0,0.0,0.0,6.0,0.0,7.899999999999977,0.0,none,12785982588,-720428928#0,303.1
0.0,0.0,0.0,6.0,0.0,7.900000000000034,0.0,none,12785982588,-720428928#0,303.2
0.0,0.0,0.0,6.0,0.0,7.899999999999977,0.0,none,12785982588,-720428928#0,303.3
0.0,0.0,0.0,6.0,0.0,7.900000000000034,0.0,none,12785982588,-720428928#0,303.4
0.0,0.0,0.0,6.0,0.0,5.899999999999977,0.0,none,12785982588,-720428928#0,303.6
0.0,0.0,0.0,6.0,0.0,7.900000000000034,0.0,none,12785982588,-720428928#0,303.7
0.0,0.0,0.0,6.0,0.0,7.899999999999977,0.0,none,12785982588,-720428928#0,303.8
0.0,0.0,0.0,6.0,0.0,7.900000000000034,0.0,none,12785982588,-720428928#0,303.9
0.0,0.0,0.0,6.0,0.0,7.899999999999977,0.0,none,12785982588,-720428928#0,304.0
0.0,0.0,0.0,6.0,0.0,7.899999999999977,0.0,none,12785982588,-720428928#0,304.1
0.0,0.0,0.0,6.0,0.0,7.900000000000034,0.0,none,12785982588,-720428928#0,304.2
0.0,0.0,0.0,6.0,0.0,7.899999999999977,0.0,none,12785982588,-720428928#0,304.3
0.0,0.0,0.0,6.0,0.0,7.900000000000034,0.0,none,12785982588,-720428928#0,304.4
0.0,0.0,0.0,6.0,0.0,5.899999999999977,0.0,none,12785982588,-720428928#0,304.6
0.0,0.0,0.0,6.0,0.0,7.900000000000034,0.0,none,12785982588,-720428928#0,304.7
0.0,0.0,0.0,6.0,0.0,7.899999999999977,0.0,none,12785982588,-720428928#0,304.8
0.0,0.0,0.0,6.0,0.0,7.900000000000034,0.0,none,12785982588,-720428928#0,304.9
0.0,0.0,0.0,6.0,0.0,7.899999999999977,0.0,none,12785982588,-720428928#0,305.0
0.0,0.0,0.0,6.0,0.0,7.899999999999977,0.0,none,12785982588,-720428928#0,305.1
0.0,0.0,0.0,6.0,0.0,7.900000000000034,0.0,none,12785982588,-720428928#0,305.2
0.0,0.0,0.0,6.0,0.0,7.899999999999977,0.0,none,12785982588,-720428928#0,305.3
0.0,0.0,0.0,6.0,0.0,7.900000000000034,0.0,none,12785982588,-720428928#0,305.4
0.0,0.0,0.0,6.0,0.0,5.899999999999977,0.0,none,12785982588,-720428928#0,305.6
0.0,0.0,0.0,6.0,0.0,7.900000000000034,0.0,none,12785982588,-720428928#0,305.7
0.0,0.0,0.0,6.0,0.0,7.899999999999977,0.0,none,12785982588,-720428928#0,305.8
0.0,0.0,0.0,6.0,0.0,7.900000000000034,0.0,none,12785982588,-720428928#0,305.9
0.0,0.0,0.0,6.0,0.0,7.899999999999977,0.0,none,12785982588,-720428928#0,306.0
0.0,0.0,0.0,6.0,0.0,7.899999999999977,0.0,none,12785982588,-720428928#0,306.1
0.0,0.0,0.0,6.0,0.0,7.900000000000034,0.0,none,12785982588,-720428928#0,306.2
0.0,0.0,0.0,6.0,0.0,7.899999999999977,0.0,none,12785982588,-720428928#0,306.3
0.0,0.0,0.0,6.0,0.0,7.900000000000034,0.0,none,12785982588,-720428928#0,306.4
0.0,0.0,0.0,6.0,0.0,5.899999999999977,0.0,none,12785982588,-720428928#0,306.6
0.0,0.0,0.0,6.0,0.0,7.900000000000034,0.0,none,12785982588,-720428928#0,306.7
0.0,0.0,0.0,6.0,0.0,7.899999999999977,0.0,none,12785982588,-720428928#0,306.8
0.0,0.0,0.0,6.0,0.0,7.900000000000034,0.0,none,12785982588,-720428928#0,306.9
0.0,0.0,0.0,6.0,0.0,7.899999999999977,0.0,none,12785982588,-720428928#0,307.0
0.0,0.0,0.0,6.0,0.0,7.899999999999977,0.0,none,12785982588,-720428928#0,307.1
0.0,0.0,0.0,6.0,0.0,7.900000000000034,0.0,none,12785982588,-720428928#0,307.2
0.0,0.0,0.0,6.0,0.0,7.899999999999977,0.0,none,12785982588,-720428928#0,307.3
0.0,0.0,0.0,6.0,0.0,7.900000000000034,0.0,none,12785982588,-720428928#0,307.4
0.0,0.0,0.0,6.0,0.0,5.899999999999977,0.0,none,12785982588,-720428928#0,307.6
0.0,0.0,0.0,6.0,0.0,7.900000000000034,0.0,none,12785982588,-720428928#0,307.7
0.0,0.0,0.0,6.0,0.0,7.899999999999977,0.0,none,12785982588,-720428928#0,307.8
0.0,0.0,0.0,6.0,0.0,7.900000000000034,0.0,none,12785982588,-720428928#0,307.9
0.0,0.0,0.0,6.0,0.0,7.899999999999977,0.0,none,12785982588,-720428928#0,308.0
0.0,0.0,0.0,6.0,0.0,7.899999999999977,0.0,none,12785982588,-720428928#0,308.1
0.0,0.0,0.0,6.0,0.0,7.900000000000034,0.0,none,12785982588,-720428928#0,308.2
0.0,0.0,0.0,6.0,0.0,7.899999999999977,0.0,none,12785982588,-720428928#0,308.3
0.0,0.0,0.0,6.0,0.0,7.900000000000034,0.0,none,12785982588,-720428928#0,308.4
0.0,0.0,0.0,6.0,0.0,5.899999999999977,0.0,none,12785982588,-720428928#0,308.6
0.0,0.0,0.0,6.0,0.0,7.900000000000034,0.0,none,12785982588,-720428928#0,308.7
0.0,0.0,0.0,6.0,0.0,7.899999999999977,0.0,none,12785982588,-720428928#0,308.8
0.0,0.0,0.0,6.0,0.0,7.900000000000034,0.0,none,12785982588,-720428928#0,308.9
0.0,0.0,0.0,6.0,0.0,7.899999999999977,0.0,none,12785982588,-720428928#0,309.0
0.0,0.0,0.0,6.0,0.0,7.899999999999977,0.0,none,12785982588,-720428928#0,309.1
0.0,0.0,0.0,6.0,0.0,7.900000000000034,0.0,none,12785982588,-720428928#0,309.2
0.0,0.0,0.0,6.0,0.0,7.899999999999977,0.0,none,12785982588,-720428928#0,309.3
0.0,0.0,0.0,6.0,0.0,7.900000000000034,0.0,none,12785982588,-720428928#0,309.4
0.0,0.0,0.0,6.0,0.0,5.899999999999977,0.0,none,12785982588,-720428928#0,309.6
0.0,0.0,0.0,6.0,0.0,7.900000000000034,0.0,none,12785982588,-720428928#0,309.7
0.0,0.0,0.0,6.0,0.0,7.899999999999977,0.0,none,12785982588,-720428928#0,309.8
0.0,0.0,0.0,6.0,0.0,7.900000000000034,0.0,none,12785982588,-720428928#0,309.9
0.0,0.0,0.0,6.0,0.0,7.899999999999977,0.0,none,12785982588,-720428928#0,310.0
0.0,0.0,0.0,6.0,0.0,7.899999999999977,0.0,none,12785982588,-720428928#0,310.1
0.0,0.0,0.0,6.0,0.0,7.900000000000034,0.0,none,12785982588,-720428928#0,310.2
0.0,0.0,0.0,6.0,0.0,7.899999999999977,0.0,none,12785982588,-720428928#0,310.3
0.0,0.0,0.0,6.0,0.0,7.900000000000034,0.0,none,12785982588,-720428928#0,310.4
0.0,0.0,0.0,6.0,0.0,5.899999999999977,0.0,none,12785982588,-720428928#0,310.6
0.0,0.0,0.0,6.0,0.0,7.900000000000034,0.0,none,12785982588,-720428928#0,310.7
0.0,0.0,0.0,6.0,0.0,7.899999999999977,0.0,none,12785982588,-720428928#0,310.8
0.0,0.0,0.0,6.0,0.0,7.900000000000034,0.0,none,12785982588,-720428928#0,310.9
0.0,0.0,0.0,6.0,0.0,7.899999999999977,0.0,none,12785982588,-720428928#0,311.0
0.0,0.0,0.0,6.0,0.0,7.899999999999977,0.0,none,12785982588,-720428928#0,311.1
0.0,0.0,0.0,6.0,0.0,7.900000000000034,0.0,none,12785982588,-720428928#0,311.2
0.0,0.0,0.0,6.0,0.0,7.899999999999977,0.0,none,12785982588,-720428928#0,311.3
0.0,0.0,0.0,6.0,0.0,7.900000000000034,0.0,none,12785982588,-720428928#0,311.4
0.0,0.0,0.0,6.0,0.0,5.899999999999977,0.0,none,12785982588,-720428928#0,311.6
0.0,0.0,0.0,6.0,0.0,7.900000000000034,0.0,none,12785982588,-720428928#0,311.7
0.0,0.0,0.0,6.0,0.0,7.899999999999977,0.0,none,12785982588,-720428928#0,311.8
0.0,0.0,0.0,6.0,0.0,7.900000000000034,0.0,none,12785982588,-720428928#0,311.9
0.0,0.0,0.0,6.0,0.0,7.899999999999977,0.0,none,12785982588,-720428928#0,312.0
0.0,0.0,0.0,6.0,0.0,7.899999999999977,0.0,none,12785982588,-720428928#0,312.1
0.0,0.0,0.0,6.0,0.0,7.900000000000034,0.0,none,12785982588,-720428928#0,312.2
0.0,0.0,0.0,6.0,0.0,7.899999999999977,0.0,none,12785982588,-720428928#0,312.3
0.0,0.0,0.0,6.0,0.0,7.900000000000034,0.0,none,12785982588,-720428928#0,312.4
0.0,0.0,0.0,6.0,0.0,5.899999999999977,0.0,none,12785982588,-720428928#0,312.6
0.0,0.0,0.0,6.0,0.0,7.900000000000034,0.0,none,12785982588,-720428928#0,312.7
0.0,0.0,0.0,6.0,0.0,7.899999999999977,0.0,none,12785982588,-720428928#0,312.8
0.0,0.0,0.0,6.0,0.0,7.900000000000034,0.0,none,12785982588,-720428928#0,312.9
0.0,0.0,0.0,6.0,0.0,7.899999999999977,0.0,none,12785982588,-720428928#0,313.0
0.0,0.0,0.0,6.0,0.0,7.899999999999977,0.0,none,12785982588,-720428928#0,313.1
0.0,0.0,0.0,6.0,0.0,7.900000000000034,0.0,none,12785982588,-720428928#0,313.2
0.0,0.0,0.0,6.0,0.0,7.899999999999977,0.0,none,12785982588,-720428928#0,313.3
0.0,0.0,0.0,6.0,0.0,7.900000000000034,0.0,none,12785982588,-720428928#0,313.4
0.0,0.0,0.0,6.0,0.0,5.899999999999977,0.0,none,12785982588,-720428928#0,313.6
0.0,0.0,0.0,6.0,0.0,7.900000000000034,0.0,none,12785982588,-720428928#0,313.7
0.0,0.0,0.0,6.0,0.0,7.899999999999977,0.0,none,12785982588,-720428928#0,313.8
0.0,0.0,0.0,6.0,0.0,7.900000000000034,0.0,none,12785982588,-720428928#0,313.9
0.0,0.0,0.0,6.0,0.0,7.899999999999977,0.0,none,12785982588,-720428928#0,314.0
0.0,0.0,0.0,6.0,0.0,7.899999999999977,0.0,none,12785982588,-720428928#0,314.1
0.0,0.0,0.0,6.0,0.0,7.900000000000034,0.0,none,12785982588,-720428928#0,314.2
0.0,0.0,0.0,6.0,0.0,7.899999999999977,0.0,none,12785982588,-720428928#0,314.3
0.0,0.0,0.0,6.0,0.0,7.900000000000034,0.0,none,12785982588,-720428928#0,314.4
0.0,0.0,0.0,6.0,0.0,5.899999999999977,0.0,none,12785982588,-720428928#0,314.6
0.0,0.0,0.0,6.0,0.0,7.900000000000034,0.0,none,12785982588,-720428928#0,314.7
0.0,0.0,0.0,6.0,0.0,7.899999999999977,0.0,none,12785982588,-720428928#0,314.8
0.0,0.0,0.0,6.0,0.0,7.900000000000034,0.0,none,12785982588,-720428928#0,314.9
0.0,0.0,0.0,6.0,0.0,7.899999999999977,0.0,none,12785982588,-720428928#0,315.0
0.0,0.0,0.0,6.0,0.0,7.899999999999977,0.0,none,12785982588,-720428928#0,315.1
0.0,0.0,0.0,6.0,0.0,7.900000000000034,0.0,none,12785982588,-720428928#0,315.2
0.0,0.0,0.0,6.0,0.0,7.899999999999977,0.0,none,12785982588,-720428928#0,315.3
0.0,0.0,0.0,6.0,0.0,7.900000000000034,0.0,none,12785982588,-720428928#0,315.4
0.0,0.0,0.0,6.0,0.0,5.899999999999977,0.0,none,12785982588,-720428928#0,315.6
0.0,0.0,0.0,6.0,0.0,7.900000000000034,0.0,none,12785982588,-720428928#0,315.7
0.0,0.0,0.0,6.0,0.0,7.899999999999977,0.0,none,12785982588,-720428928#0,315.8
0.0,0.0,0.0,6.0,0.0,7.900000000000034,0.0,none,12785982588,-720428928#0,315.9
0.0,0.0,0.0,6.0,0.0,7.899999999999977,0.0,none,12785982588,-720428928#0,316.0
0.0,0.0,0.0,6.0,0.0,7.899999999999977,0.0,none,12785982588,-720428928#0,316.1
0.0,0.0,0.0,6.0,0.0,7.900000000000034,0.0,none,12785982588,-720428928#0,316.2
0.0,0.0,0.0,6.0,0.0,7.899999999999977,0.0,none,12785982588,-720428928#0,316.3
0.0,0.0,0.0,6.0,0.0,7.900000000000034,0.0,none,12785982588,-720428928#0,316.4
0.0,0.0,0.0,6.0,0.0,5.899999999999977,0.0,none,12785982588,-720428928#0,316.6
0.0,0.0,0.0,6.0,0.0,7.900000000000034,0.0,none,12785982588,-720428928#0,316.7
0.0,0.0,0.0,6.0,0.0,7.899999999999977,0.0,none,12785982588,-720428928#0,316.8
0.0,0.0,0.0,6.0,0.0,7.900000000000034,0.0,none,12785982588,-720428928#0,316.9
0.0,0.0,0.0,6.0,0.0,7.899999999999977,0.0,none,12785982588,-720428928#0,317.0
0.0,0.0,0.0,6.0,0.0,7.899999999999977,0.0,none,12785982588,-720428928#0,317.1
0.0,0.0,0.0,6.0,0.0,7.900000000000034,0.0,none,12785982588,-720428928#0,317.2
0.0,0.0,0.0,6.0,0.0,7.899999999999977,0.0,none,12785982588,-720428928#0,317.3
0.0,0.0,0.0,6.0,0.0,7.900000000000034,0.0,none,12785982588,-720428928#0,317.4
0.0,0.0,0.0,6.0,0.0,5.899999999999977,0.0,none,12785982588,-720428928#0,317.6
0.0,0.0,0.0,6.0,0.0,7.900000000000034,0.0,none,12785982588,-720428928#0,317.7
0.0,0.0,0.0,6.0,0.0,7.899999999999977,0.0,none,12785982588,-720428928#0,317.8
0.0,0.0,0.0,6.0,0.0,7.900000000000034,0.0,none,12785982588,-720428928#0,317.9
0.0,0.0,0.0,6.0,0.0,7.899999999999977,0.0,none,12785982588,-720428928#0,318.0
0.0,0.0,0.0,6.0,0.0,7.899999999999977,0.0,none,12785982588,-720428928#0,318.1
0.0,0.0,0.0,6.0,0.0,7.900000000000034,0.0,none,12785982588,-720428928#0,318.2
0.0,0.0,0.0,6.0,0.0,7.899999999999977,0.0,none,12785982588,-720428928#0,318.3
0.0,0.0,0.0,6.0,0.0,7.900000000000034,0.0,none,12785982588,-720428928#0,318.4
0.0,0.0,0.0,6.0,0.0,5.899999999999977,0.0,none,12785982588,-720428928#0,318.6
0.0,0.0,0.0,6.0,0.0,7.900000000000034,0.0,none,12785982588,-720428928#0,318.7
0.0,0.0,0.0,6.0,0.0,7.899999999999977,0.0,none,12785982588,-720428928#0,318.8
0.0,0.0,0.0,6.0,0.0,7.900000000000034,0.0,none,12785982588,-720428928#0,318.9
0.0,0.0,0.0,6.0,0.0,7.899999999999977,0.0,none,12785982588,-720428928#0,319.0
0.0,0.0,0.0,6.0,0.0,7.899999999999977,0.0,none,12785982588,-720428928#0,319.1
0.0,0.0,0.0,6.0,0.0,7.900000000000034,0.0,none,12785982588,-720428928#0,319.2
0.0,0.0,0.0,6.0,0.0,7.899999999999977,0.0,none,12785982588,-720428928#0,319.3
0.0,0.0,0.0,6.0,0.0,7.900000000000034,0.0,none,12785982588,-720428928#0,319.4
0.0,0.0,0.0,6.0,0.0,5.899999999999977,0.0,none,12785982588,-720428928#0,319.6
0.0,0.0,0.0,6.0,0.0,7.900000000000034,0.0,none,12785982588,-720428928#0,319.7
0.0,0.0,0.0,6.0,0.0,7.899999999999977,0.0,none,12785982588,-720428928#0,319.8
0.0,0.0,0.0,6.0,0.0,7.900000000000034,0.0,none,12785982588,-720428928#0,319.9
0.0,0.0,0.0,6.0,0.0,7.899999999999977,0.0,none,12785982588,-720428928#0,320.0
0.0,0.0,0.0,6.0,0.0,7.899999999999977,0.0,none,12785982588,-720428928#0,320.1
0.0,0.0,0.0,6.0,0.0,7.900000000000034,0.0,none,12785982588,-720428928#0,320.2
0.0,0.0,0.0,6.0,0.0,7.899999999999977,0.0,none,12785982588,-720428928#0,320.3
0.0,0.0,0.0,6.0,0.0,7.900000000000034,0.0,none,12785982588,-720428928#0,320.4
0.0,0.0,0.0,6.0,0.0,5.899999999999977,0.0,none,12785982588,-720428928#0,320.6
0.0,0.0,0.0,6.0,0.0,7.900000000000034,0.0,none,12785982588,-720428928#0,320.7
0.0,0.0,0.0,6.0,0.0,7.899999999999977,0.0,none,12785982588,-720428928#0,320.8
0.0,0.0,0.0,6.0,0.0,7.900000000000034,0.0,none,12785982588,-720428928#0,320.9
0.0,0.0,0.0,6.0,0.0,7.899999999999977,0.0,none,12785982588,-720428928#0,321.0
0.0,0.0,0.0,6.0,0.0,7.899999999999977,0.0,none,12785982588,-720428928#0,321.1
0.0,0.0,0.0,6.0,0.0,7.900000000000034,0.0,none,12785982588,-720428928#0,321.2
0.0,0.0,0.0,6.0,0.0,7.899999999999977,0.0,none,12785982588,-720428928#0,321.3
0.0,0.0,0.0,6.0,0.0,7.900000000000034,0.0,none,12785982588,-720428928#0,321.4
0.0,0.0,0.0,6.0,0.0,5.899999999999977,0.0,none,12785982588,-720428928#0,321.6
0.0,0.0,0.0,6.0,0.0,7.900000000000034,0.0,none,12785982588,-720428928#0,321.7
0.0,0.0,0.0,6.0,0.0,7.899999999999977,0.0,none,12785982588,-720428928#0,321.8
0.0,0.0,0.0,6.0,0.0,7.900000000000034,0.0,none,12785982588,-720428928#0,321.9
0.0,0.0,0.0,6.0,0.0,7.899999999999977,0.0,none,12785982588,-720428928#0,322.0
0.0,0.0,0.0,6.0,0.0,7.899999999999977,0.0,none,12785982588,-720428928#0,322.1
0.0,0.0,0.0,6.0,0.0,7.900000000000034,0.0,none,12785982588,-720428928#0,322.2
0.0,0.0,0.0,6.0,0.0,7.899999999999977,0.0,none,12785982588,-720428928#0,322.3
0.0,0.0,0.0,6.0,0.0,7.900000000000034,0.0,none,12785982588,-720428928#0,322.4
0.0,0.0,0.0,6.0,0.0,5.899999999999977,0.0,none,12785982588,-720428928#0,322.6
0.0,0.0,0.0,6.0,0.0,7.900000000000034,0.0,none,12785982588,-720428928#0,322.7
0.0,0.0,0.0,6.0,0.0,7.899999999999977,0.0,none,12785982588,-720428928#0,322.8
0.0,0.0,0.0,6.0,0.0,7.900000000000034,0.0,none,12785982588,-720428928#0,322.9
0.0,0.0,0.0,6.0,0.0,7.899999999999977,0.0,none,12785982588,-720428928#0,323.0
0.0,0.0,0.0,6.0,0.0,7.899999999999977,0.0,none,12785982588,-720428928#0,323.1
0.0,0.0,0.0,6.0,0.0,7.900000000000034,0.0,none,12785982588,-720428928#0,323.2
0.0,0.0,0.0,6.0,0.0,7.899999999999977,0.0,none,12785982588,-720428928#0,323.3
0.0,0.0,0.0,6.0,0.0,7.900000000000034,0.0,none,12785982588,-720428928#0,323.4
0.0,0.0,0.0,6.0,0.0,5.899999999999977,0.0,none,12785982588,-720428928#0,323.6
0.0,0.0,0.0,6.0,0.0,7.900000000000034,0.0,none,12785982588,-720428928#0,323.7
0.0,0.0,0.0,6.0,0.0,7.899999999999977,0.0,none,12785982588,-720428928#0,323.8
0.0,0.0,0.0,6.0,0.0,7.900000000000034,0.0,none,12785982588,-720428928#0,323.9
0.0,0.0,0.0,6.0,0.0,7.899999999999977,0.0,none,12785982588,-720428928#0,324.0
0.0,0.0,0.0,6.0,0.0,7.899999999999977,0.0,none,12785982588,-720428928#0,324.1
0.0,0.0,0.0,6.0,0.0,7.900000000000034,0.0,none,12785982588,-720428928#0,324.2
0.0,0.0,0.0,6.0,0.0,7.899999999999977,0.0,none,12785982588,-720428928#0,324.3
0.0,0.0,0.0,6.0,0.0,7.900000000000034,0.0,none,12785982588,-720428928#0,324.4
0.0,0.0,0.0,6.0,0.0,5.899999999999977,0.0,none,12785982588,-720428928#0,324.6
0.0,0.0,0.0,6.0,0.0,7.900000000000034,0.0,none,12785982588,-720428928#0,324.7
0.0,0.0,0.0,6.0,0.0,7.899999999999977,0.0,none,12785982588,-720428928#0,324.8
0.0,0.0,0.0,6.0,0.0,7.900000000000034,0.0,none,12785982588,-720428928#0,324.9
0.0,0.0,0.0,6.0,0.0,7.899999999999977,0.0,none,12785982588,-720428928#0,325.0
0.0,0.0,0.0,6.0,0.0,7.899999999999977,0.0,none,12785982588,-720428928#0,325.1
0.0,0.0,0.0,6.0,0.0,7.900000000000034,0.0,none,12785982588,-720428928#0,325.2
0.0,0.0,0.0,6.0,0.0,7.899999999999977,0.0,none,12785982588,-720428928#0,325.3
0.0,0.0,0.0,6.0,0.0,7.900000000000034,0.0,none,12785982588,-720428928#0,325.4
0.0,0.0,0.0,6.0,0.0,5.899999999999977,0.0,none,12785982588,-720428928#0,325.6
0.0,0.0,0.0,6.0,0.0,7.900000000000034,0.0,none,12785982588,-720428928#0,325.7
0.0,0.0,0.0,6.0,0.0,7.899999999999977,0.0,none,12785982588,-720428928#0,325.8
0.0,0.0,0.0,6.0,0.0,7.900000000000034,0.0,none,12785982588,-720428928#0,325.9
0.0,0.0,0.0,6.0,0.0,7.899999999999977,0.0,none,12785982588,-720428928#0,326.0
0.0,0.0,0.0,6.0,0.0,7.899999999999977,0.0,none,12785982588,-720428928#0,326.1
0.0,0.0,0.0,6.0,0.0,7.900000000000034,0.0,none,12785982588,-720428928#0,326.2
0.0,0.0,0.0,6.0,0.0,7.899999999999977,0.0,none,12785982588,-720428928#0,326.3
0.0,0.0,0.0,6.0,0.0,7.900000000000034,0.0,none,12785982588,-720428928#0,326.4
0.0,0.0,0.0,6.0,0.0,5.899999999999977,0.0,none,12785982588,-720428928#0,326.6
0.0,0.0,0.0,6.0,0.0,7.900000000000034,0.0,none,12785982588,-720428928#0,326.7
0.0,0.0,0.0,6.0,0.0,7.899999999999977,0.0,none,12785982588,-720428928#0,326.8
0.0,0.0,0.0,6.0,0.0,7.900000000000034,0.0,none,12785982588,-720428928#0,326.9
0.0,0.0,0.0,6.0,0.0,7.899999999999977,0.0,none,12785982588,-720428928#0,327.0
0.0,0.0,0.0,6.0,0.0,7.899999999999977,0.0,none,12785982588,-720428928#0,327.1
0.0,0.0,0.0,6.0,0.0,7.900000000000034,0.0,none,12785982588,-720428928#0,327.2
0.0,0.0,0.0,6.0,0.0,7.899999999999977,0.0,none,12785982588,-720428928#0,327.3
0.0,0.0,0.0,6.0,0.0,7.900000000000034,0.0,none,12785982588,-720428928#0,327.4
0.0,0.0,0.0,6.0,0.0,5.899999999999977,0.0,none,12785982588,-720428928#0,327.6
0.0,0.0,0.0,6.0,0.0,7.900000000000034,0.0,none,12785982588,-720428928#0,327.7
0.0,0.0,0.0,6.0,0.0,7.899999999999977,0.0,none,12785982588,-720428928#0,327.8
0.0,0.0,0.0,6.0,0.0,7.900000000000034,0.0,none,12785982588,-720428928#0,327.9
0.0,0.0,0.0,6.0,0.0,7.899999999999977,0.0,none,12785982588,-720428928#0,328.0
0.0,0.0,0.0,6.0,0.0,7.899999999999977,0.0,none,12785982588,-720428928#0,328.1
0.0,0.0,0.0,6.0,0.0,7.900000000000034,0.0,none,12785982588,-720428928#0,328.2
0.0,0.0,0.0,6.0,0.0,7.899999999999977,0.0,none,12785982588,-720428928#0,328.3
0.0,0.0,0.0,6.0,0.0,7.900000000000034,0.0,none,12785982588,-720428928#0,328.4
0.0,0.0,0.0,6.0,0.0,5.899999999999977,0.0,none,12785982588,-720428928#0,328.6
0.0,0.0,0.0,6.0,0.0,7.900000000000034,0.0,none,12785982588,-720428928#0,328.7
0.0,0.0,0.0,6.0,0.0,7.899999999999977,0.0,none,12785982588,-720428928#0,328.8
0.0,0.0,0.0,6.0,0.0,7.900000000000034,0.0,none,12785982588,-720428928#0,328.9
0.0,0.0,0.0,6.0,0.0,7.899999999999977,0.0,none,12785982588,-720428928#0,329.0
0.0,0.0,0.0,6.0,0.0,7.899999999999977,0.0,none,12785982588,-720428928#0,329.1
0.0,0.0,0.0,6.0,0.0,7.900000000000034,0.0,none,12785982588,-720428928#0,329.2
0.0,0.0,0.0,6.0,0.0,7.899999999999977,0.0,none,12785982588,-720428928#0,329.3
0.0,0.0,0.0,6.0,0.0,7.900000000000034,0.0,none,12785982588,-720428928#0,329.4
0.0,0.0,0.0,6.0,0.0,5.899999999999977,0.0,none,12785982588,-720428928#0,329.6
0.0,0.0,0.0,6.0,0.0,7.900000000000034,0.0,none,12785982588,-720428928#0,329.7
0.0,0.0,0.0,6.0,0.0,7.899999999999977,0.0,none,12785982588,-720428928#0,329.8
0.0,0.0,0.0,6.0,0.0,7.900000000000034,0.0,none,12785982588,-720428928#0,329.9
0.0,0.0,0.0,6.0,0.0,7.899999999999977,0.0,none,12785982588,-720428928#0,330.0
0.0,0.0,0.0,6.0,0.0,7.899999999999977,0.0,none,12785982588,-720428928#0,330.1
0.0,0.0,0.0,6.0,0.0,7.900000000000034,0.0,none,12785982588,-720428928#0,330.2
0.0,0.0,0.0,6.0,0.0,7.899999999999977,0.0,none,12785982588,-720428928#0,330.3
0.0,0.0,0.0,6.0,0.0,7.900000000000034,0.0,none,12785982588,-720428928#0,330.4
0.0,0.0,0.0,6.0,0.0,5.899999999999977,0.0,none,12785982588,-720428928#0,330.6
0.0,0.0,0.0,6.0,0.0,7.900000000000034,0.0,none,12785982588,-720428928#0,330.7
0.0,0.0,0.0,6.0,0.0,7.899999999999977,0.0,none,12785982588,-720428928#0,330.8
0.0,0.0,0.0,6.0,0.0,7.900000000000034,0.0,none,12785982588,-720428928#0,330.9
0.0,0.0,0.0,6.0,0.0,7.899999999999977,0.0,none,12785982588,-720428928#0,331.0
0.0,0.0,0.0,6.0,0.0,7.899999999999977,0.0,none,12785982588,-720428928#0,331.1
0.0,0.0,0.0,6.0,0.0,7.900000000000034,0.0,none,12785982588,-720428928#0,331.2
0.0,0.0,0.0,6.0,0.0,7.899999999999977,0.0,none,12785982588,-720428928#0,331.3
0.0,0.0,0.0,6.0,0.0,7.900000000000034,0.0,none,12785982588,-720428928#0,331.4
0.0,0.0,0.0,6.0,0.0,5.899999999999977,0.0,none,12785982588,-720428928#0,331.6
0.0,0.0,0.0,6.0,0.0,7.900000000000034,0.0,none,12785982588,-720428928#0,331.7
0.0,0.0,0.0,6.0,0.0,7.899999999999977,0.0,none,12785982588,-720428928#0,331.8
0.0,0.0,0.0,6.0,0.0,7.900000000000034,0.0,none,12785982588,-720428928#0,331.9
0.0,0.0,0.0,6.0,0.0,7.899999999999977,0.0,none,12785982588,-720428928#0,332.0
0.0,0.0,0.0,6.0,0.0,7.899999999999977,0.0,none,12785982588,-720428928#0,332.1
0.0,0.0,0.0,6.0,0.0,7.900000000000034,0.0,none,12785982588,-720428928#0,332.2
0.0,0.0,0.0,6.0,0.0,7.899999999999977,0.0,none,12785982588,-720428928#0,332.3
0.0,0.0,0.0,6.0,0.0,7.900000000000034,0.0,none,12785982588,-720428928#0,332.4
0.0,0.0,0.0,6.0,0.0,5.899999999999977,0.0,none,12785982588,-720428928#0,332.6
0.0,0.0,0.0,6.0,0.0,7.900000000000034,0.0,none,12785982588,-720428928#0,332.7
0.0,0.0,0.0,6.0,0.0,7.899999999999977,0.0,none,12785982588,-720428928#0,332.8
0.0,0.0,0.0,6.0,0.0,7.900000000000034,0.0,none,12785982588,-720428928#0,332.9
0.0,0.0,0.0,6.0,0.0,7.899999999999977,0.0,none,12785982588,-720428928#0,333.0
0.0,0.0,0.0,6.0,0.0,7.899999999999977,0.0,none,12785982588,-720428928#0,333.1
0.0,0.0,0.0,6.0,0.0,7.900000000000034,0.0,none,12785982588,-720428928#0,333.2
0.0,0.0,0.0,6.0,0.0,7.899999999999977,0.0,none,12785982588,-720428928#0,333.3
0.0,0.0,0.0,6.0,0.0,7.900000000000034,0.0,none,12785982588,-720428928#0,333.4
0.0,0.0,0.0,6.0,0.0,5.899999999999977,0.0,none,12785982588,-720428928#0,333.6
0.0,0.0,0.0,6.0,0.0,7.900000000000034,0.0,none,12785982588,-720428928#0,333.7
0.0,0.0,0.0,6.0,0.0,7.899999999999977,0.0,none,12785982588,-720428928#0,333.8
0.0,0.0,0.0,6.0,0.0,7.900000000000034,0.0,none,12785982588,-720428928#0,333.9
0.0,0.0,0.0,6.0,0.0,7.899999999999977,0.0,none,12785982588,-720428928#0,334.0
0.0,0.0,0.0,6.0,0.0,7.899999999999977,0.0,none,12785982588,-720428928#0,334.1
0.0,0.0,0.0,6.0,0.0,7.900000000000034,0.0,none,12785982588,-720428928#0,334.2
0.0,0.0,0.0,6.0,0.0,7.899999999999977,0.0,none,12785982588,-720428928#0,334.3
0.0,0.0,0.0,6.0,0.0,7.900000000000034,0.0,none,12785982588,-720428928#0,334.4
0.0,0.0,0.0,6.0,0.0,5.899999999999977,0.0,none,12785982588,-720428928#0,334.6
0.0,0.0,0.0,6.0,0.0,7.900000000000034,0.0,none,12785982588,-720428928#0,334.7
0.0,0.0,0.0,6.0,0.0,7.899999999999977,0.0,none,12785982588,-720428928#0,334.8
0.0,0.0,0.0,6.0,0.0,7.900000000000034,0.0,none,12785982588,-720428928#0,334.9
0.0,0.0,0.0,6.0,0.0,7.899999999999977,0.0,none,12785982588,-720428928#0,335.0
0.0,0.0,0.0,6.0,0.0,7.899999999999977,0.0,none,12785982588,-720428928#0,335.1
0.0,0.0,0.0,6.0,0.0,7.900000000000034,0.0,none,12785982588,-720428928#0,335.2
0.0,0.0,0.0,6.0,0.0,7.899999999999977,0.0,none,12785982588,-720428928#0,335.3
0.0,0.0,0.0,6.0,0.0,7.900000000000034,0.0,none,12785982588,-720428928#0,335.4
0.0,0.0,0.0,6.0,0.0,5.899999999999977,0.0,none,12785982588,-720428928#0,335.6
0.0,0.0,0.0,6.0,0.0,7.900000000000034,0.0,none,12785982588,-720428928#0,335.7
0.0,0.0,0.0,6.0,0.0,7.899999999999977,0.0,none,12785982588,-720428928#0,335.8
0.0,0.0,0.0,6.0,0.0,7.900000000000034,0.0,none,12785982588,-720428928#0,335.9
0.0,0.0,0.0,6.0,0.0,7.899999999999977,0.0,none,12785982588,-720428928#0,336.0
0.0,0.0,0.0,6.0,0.0,7.899999999999977,0.0,none,12785982588,-720428928#0,336.1
0.0,0.0,0.0,6.0,0.0,7.900000000000034,0.0,none,12785982588,-720428928#0,336.2
0.0,0.0,0.0,6.0,0.0,7.899999999999977,0.0,none,12785982588,-720428928#0,336.3
0.0,0.0,0.0,6.0,0.0,7.900000000000034,0.0,none,12785982588,-720428928#0,336.4
0.0,0.0,0.0,6.0,0.0,5.899999999999977,0.0,none,12785982588,-720428928#0,336.6
0.0,0.0,0.0,6.0,0.0,7.900000000000034,0.0,none,12785982588,-720428928#0,336.7
0.0,0.0,0.0,6.0,0.0,7.899999999999977,0.0,none,12785982588,-720428928#0,336.8
0.0,0.0,0.0,6.0,0.0,7.900000000000034,0.0,none,12785982588,-720428928#0,336.9
0.0,0.0,0.0,6.0,0.0,7.899999999999977,0.0,none,12785982588,-720428928#0,337.0
0.0,0.0,0.0,6.0,0.0,7.899999999999977,0.0,none,12785982588,-720428928#0,337.1
0.0,0.0,0.0,6.0,0.0,7.900000000000034,0.0,none,12785982588,-720428928#0,337.2
0.0,0.0,0.0,6.0,0.0,7.899999999999977,0.0,none,12785982588,-720428928#0,337.3
0.0,0.0,0.0,6.0,0.0,7.900000000000034,0.0,none,12785982588,-720428928#0,337.4
0.0,0.0,0.0,6.0,0.0,5.899999999999977,0.0,none,12785982588,-720428928#0,337.6
0.0,0.0,0.0,6.0,0.0,7.900000000000034,0.0,none,12785982588,-720428928#0,337.7
0.0,0.0,0.0,6.0,0.0,7.899999999999977,0.0,none,12785982588,-720428928#0,337.8
0.0,0.0,0.0,6.0,0.0,7.900000000000034,0.0,none,12785982588,-720428928#0,337.9
0.0,0.0,0.0,6.0,0.0,7.899999999999977,0.0,none,12785982588,-720428928#0,338.0
0.0,0.0,0.0,6.0,0.0,7.899999999999977,0.0,none,12785982588,-720428928#0,338.1
0.0,0.0,0.0,6.0,0.0,7.900000000000034,0.0,none,12785982588,-720428928#0,338.2
0.0,0.0,0.0,6.0,0.0,7.899999999999977,0.0,none,12785982588,-720428928#0,338.3
0.0,0.0,0.0,6.0,0.0,7.900000000000034,0.0,none,12785982588,-720428928#0,338.4
0.0,0.0,0.0,6.0,0.0,5.899999999999977,0.0,none,12785982588,-720428928#0,338.6
0.0,0.0,0.0,6.0,0.0,7.900000000000034,0.0,none,12785982588,-720428928#0,338.7
0.0,0.0,0.0,6.0,0.0,7.899999999999977,0.0,none,12785982588,-720428928#0,338.8
0.0,0.0,0.0,6.0,0.0,7.900000000000034,0.0,none,12785982588,-720428928#0,338.9
0.0,0.0,0.0,6.0,0.0,7.899999999999977,0.0,none,12785982588,-720428928#0,339.0
0.0,0.0,0.0,6.0,0.0,7.899999999999977,0.0,none,12785982588,-720428928#0,339.1
0.0,0.0,0.0,6.0,0.0,7.900000000000034,0.0,none,12785982588,-720428928#0,339.2
0.0,0.0,0.0,6.0,0.0,7.899999999999977,0.0,none,12785982588,-720428928#0,339.3
0.0,0.0,0.0,6.0,0.0,7.900000000000034,0.0,none,12785982588,-720428928#0,339.4
0.0,0.0,0.0,6.0,0.0,5.899999999999977,0.0,none,12785982588,-720428928#0,339.6
0.0,0.0,0.0,6.0,0.0,7.900000000000034,0.0,none,12785982588,-720428928#0,339.7
0.0,0.0,0.0,6.0,0.0,7.899999999999977,0.0,none,12785982588,-720428928#0,339.8
0.0,0.0,0.0,6.0,0.0,7.900000000000034,0.0,none,12785982588,-720428928#0,339.9
0.0,0.0,0.0,6.0,0.0,7.899999999999977,0.0,none,12785982588,-720428928#0,340.0
0.0,0.0,0.0,6.0,0.0,7.899999999999977,0.0,none,12785982588,-720428928#0,340.1
0.0,0.0,0.0,6.0,0.0,7.900000000000034,0.0,none,12785982588,-720428928#0,340.2
0.0,0.0,0.0,6.0,0.0,7.899999999999977,0.0,none,12785982588,-720428928#0,340.3
0.0,0.0,0.0,6.0,0.0,7.900000000000034,0.0,none,12785982588,-720428928#0,340.4
0.0,0.0,0.0,6.0,0.0,5.899999999999977,0.0,none,12785982588,-720428928#0,340.6
0.0,0.0,0.0,6.0,0.0,7.900000000000034,0.0,none,12785982588,-720428928#0,340.7
0.0,0.0,0.0,6.0,0.0,7.899999999999977,0.0,none,12785982588,-720428928#0,340.8
0.0,0.0,0.0,6.0,0.0,7.900000000000034,0.0,none,12785982588,-720428928#0,340.9
0.0,0.0,0.0,6.0,0.0,7.899999999999977,0.0,none,12785982588,-720428928#0,341.0
0.0,0.0,0.0,6.0,0.0,7.899999999999977,0.0,none,12785982588,-720428928#0,341.1
0.0,0.0,0.0,6.0,0.0,7.900000000000034,0.0,none,12785982588,-720428928#0,341.2
0.0,0.0,0.0,6.0,0.0,7.899999999999977,0.0,none,12785982588,-720428928#0,341.3
0.0,0.0,0.0,6.0,0.0,7.900000000000034,0.0,none,12785982588,-720428928#0,341.4
0.0,0.0,0.0,6.0,0.0,5.899999999999977,0.0,none,12785982588,-720428928#0,341.6
0.0,0.0,0.0,6.0,0.0,7.900000000000034,0.0,none,12785982588,-720428928#0,341.7
0.0,0.0,0.0,6.0,0.0,7.899999999999977,0.0,none,12785982588,-720428928#0,341.8
0.0,0.0,0.0,6.0,0.0,7.900000000000034,0.0,none,12785982588,-720428928#0,341.9
0.0,0.0,0.0,6.0,0.0,7.899999999999977,0.0,none,12785982588,-720428928#0,342.0
0.0,0.0,0.0,6.0,0.0,7.899999999999977,0.0,none,12785982588,-720428928#0,342.1
0.0,0.0,0.0,6.0,0.0,7.900000000000034,0.0,none,12785982588,-720428928#0,342.2
0.0,0.0,0.0,6.0,0.0,7.899999999999977,0.0,none,12785982588,-720428928#0,342.3
0.0,0.0,0.0,6.0,0.0,7.900000000000034,0.0,none,12785982588,-720428928#0,342.4
0.0,0.0,0.0,6.0,0.0,5.899999999999977,0.0,none,12785982588,-720428928#0,342.6
0.0,0.0,0.0,6.0,0.0,7.900000000000034,0.0,none,12785982588,-720428928#0,342.7
0.0,0.0,0.0,6.0,0.0,7.899999999999977,0.0,none,12785982588,-720428928#0,342.8
0.0,0.0,0.0,6.0,0.0,7.900000000000034,0.0,none,12785982588,-720428928#0,342.9
0.0,0.0,0.0,6.0,0.0,7.899999999999977,0.0,none,12785982588,-720428928#0,343.0
0.0,0.0,0.0,6.0,0.0,7.899999999999977,0.0,none,12785982588,-720428928#0,343.1
0.0,0.0,0.0,6.0,0.0,7.900000000000034,0.0,none,12785982588,-720428928#0,343.2
0.0,0.0,0.0,6.0,0.0,7.899999999999977,0.0,none,12785982588,-720428928#0,343.3
0.0,0.0,0.0,6.0,0.0,7.900000000000034,0.0,none,12785982588,-720428928#0,343.4
0.0,0.0,0.0,6.0,0.0,5.899999999999977,0.0,none,12785982588,-720428928#0,343.6
0.0,0.0,0.0,6.0,0.0,7.900000000000034,0.0,none,12785982588,-720428928#0,343.7
0.0,0.0,0.0,6.0,0.0,7.899999999999977,0.0,none,12785982588,-720428928#0,343.8
0.0,0.0,0.0,6.0,0.0,7.900000000000034,0.0,none,12785982588,-720428928#0,343.9
0.0,0.0,0.0,6.0,0.0,7.899999999999977,0.0,none,12785982588,-720428928#0,344.0
0.0,0.0,0.0,6.0,0.0,7.899999999999977,0.0,none,12785982588,-720428928#0,344.1
0.0,0.0,0.0,6.0,0.0,7.900000000000034,0.0,none,12785982588,-720428928#0,344.2
0.0,0.0,0.0,6.0,0.0,7.899999999999977,0.0,none,12785982588,-720428928#0,344.3
0.0,0.0,0.0,6.0,0.0,7.900000000000034,0.0,none,12785982588,-720428928#0,344.4
0.0,0.0,0.0,6.0,0.0,5.899999999999977,0.0,none,12785982588,-720428928#0,344.6
0.0,0.0,0.0,6.0,0.0,7.900000000000034,0.0,none,12785982588,-720428928#0,344.7
0.0,0.0,0.0,6.0,0.0,7.899999999999977,0.0,none,12785982588,-720428928#0,344.8
0.0,0.0,0.0,6.0,0.0,7.900000000000034,0.0,none,12785982588,-720428928#0,344.9
0.0,0.0,0.0,6.0,0.0,7.899999999999977,0.0,none,12785982588,-720428928#0,345.0
0.0,0.0,0.0,6.0,0.0,7.899999999999977,0.0,none,12785982588,-720428928#0,345.1
0.0,0.0,0.0,6.0,0.0,7.900000000000034,0.0,none,12785982588,-720428928#0,345.2
0.0,0.0,0.0,6.0,0.0,7.899999999999977,0.0,none,12785982588,-720428928#0,345.3
0.0,0.0,0.0,6.0,0.0,7.900000000000034,0.0,none,12785982588,-720428928#0,345.4
0.0,2.0,13.839199145638851,6.0,0.0,5.900000000000006,0.0,none,6761199165,720447016#3,77.1
0.0,2.0,13.798696834973526,6.0,0.0,7.8999999999999915,0.0,none,6761199165,720447016#3,77.2
0.0,2.0,13.784082205353771,6.0,0.0,7.900000000000006,0.0,none,6761199165,720447016#3,77.3
0.0,2.0,13.870508579018061,6.0,0.0,7.8999999999999915,0.0,none,6761199165,720447016#3,77.4
0.0,2.0,13.836005115178414,6.0,0.0,7.900000000000006,0.0,none,6761199165,720447016#3,77.5
0.0,2.0,13.835809355843812,6.0,0.0,7.900000000000006,0.0,none,6761199165,720447016#3,77.6
0.0,2.0,13.781272229023743,6.0,0.0,7.8999999999999915,0.0,none,6761199165,720447016#3,77.7
0.0,2.0,13.84175970724551,6.0,0.0,7.900000000000006,0.0,none,6761199165,720447016#3,77.8
0.0,2.0,13.871901401723736,6.0,0.0,7.8999999999999915,0.0,none,6761199165,720447016#3,77.9
0.0,2.0,13.805149660692551,6.0,0.0,5.900000000000006,0.0,none,6761199165,720447016#3,78.1
0.0,2.0,13.842931524000598,6.0,0.0,7.8999999999999915,0.0,none,6761199165,720447016#3,78.2
0.0,2.0,13.848430943132845,6.0,0.0,7.900000000000006,0.0,none,6761199165,720447016#3,78.3
0.0,2.0,13.8790282279416,6.0,0.0,7.8999999999999915,0.0,none,6761199165,720447016#3,78.4
0.0,2.0,13.823992397165858,6.0,0.0,7.900000000000006,0.0,none,6761199165,720447016#3,78.5
0.0,2.0,13.782619931125083,6.0,0.0,7.900000000000006,0.0,none,6761199165,720447016#3,78.6
0.0,2.0,13.876412775407081,6.0,0.0,7.8999999999999915,0.0,none,6761199165,720447016#3,78.7
0.0,2.0,13.799535175671336,6.0,0.0,7.900000000000006,0.0,none,6761199165,720447016#3,78.8
0.0,2.0,13.800955206782092,6.0,0.0,7.8999999999999915,0.0,none,6761199165,720447016#3,78.9
0.0,2.0,13.793437762367539,6.0,0.0,5.900000000000006,0.0,none,6761199165,720447016#3,79.1
0.0,2.0,13.882090301858263,6.0,0.0,7.8999999999999915,0.0,none,6761199165,720447016#3,79.2
0.0,2.0,13.851627488681116,6.0,0.0,7.900000000000006,0.0,none,6761199165,720447016#3,79.3
0.0,2.0,13.794144001810347,6.0,0.0,7.8999999999999915,0.0,none,6761199165,720447016#3,79.4
0.0,2.0,13.776217853494455,6.0,0.0,7.900000000000006,0.0,none,6761199165,720447016#3,79.5
0.0,2.0,13.865545376678929,6.0,0.0,7.900000000000006,0.0,none,6761199165,720447016#3,79.6
0.0,2.0,13.797926631593146,6.0,0.0,7.8999999999999915,0.0,none,6761199165,720447016#3,79.7
0.0,2.0,13.837582256041934,6.0,0.0,7.900000000000006,0.0,none,6761199165,720447016#3,79.8
0.0,2.0,13.77322532335762,6.0,0.0,7.8999999999999915,0.0,none,6761199165,720447016#3,79.9
0.0,2.0,13.826623049494811,6.0,0.0,5.900000000000006,0.0,none,6761199165,720447016#3,80.1
0.0,2.0,13.851098312372342,6.0,0.0,7.8999999999999915,0.0,none,6761199165,720447016#3,80.2
0.0,2.0,13.88716329670744,6.0,0.0,7.900000000000006,0.0,none,6761199165,720447016#3,80.3
0.0,2.0,13.771216152943671,6.0,0.0,7.8999999999999915,0.0,none,6761199165,720447016#3,80.4
0.0,2.0,13.77527869425947,6.0,0.0,7.900000000000006,0.0,none,6761199165,720447016#3,80.5
0.0,2.0,13.88885457362747,6.0,0.0,7.900000000000006,0.0,none,6761199165,720447016#3,80.6
0.0,2.0,13.880858026954812,6.0,0.0,7.8999999999999915,0.0,none,6761199165,720447016#3,80.7
0.0,2.0,13.835613529647235,6.0,0.0,7.900000000000006,0.0,none,6761199165,720447016#3,80.8
0.0,2.0,13.841463896273636,6.0,0.0,7.8999999999999915,0.0,none,6761199165,720447016#3,80.9
0.0,2.0,13.830956214128529,6.0,0.0,5.900000000000006,0.0,none,6761199165,720447016#3,81.1
0.0,2.0,13.773712468757294,6.0,0.0,7.8999999999999915,0.0,none,6761199165,720447016#3,81.2
0.0,2.0,13.85972370549338,6.0,0.0,7.900000000000006,0.0,none,6761199165,720447016#3,81.3
0.0,2.0,13.860620538857766,6.0,0.0,7.8999999999999915,0.0,none,6761199165,720447016#3,81.4
0.0,2.0,13.839877658609767,6.0,0.0,7.900000000000006,0.0,none,6761199165,720447016#3,81.5
0.0,2.0,13.785659160492942,6.0,0.0,7.900000000000006,0.0,none,6761199165,720447016#3,81.6
0.0,2.0,13.850085393481423,6.0,0.0,7.8999999999999915,0.0,none,6761199165,720447016#3,81.7
0.0,2.0,13.771058068228886,6.0,0.0,7.900000000000006,0.0,none,6761199165,720447016#3,81.8
0.0,2.0,13.795153566615191,6.0,0.0,7.8999999999999915,0.0,none,6761199165,720447016#3,81.9
0.0,2.0,13.871659319389146,6.0,0.0,5.900000000000006,0.0,none,6761199165,720447016#3,82.1
0.0,0.0,0.0,6.0,0.0,5.900000000000006,0.0,none,cluster_1312038051_6761199167,:6761199165_1,82.3
0.0,0.0,0.0,6.0,0.0,7.8999999999999915,0.0,none,cluster_1312038051_6761199167,:6761199165_1,82.4
0.0,0.0,0.0,6.0,0.0,7.900000000000006,0.0,none,cluster_1312038051_6761199167,:6761199165_1,82.5
0.0,0.0,0.0,6.0,0.0,7.900000000000006,0.0,none,cluster_1312038051_6761199167,:6761199165_1,82.6
0.0,0.0,0.0,6.0,0.0,7.8999999999999915,0.0,none,cluster_1312038051_6761199167,:6761199165_1,82.7
0.0,0.0,0.0,6.0,0.0,7.900000000000006,0.0,none,cluster_1312038051_6761199167,:6761199165_1,82.8
0.0,0.0,0.0,6.0,0.0,7.8999999999999915,0.0,none,cluster_1312038051_6761199167,:6761199165_1,82.9
0.0,0.0,0.0,6.0,0.0,7.900000000000006,0.0,none,cluster_1312038051_6761199167,:6761199165_1,83.0
0.0,0.0,0.0,6.0,0.0,7.900000000000006,0.0,none,cluster_1312038051_6761199167,:6761199165_1,83.1
0.0,3.0,13.887799967974425,6.0,0.0,5.900000000000006,0.0,none,cluster_1312038051_6761199167,720447016#4,83.3
0.0,3.0,13.836045099094045,6.0,0.0,7.8999999999999915,0.0,none,cluster_1312038051_6761199167,720447016#4,83.4
0.0,3.0,13.790339299645275,6.0,0.0,7.900000000000006,0.0,none,cluster_1312038051_6761199167,720447016#4,83.5
0.0,3.0,13.797692096338144,6.0,0.0,7.900000000000006,0.0,none,cluster_1312038051_6761199167,720447016#4,83.6
0.0,3.0,13.877378768995404,6.0,0.0,7.8999999999999915,0.0,none,cluster_1312038051_6761199167,720447016#4,83.7
0.0,3.0,13.802693140618503,6.0,0.0,7.900000000000006,0.0,none,cluster_1312038051_6761199167,720447016#4,83.8
0.0,3.0,13.82280973375775,6.0,0.0,7.8999999999999915,0.0,none,cluster_1312038051_6761199167,720447016#4,83.9
0.0,3.0,13.856089600797278,6.0,0.0,7.900000000000006,0.0,none,cluster_1312038051_6761199167,720447016#4,84.0
0.0,3.0,13.853867984339596,6.0,0.0,7.900000000000006,0.0,none,cluster_1312038051_6761199167,720447016#4,84.1
0.0,3.0,13.839269886759576,6.0,0.0,5.900000000000006,0.0,none,cluster_1312038051_6761199167,720447016#4,84.3
0.0,3.0,13.810998032598292,6.0,0.0,7.8999999999999915,0.0,none,cluster_1312038051_6761199167,720447016#4,84.4
0.0,3.0,13.825858921746258,6.0,0.0,7.900000000000006,0.0,none,cluster_1312038051_6761199167,720447016#4,84.5
0.0,3.0,13.869855621154421,6.0,0.0,7.900000000000006,0.0,none,cluster_1312038051_6761199167,720447016#4,84.6
0.0,3.0,13.838189608710818,6.0,0.0,7.8999999999999915,0.0,none,cluster_1312038051_6761199167,720447016#4,84.7
0.0,3.0,13.777740112631582,6.0,0.0,7.900000000000006,0.0,none,cluster_1312038051_6761199167,720447016#4,84.8
0.0,3.0,13.807743340316229,6.0,0.0,7.8999999999999915,0.0,none,cluster_1312038051_6761199167,720447016#4,84.9
0.0,3.0,13.84159245720366,6.0,0.0,7.900000000000006,0.0,none,cluster_1312038051_6761199167,720447016#4,85.0
0.0,3.0,13.832965333994943,6.0,0.0,7.900000000000006,0.0,none,cluster_1312038051_6761199167,720447016#4,85.1
0.0,3.0,13.827505818931387,6.0,0.0,5.900000000000006,0.0,none,cluster_1312038051_6761199167,720447016#4,85.3
0.0,3.0,13.846953598323744,6.0,0.0,7.8999999999999915,0.0,none,cluster_1312038051_6761199167,720447016#4,85.4
0.0,3.0,13.798848882860037,6.0,0.0,7.900000000000006,0.0,none,cluster_1312038051_6761199167,720447016#4,85.5
0.0,3.0,13.848352344625164,6.0,0.0,7.900000000000006,0.0,none,cluster_1312038051_6761199167,720447016#4,85.6
0.0,3.0,13.812562049899716,6.0,0.0,7.8999999999999915,0.0,none,cluster_1312038051_6761199167,720447016#4,85.7
0.0,3.0,13.79050859658979,6.0,0.0,7.900000000000006,0.0,none,cluster_1312038051_6761199167,720447016#4,85.8
0.0,3.0,13.794101817775518,6.0,0.0,7.8999999999999915,0.0,none,cluster_1312038051_6761199167,720447016#4,85.9
0.0,0.0,0.0,6.0,0.0,5.900000000000006,0.0,none,6761263034,:cluster_1312038051_6761199167_3,86.1
0.0,0.0,0.0,6.0,0.0,7.8999999999999915,0.0,none,6761263034,:cluster_1312038051_6761199167_3,86.2
0.0,0.0,0.0,6.0,0.0,7.900000000000006,0.0,none,6761263034,:cluster_1312038051_6761199167_3,86.3
0.0,0.0,0.0,6.0,0.0,7.8999999999999915,0.0,none,6761263034,:cluster_1312038051_6761199167_3,86.4
0.0,0.0,0.0,6.0,0.0,7.900000000000006,0.0,none,6761263034,:cluster_1312038051_6761199167_3,86.5
0.0,0.0,0.0,6.0,0.0,7.900000000000006,0.0,none,6761263034,:cluster_1312038051_6761199167_3,86.6
0.0,0.0,0.0,6.0,0.0,7.8999999999999915,0.0,none,6761263034,:cluster_1312038051_6761199167_3,86.7
0.0,0.0,0.0,6.0,0.0,7.900000000000006,0.0,none,6761263034,:cluster_1312038051_6761199167_3,86.8
0.0,0.0,0.0,6.0,0.0,7.8999999999999915,0.0,none,6761263034,:cluster_1312038051_6761199167_3,86.9
0.0,0.0,0.0,6.0,0.0,5.900000000000006,0.0,none,6761263034,:cluster_1312038051_6761199167_3,87.1
0.0,0.0,0.0,6.0,0.0,7.8999999999999915,0.0,none,6761263034,:cluster_1312038051_6761199167_3,87.2
0.0,0.0,0.0,6.0,0.0,7.900000000000006,0.0,none,6761263034,:cluster_1312038051_6761199167_3,87.3
0.0,0.0,0.0,6.0,0.0,7.8999999999999915,0.0,none,6761263034,:cluster_1312038051_6761199167_3,87.4
0.0,0.0,0.0,6.0,0.0,7.900000000000006,0.0,none,6761263034,:cluster_1312038051_6761199167_3,87.5
0.0,0.0,0.0,6.0,0.0,7.900000000000006,0.0,none,6761263034,:cluster_1312038051_6761199167_3,87.6
0.0,0.0,0.0,6.0,0.0,7.8999999999999915,0.0,none,6761263034,:cluster_1312038051_6761199167_3,87.7
0.0,0.0,0.0,6.0,0.0,7.900000000000006,0.0,none,6761263034,:cluster_1312038051_6761199167_3,87.8
0.0,0.0,0.0,6.0,0.0,7.8999999999999915,0.0,none,6761263034,:cluster_1312038051_6761199167_3,87.9
0.0,0.0,0.0,6.0,0.0,5.900000000000006,0.0,none,6761263034,:cluster_1312038051_6761199167_3,88.1
0.0,2.0,13.78346944594523,6.0,0.0,7.8999999999999915,0.0,none,6761263034,720447016#6,88.2
0.0,2.0,13.850068589665462,6.0,0.0,7.900000000000006,0.0,none,6761263034,720447016#6,88.3
0.0,2.0,13.870264356343542,6.0,0.0,7.8999999999999915,0.0,none,6761263034,720447016#6,88.4
0.0,2.0,13.872390186800622,6.0,0.0,7.900000000000006,0.0,none,6761263034,720447016#6,88.5
0.0,2.0,13.803691045106389,6.0,0.0,7.900000000000006,0.0,none,6761263034,720447016#6,88.6
0.0,2.0,13.794906346411445,6.0,0.0,7.8999999999999915,0.0,none,6761263034,720447016#6,88.7
0.0,2.0,13.830784051653463,6.0,0.0,7.900000000000006,0.0,none,6761263034,720447016#6,88.8
0.0,2.0,13.829228604005184,6.0,0.0,7.8999999999999915,0.0,none,6761263034,720447016#6,88.9
0.0,2.0,13.798257324085572,6.0,0.0,5.900000000000006,0.0,none,6761263034,720447016#6,89.1
0.0,2.0,13.77944991610013,6.0,0.0,7.8999999999999915,0.0,none,6761263034,720447016#6,89.2
0.0,2.0,13.80223791438155,6.0,0.0,7.900000000000006,0.0,none,6761263034,720447016#6,89.3
0.0,2.0,13.79904138078913,6.0,0.0,7.8999999999999915,0.0,none,6761263034,720447016#6,89.4
0.0,2.0,13.854358513548505,6.0,0.0,7.900000000000006,0.0,none,6761263034,720447016#6,89.5
0.0,2.0,13.772790044357535,6.0,0.0,7.900000000000006,0.0,none,6761263034,720447016#6,89.6
0.0,2.0,13.830700016894845,6.0,0.0,7.8999999999999915,0.0,none,6761263034,720447016#6,89.7
0.0,2.0,13.779791555583943,6.0,0.0,7.900000000000006,0.0,none,6761263034,720447016#6,89.8
0.0,2.0,13.773312230850571,6.0,0.0,7.8999999999999915,0.0,none,6761263034,720447016#6,89.9
0.0,2.0,13.833495628221426,6.0,0.0,5.900000000000006,0.0,none,6761263034,720447016#6,90.1
0.0,2.0,13.780994991606567,6.0,0.0,7.8999999999999915,0.0,none,6761263034,720447016#6,90.2
0.0,2.0,13.835407966300846,6.0,0.0,7.900000000000006,0.0,none,6761263034,720447016#6,90.3
0.0,2.0,13.851476141195745,6.0,0.0,7.8999999999999915,0.0,none,6761263034,720447016#6,90.4
0.0,2.0,13.840778544433416,6.0,0.0,7.900000000000006,0.0,none,6761263034,720447016#6,90.5
0.0,2.0,13.793846681525466,6.0,0.0,7.900000000000006,0.0,none,6761263034,720447016#6,90.6
0.0,0.0,0.0,6.0,0.0,5.900000000000006,0.0,none,1958700750,-185305419#6,128.9
0.0,0.0,0.0,6.0,0.0,7.900000000000006,0.0,none,1958700750,-185305419#6,129.0
0.0,0.0,0.0,6.0,0.0,7.900000000000006,0.0,none,1958700750,-185305419#6,129.1
0.0,0.0,0.0,6.0,0.0,7.900000000000006,0.0,none,1958700750,-185305419#6,129.2
0.0,0.0,0.0,6.0,0.0,7.899999999999977,0.0,none,1958700750,-185305419#6,129.3
0.0,0.0,0.0,6.0,0.0,7.900000000000006,0.0,none,1958700750,-185305419#6,129.4
0.0,0.0,0.0,6.0,0.0,7.900000000000006,0.0,none,1958700750,-185305419#6,129.5
0.0,0.0,0.0,6.0,0.0,7.900000000000006,0.0,none,1958700750,-185305419#6,129.6
0.0,0.0,0.0,6.0,0.0,7.900000000000006,0.0,none,1958700750,-185305419#6,129.7
0.0,0.0,0.0,6.0,0.0,5.900000000000006,0.0,none,1958700750,-185305419#6,129.9
0.0,0.0,0.0,6.0,0.0,7.900000000000006,0.0,none,1958700750,-185305419#6,130.0
0.0,0.0,0.0,6.0,0.0,7.900000000000006,0.0,none,1958700750,-185305419#6,130.1
0.0,0.0,0.0,6.0,0.0,7.900000000000006,0.0,none,1958700750,-185305419#6,130.2
0.0,0.0,0.0,6.0,0.0,7.899999999999977,0.0,none,1958700750,-185305419#6,130.3
0.0,0.0,0.0,6.0,0.0,7.900000000000006,0.0,none,1958700750,-185305419#6,130.4
0.0,0.0,0.0,6.0,0.0,7.900000000000006,0.0,none,1958700750,-185305419#6,130.5
0.0,0.0,0.0,6.0,0.0,7.900000000000006,0.0,none,1958700750,-185305419#6,130.6
0.0,0.0,0.0,6.0,0.0,7.900000000000006,0.0,none,1958700750,-185305419#6,130.7
0.0,0.0,0.0,6.0,0.0,5.900000000000006,0.0,none,1958700750,-185305419#6,130.9
0.0,0.0,0.0,6.0,0.0,7.900000000000006,0.0,none,1958700750,-185305419#6,131.0
0.0,0.0,0.0,6.0,0.0,7.900000000000006,0.0,none,1958700750,-185305419#6,131.1
0.0,0.0,0.0,6.0,0.0,7.900000000000006,0.0,none,1958700750,:9855153816_0,131.2
0.0,0.0,0.0,6.0,0.0,7.899999999999977,0.0,none,1958700750,:9855153816_0,131.3
0.0,0.0,0.0,6.0,0.0,7.900000000000006,0.0,none,1958700750,:9855153816_0,131.4
0.0,0.0,0.0,6.0,0.0,7.900000000000006,0.0,none,1958700750,:9855153816_0,131.5
0.0,0.0,0.0,6.0,0.0,7.900000000000006,0.0,none,1958700750,:9855153816_0,131.6
0.0,0.0,0.0,6.0,0.0,7.900000000000006,0.0,none,1958700750,:9855153816_0,131.7
0.0,0.0,0.0,6.0,0.0,5.900000000000006,0.0,none,1958700750,:9855153816_0,131.9
0.0,4.0,17.027720431545486,6.0,0.0,7.900000000000006,0.0,none,1958700750,-185305419#5,132.0
0.0,4.0,17.287276041004546,6.0,0.0,7.900000000000006,0.0,none,1958700750,-185305419#5,132.1
0.0,4.0,17.47437490059037,6.0,0.0,7.900000000000006,0.0,none,1958700750,-185305419#5,132.2
0.0,4.0,17.606589421354908,6.0,0.0,7.899999999999977,0.0,none,1958700750,-185305419#5,132.3
0.0,4.0,17.7985941951277,6.0,0.0,7.900000000000006,0.0,none,1958700750,-185305419#5,132.4
0.0,4.0,18.03671803756126,6.0,0.0,7.900000000000006,0.0,none,1958700750,-185305419#5,132.5
0.0,4.0,18.27870628009758,6.0,0.0,7.900000000000006,0.0,none,1958700750,-185305419#5,132.6
0.0,4.0,18.485245274442466,6.0,0.0,7.900000000000006,0.0,none,1958700750,-185305419#5,132.7
0.0,4.0,18.829929053848364,6.0,0.0,5.900000000000006,0.0,none,1958700750,-185305419#5,132.9
0.0,4.0,19.078243687711414,6.0,0.0,7.900000000000006,0.0,none,1958700750,-185305419#5,133.0
0.0,4.0,19.240254367950598,6.0,0.0,7.900000000000006,0.0,none,1958700750,-185305419#5,133.1
0.0,4.0,19.408338191625425,6.0,0.0,7.900000000000006,0.0,none,1958700750,-185305419#5,133.2
0.0,4.0,19.604629822650224,6.0,0.0,7.899999999999977,0.0,none,1958700750,-185305419#5,133.3
0.0,4.0,19.751587801321644,6.0,0.0,7.900000000000006,0.0,none,1958700750,-185305419#5,133.4
0.0,4.0,19.891912140634147,6.0,0.0,7.900000000000006,0.0,none,1958700750,-185305419#5,133.5
0.0,4.0,20.029371900567558,6.0,0.0,7.900000000000006,0.0,none,1958700750,-185305419#5,133.6
0.0,4.0,20.16478551928863,6.0,0.0,7.900000000000006,0.0,none,1958700750,-185305419#5,133.7
0.0,3.0,22.166461169971154,6.0,0.0,5.900000000000006,0.0,none,1958700762,-185305419#3,139.9
0.0,3.0,22.20884494982194,6.0,0.0,7.900000000000006,0.0,none,1958700762,-185305419#3,140.0
0.0,3.0,22.16856690088287,6.0,0.0,7.900000000000006,0.0,none,1958700762,-185305419#3,140.1
0.0,3.0,22.141821755524727,6.0,0.0,7.900000000000006,0.0,none,1958700762,-185305419#3,140.2
0.0,3.0,22.102140268536754,6.0,0.0,7.899999999999977,0.0,none,1958700762,-185305419#3,140.3
0.0,3.0,22.100233727896114,6.0,0.0,7.900000000000006,0.0,none,1958700762,-185305419#3,140.4
0.0,3.0,22.09141231008107,6.0,0.0,7.900000000000006,0.0,none,1958700762,-185305419#3,140.5
0.0,3.0,22.13660532593727,6.0,0.0,7.900000000000006,0.0,none,1958700762,-185305419#3,140.6
0.0,3.0,22.136090760317163,6.0,0.0,7.900000000000006,0.0,none,1958700762,-185305419#3,140.7
0.0,3.0,22.20871480384842,6.0,0.0,5.900000000000006,0.0,none,1958700762,-185305419#3,140.9
0.0,3.0,22.21423093538731,6.0,0.0,7.900000000000006,0.0,none,1958700762,-185305419#3,141.0
0.0,3.0,22.09158078876091,6.0,0.0,7.900000000000006,0.0,none,1958700762,-185305419#3,141.1
0.0,3.0,22.18366310341516,6.0,0.0,7.900000000000006,0.0,none,1958700762,-185305419#3,141.2
0.0,3.0,22.13216830882477,6.0,0.0,7.899999999999977,0.0,none,1958700762,-185305419#3,141.3
0.0,3.0,22.143900132926646,6.0,0.0,7.900000000000006,0.0,none,1958700762,-185305419#3,141.4
0.0,3.0,22.124090225319378,6.0,0.0,7.900000000000006,0.0,none,1958700762,-185305419#3,141.5
0.0,3.0,22.204587029397953,6.0,0.0,7.900000000000006,0.0,none,1958700762,-185305419#3,141.6
0.0,3.0,22.17200870369561,6.0,0.0,7.900000000000006,0.0,none,1958700762,-185305419#3,141.7
0.0,3.0,22.142955870328006,6.0,0.0,5.900000000000006,0.0,none,1958700762,-185305419#3,141.9
0.0,3.0,22.15287178675644,6.0,0.0,7.900000000000006,0.0,none,1958700762,-185305419#3,142.0
0.0,3.0,22.109841166171247,6.0,0.0,7.900000000000006,0.0,none,1958700762,-185305419#3,142.1
0.0,3.0,22.212226384745446,6.0,0.0,7.900000000000006,0.0,none,1958700762,-185305419#3,142.2
0.0,3.0,22.21115329186199,6.0,0.0,7.899999999999977,0.0,none,1958700762,-185305419#3,142.3
0.0,3.0,22.217466804555148,6.0,0.0,7.900000000000006,0.0,none,1958700762,-185305419#3,142.4
0.0,3.0,22.125558340027926,6.0,0.0,7.900000000000006,0.0,none,1958700762,-185305419#3,142.5
0.0,3.0,22.15501314214664,6.0,0.0,7.900000000000006,0.0,none,1958700762,-185305419#3,142.6
0.0,3.0,22.115680630935817,6.0,0.0,7.900000000000006,0.0,none,1958700762,-185305419#3,142.7
0.0,3.0,22.192104880323168,6.0,0.0,5.900000000000006,0.0,none,1958700762,-185305419#3,142.9
0.0,3.0,22.207493629364762,6.0,0.0,7.900000000000006,0.0,none,1958700762,-185305419#3,143.0
0.0,3.0,22.09143550361972,6.0,0.0,7.900000000000006,0.0,none,1958700762,-185305419#3,143.1
0.0,3.0,22.19728073543636,6.0,0.0,7.900000000000006,0.0,none,1958700762,-185305419#3,143.2
0.0,3.0,22.16351711343508,6.0,0.0,7.899999999999977,0.0,none,1958700762,-185305419#3,143.3
0.0,3.0,22.146687266251536,6.0,0.0,7.900000000000006,0.0,none,1958700762,-185305419#3,143.4
0.0,3.0,22.127052232131827,6.0,0.0,7.900000000000006,0.0,none,1958700762,-185305419#3,143.5
0.0,3.0,22.16177833651425,6.0,0.0,7.900000000000006,0.0,none,1958700762,-185305419#3,143.6
0.0,3.0,22.155550296944565,6.0,0.0,7.900000000000006,0.0,none,1958700762,-185305419#3,143.7
0.0,3.0,22.200647295159285,6.0,0.0,5.900000000000006,0.0,none,1958700762,-185305419#3,143.9
0.0,3.0,22.1688026977377,6.0,0.0,7.900000000000006,0.0,none,1958700762,-185305419#3,144.0
0.0,3.0,22.12167405743152,6.0,0.0,7.900000000000006,0.0,none,1958700762,-185305419#3,144.1
0.0,3.0,22.155061449909116,6.0,0.0,7.900000000000006,0.0,none,1958700762,-185305419#3,144.2
0.0,0.0,0.0,6.0,0.0,5.900000000000006,0.0,none,4052829346,-185305419#2,147.7
0.0,0.0,0.0,6.0,0.0,7.899999999999977,0.0,none,4052829346,-185305419#2,147.8
0.0,0.0,0.0,6.0,0.0,7.900000000000006,0.0,none,4052829346,-185305419#2,147.9
0.0,0.0,0.0,6.0,0.0,7.900000000000006,0.0,none,4052829346,-185305419#2,148.0
0.0,0.0,0.0,6.0,0.0,7.900000000000006,0.0,none,4052829346,-185305419#2,148.1
0.0,0.0,0.0,6.0,0.0,7.900000000000006,0.0,none,4052829346,-185305419#2,148.2
0.0,0.0,0.0,6.0,0.0,7.899999999999977,0.0,none,4052829346,-185305419#2,148.3
0.0,0.0,0.0,6.0,0.0,7.900000000000006,0.0,none,4052829346,-185305419#2,148.4
0.0,0.0,0.0,6.0,0.0,7.900000000000006,0.0,none,4052829346,-185305419#2,148.5
0.0,0.0,0.0,6.0,0.0,5.900000000000006,0.0,none,4052829346,-185305419#2,148.7
0.0,0.0,0.0,6.0,0.0,7.899999999999977,0.0,none,4052829346,-185305419#2,148.8
0.0,0.0,0.0,6.0,0.0,7.900000000000006,0.0,none,4052829346,-185305419#2,148.9
0.0,0.0,0.0,6.0,0.0,7.900000000000006,0.0,none,4052829346,-185305419#2,149.0
0.0,0.0,0.0,6.0,0.0,7.900000000000006,0.0,none,4052829346,-185305419#2,149.1
0.0,0.0,0.0,6.0,0.0,7.900000000000006,0.0,none,4052829346,:12785982598_4,149.2
0.0,0.0,0.0,6.0,0.0,7.899999999999977,0.0,none,4052829346,:12785982598_4,149.3
0.0,0.0,0.0,6.0,0.0,7.900000000000006,0.0,none,4052829346,:12785982598_4,149.4
0.0,0.0,0.0,6.0,0.0,7.900000000000006,0.0,none,4052829346,:12785982598_4,149.5
0.0,0.0,0.0,6.0,0.0,5.900000000000006,0.0,none,4052829346,:12785982598_4,149.7
0.0,4.0,21.576418010620607,6.0,0.0,7.899999999999977,0.0,none,4052829346,-185305419#1,149.8
0.0,4.0,21.81481150080471,6.0,0.0,7.900000000000006,0.0,none,4052829346,-185305419#1,149.9
0.0,4.0,22.050437001770106,6.0,0.0,7.900000000000006,0.0,none,4052829346,-185305419#1,150.0
0.0,4.0,22.218166912763845,6.0,0.0,7.900000000000006,0.0,none,4052829346,-185305419#1,150.1
0.0,4.0,22.137784651422407,6.0,0.0,7.900000000000006,0.0,none,4052829346,-185305419#1,150.2
0.0,4.0,22.17733870974509,6.0,0.0,7.899999999999977,0.0,none,4052829346,-185305419#1,150.3
0.0,4.0,22.153283093241043,6.0,0.0,7.900000000000006,0.0,none,4052829346,-185305419#1,150.4
0.0,4.0,22.11881839569658,6.0,0.0,7.900000000000006,0.0,none,4052829346,-185305419#1,150.5
0.0,4.0,22.156356344216036,6.0,0.0,5.900000000000006,0.0,none,4052829346,-185305419#1,150.7
0.0,4.0,22.162638110546393,6.0,0.0,7.899999999999977,0.0,none,4052829346,-185305419#1,150.8
0.0,4.0,22.137470799642614,6.0,0.0,7.900000000000006,0.0,none,4052829346,-185305419#1,150.9
0.0,4.0,22.097941632953006,6.0,0.0,7.900000000000006,0.0,none,4052829346,-185305419#1,151.0
0.0,4.0,22.10223576051416,6.0,0.0,7.900000000000006,0.0,none,4052829346,-185305419#1,151.1
0.0,4.0,22.154748647853264,6.0,0.0,7.900000000000006,0.0,none,4052829346,-185305419#1,151.2
0.0,4.0,22.212216206681912,6.0,0.0,7.899999999999977,0.0,none,4052829346,-185305419#1,151.3
0.0,4.0,22.168234811977015,6.0,0.0,7.900000000000006,0.0,none,4052829346,-185305419#1,151.4
0.0,4.0,22.18976460253354,6.0,0.0,7.900000000000006,0.0,none,4052829346,-185305419#1,151.5
0.0,4.0,22.11491078738123,6.0,0.0,5.900000000000006,0.0,none,4052829346,-185305419#1,151.7
0.0,4.0,22.17224112255266,6.0,0.0,7.899999999999977,0.0,none,4052829346,-185305419#1,151.8
0.0,4.0,22.21272711865371,6.0,0.0,7.900000000000006,0.0,none,4052829346,-185305419#1,151.9
0.0,4.0,22.09551376476418,6.0,0.0,7.900000000000006,0.0,none,4052829346,-185305419#1,152.0
0.0,4.0,22.123940054744015,6.0,0.0,7.900000000000006,0.0,none,4052829346,-185305419#1,152.1
0.0,24.0,7.952571841296247,6.0,0.0,5.900000000000006,0.0,none,cluster_1879453156_6762399352,177523174#1,190.5
0.0,24.0,8.14062504400903,6.0,0.0,7.900000000000006,0.0,none,cluster_1879453156_6762399352,177523174#1,190.6
0.0,24.0,8.352782258422364,6.0,0.0,7.900000000000006,0.0,none,cluster_1879453156_6762399352,177523174#1,190.7
0.0,24.0,8.50711025643614,6.0,0.0,7.899999999999977,0.0,none,cluster_1879453156_6762399352,177523174#1,190.8
0.0,24.0,8.662029437685112,6.0,0.0,7.900000000000006,0.0,none,cluster_1879453156_6762399352,177523174#1,190.9
0.0,24.0,8.82457242523929,6.0,0.0,7.900000000000006,0.0,none,cluster_1879453156_6762399352,177523174#1,191.0
0.0,24.0,8.975768514818474,6.0,0.0,7.900000000000006,0.0,none,cluster_1879453156_6762399352,177523174#1,191.1
0.0,24.0,9.133367934783037,6.0,0.0,7.900000000000006,0.0,none,cluster_1879453156_6762399352,177523174#1,191.2
0.0,20.0,8.663517337038169,6.0,0.0,7.899999999999977,0.0,none,cluster_1879453156_6762399352,177523174#1,191.3
0.0,20.0,9.032917761575286,6.0,0.0,5.900000000000006,0.0,none,cluster_1879453156_6762399352,177523174#1,191.5
0.0,20.0,9.193636783714084,6.0,0.0,7.900000000000006,0.0,none,cluster_1879453156_6762399352,177523174#1,191.6
0.0,20.0,9.348685153684759,6.0,0.0,7.900000000000006,0.0,none,cluster_1879453156_6762399352,177523174#1,191.7
0.0,20.0,9.516907087500153,6.0,0.0,7.899999999999977,0.0,none,cluster_1879453156_6762399352,177523174#1,191.8
0.0,20.0,9.681578940700074,6.0,0.0,7.900000000000006,0.0,none,cluster_1879453156_6762399352,177523174#1,191.9
0.0,20.0,9.854491453715543,6.0,0.0,7.900000000000006,0.0,none,cluster_1879453156_6762399352,177523174#1,192.0
0.0,20.0,10.022389465393427,6.0,0.0,7.900000000000006,0.0,none,cluster_1879453156_6762399352,177523174#1,192.1
0.0,20.0,10.224865794099726,6.0,0.0,7.900000000000006,0.0,none,cluster_1879453156_6762399352,177523174#1,192.2
0.0,20.0,10.412966454038042,6.0,0.0,7.899999999999977,0.0,none,cluster_1879453156_6762399352,177523174#1,192.3
0.0,20.0,10.708406836648667,6.0,0.0,5.900000000000006,0.0,none,cluster_1879453156_6762399352,177523174#1,192.5
0.0,16.0,10.258068903352926,6.0,0.0,7.900000000000006,0.0,none,cluster_1879453156_6762399352,177523174#1,192.6
0.0,16.0,10.446441385726343,6.0,0.0,7.900000000000006,0.0,none,cluster_1879453156_6762399352,177523174#1,192.7
0.0,16.0,10.581794786390676,6.0,0.0,7.899999999999977,0.0,none,cluster_1879453156_6762399352,177523174#1,192.8
0.0,16.0,10.813139135288864,6.0,0.0,7.900000000000006,0.0,none,cluster_1879453156_6762399352,177523174#1,192.9
0.0,16.0,11.024401656552433,6.0,0.0,7.900000000000006,0.0,none,cluster_1879453156_6762399352,177523174#1,193.0
0.0,16.0,11.177379555982828,6.0,0.0,7.900000000000006,0.0,none,cluster_1879453156_6762399352,177523174#1,193.1
0.0,16.0,11.382821563655321,6.0,0.0,7.900000000000006,0.0,none,cluster_1879453156_6762399352,177523174#1,193.2
0.0,16.0,11.56819820372927,6.0,0.0,7.899999999999977,0.0,none,cluster_1879453156_6762399352,177523174#1,193.3
0.0,16.0,11.896051499730516,6.0,0.0,5.900000000000006,0.0,none,cluster_1879453156_6762399352,177523174#1,193.5
0.0,16.0,12.081719666514381,6.0,0.0,7.900000000000006,0.0,none,cluster_1879453156_6762399352,177523174#1,193.6
0.0,16.0,12.241163723776005,6.0,0.0,7.900000000000006,0.0,none,cluster_1879453156_6762399352,177523174#1,193.7
0.0,16.0,12.390699014801152,6.0,0.0,7.899999999999977,0.0,none,cluster_1879453156_6762399352,177523174#1,193.8
0.0,12.0,11.841175729904654,6.0,0.0,7.900000000000006,0.0,none,cluster_1879453156_6762399352,177523174#1,193.9
0.0,12.0,12.054077060139802,6.0,0.0,7.900000000000006,0.0,none,cluster_1879453156_6762399352,177523174#1,194.0
0.0,12.0,12.215137232419673,6.0,0.0,7.900000000000006,0.0,none,cluster_1879453156_6762399352,177523174#1,194.1
0.0,12.0,12.368867071699611,6.0,0.0,7.900000000000006,0.0,none,cluster_1879453156_6762399352,177523174#1,194.2
0.0,12.0,12.569132254311766,6.0,0.0,7.899999999999977,0.0,none,cluster_1879453156_6762399352,177523174#1,194.3
0.0,12.0,12.925185948177308,6.0,0.0,5.900000000000006,0.0,none,cluster_1879453156_6762399352,177523174#1,194.5
0.0,12.0,13.075117066725584,6.0,0.0,7.900000000000006,0.0,none,cluster_1879453156_6762399352,177523174#1,194.6
0.0,12.0,13.281686660771063,6.0,0.0,7.900000000000006,0.0,none,cluster_1879453156_6762399352,177523174#1,194.7
0.0,12.0,13.457081000271126,6.0,0.0,7.899999999999977,0.0,none,cluster_1879453156_6762399352,177523174#1,194.8
0.0,12.0,13.636265140704268,6.0,0.0,7.900000000000006,0.0,none,cluster_1879453156_6762399352,177523174#1,194.9
0.0,12.0,13.84709019594042,6.0,0.0,7.900000000000006,0.0,none,cluster_1879453156_6762399352,177523174#1,195.0
0.0,8.0,13.38948780731236,6.0,0.0,7.900000000000006,0.0,none,cluster_1879453156_6762399352,177523174#1,195.1
0.0,8.0,13.513390614666958,6.0,0.0,7.900000000000006,0.0,none,cluster_1879453156_6762399352,177523174#1,195.2
0.0,8.0,13.692239627582701,6.0,0.0,7.899999999999977,0.0,none,cluster_1879453156_6762399352,177523174#1,195.3
0.0,8.0,14.066531784178288,6.0,0.0,5.900000000000006,0.0,none,cluster_1879453156_6762399352,177523174#1,195.5
0.0,8.0,14.257732796810927,6.0,0.0,7.900000000000006,0.0,none,cluster_1879453156_6762399352,177523174#1,195.6
0.0,8.0,14.456818377666494,6.0,0.0,7.900000000000006,0.0,none,cluster_1879453156_6762399352,177523174#1,195.7
0.0,8.0,14.609433164520738,6.0,0.0,7.899999999999977,0.0,none,cluster_1879453156_6762399352,177523174#1,195.8
0.0,8.0,14.763123160901149,6.0,0.0,7.900000000000006,0.0,none,cluster_1879453156_6762399352,177523174#1,195.9
0.0,8.0,14.953041356071033,6.0,0.0,7.900000000000006,0.0,none,cluster_1879453156_6762399352,177523174#1,196.0
0.0,8.0,15.088682521854725,6.0,0.0,7.900000000000006,0.0,none,cluster_1879453156_6762399352,177523174#1,196.1
0.0,8.0,15.197995539357818,6.0,0.0,7.900000000000006,0.0,none,cluster_1879453156_6762399352,177523174#1,196.2
0.0,4.0,14.809561704096682,6.0,0.0,7.899999999999977,0.0,none,cluster_1879453156_6762399352,177523174#1,196.3
0.0,4.0,15.050491686245238,6.0,0.0,5.900000000000006,0.0,none,cluster_1879453156_6762399352,177523174#1,196.5
0.0,4.0,14.823101812130773,6.0,0.0,7.900000000000006,0.0,none,cluster_1879453156_6762399352,177523174#1,196.6
0.0,4.0,14.373101812130773,6.0,0.0,7.900000000000006,0.0,none,cluster_1879453156_6762399352,177523174#1,196.7
0.0,4.0,13.923101812130774,6.0,0.0,7.899999999999977,0.0,none,cluster_1879453156_6762399352,177523174#1,196.8
0.0,4.0,13.473101812130775,6.0,0.0,7.900000000000006,0.0,none,cluster_1879453156_6762399352,177523174#1,196.9
0.0,4.0,13.069536546834279,6.0,0.0,7.900000000000006,0.0,none,cluster_1879453156_6762399352,177523174#1,197.0
0.0,4.0,12.61953654683428,6.0,0.0,7.900000000000006,0.0,none,cluster_1879453156_6762399352,177523174#1,197.1
0.0,4.0,12.16953654683428,6.0,0.0,7.900000000000006,0.0,none,cluster_1879453156_6762399352,177523174#1,197.2
0.0,4.0,11.71953654683428,6.0,0.0,7.899999999999977,0.0,none,cluster_1879453156_6762399352,177523174#1,197.3
0.0,4.0,10.819536546834282,6.0,0.0,5.900000000000006,0.0,none,cluster_1879453156_6762399352,177523174#1,197.5
0.0,4.0,10.369536546834283,6.0,0.0,7.900000000000006,0.0,none,cluster_1879453156_6762399352,177523174#1,197.6
0.0,4.0,9.919536546834284,6.0,0.0,7.900000000000006,0.0,none,cluster_1879453156_6762399352,177523174#1,197.7
0.0,9.0,3.5408631855343775,6.0,3.0,5.899999999999977,0.0,none,3674753867,-1348683099#0,283.3
0.0,9.0,3.4033435294370875,6.0,3.0,7.900000000000034,0.0,none,3674753867,-1348683099#0,283.4
0.0,9.0,3.3163643355493164,6.0,3.0,7.899999999999977,0.0,none,3674753867,-1348683099#0,283.5
0.0,9.0,3.138032749662793,6.0,3.0,7.899999999999977,0.0,none,3674753867,-1348683099#0,283.6
0.0,9.0,3.0112736421527777,6.0,3.0,7.900000000000034,0.0,none,3674753867,-1348683099#0,283.7
0.0,9.0,2.933072934909481,6.0,3.0,7.899999999999977,0.0,none,3674753867,-1348683099#0,283.8
0.0,9.0,2.7966396562565854,6.0,3.0,7.900000000000034,0.0,none,3674753867,-1348683099#0,283.9
0.0,9.0,2.6775230243946537,6.0,3.0,7.899999999999977,0.0,none,3674753867,-1348683099#0,284.0
0.0,9.0,2.564806246588796,6.0,3.0,7.899999999999977,0.0,none,3674753867,-1348683099#0,284.1
0.0,9.0,2.319931647905459,6.0,3.0,5.899999999999977,0.0,none,3674753867,-1348683099#0,284.3
0.0,9.0,2.2488787410188347,6.0,3.0,7.900000000000034,0.0,none,3674753867,-1348683099#0,284.4
0.0,9.0,2.0961109499444923,6.0,3.0,7.899999999999977,0.0,none,3674753867,-1348683099#0,284.5
0.0,9.0,2.042948215934258,6.0,3.0,7.899999999999977,0.0,none,3674753867,-1348683099#0,284.6
0.0,9.0,1.9311274776152334,6.0,3.0,7.900000000000034,0.0,none,3674753867,-1348683099#0,284.7
0.0,9.0,1.8473328410215004,6.0,3.0,7.899999999999977,0.0,none,3674753867,-1348683099#0,284.8
0.0,9.0,1.734621331520126,6.0,3.0,7.900000000000034,0.0,none,3674753867,-1348683099#0,284.9
0.0,9.0,1.6714807758429011,6.0,3.0,7.899999999999977,0.0,none,3674753867,-1348683099#0,285.0
0.0,12.0,3.185180048837312,6.0,3.0,7.899999999999977,0.0,none,3674753867,-1348683099#0,285.1
0.0,12.0,3.1766241428911606,6.0,3.0,5.899999999999977,0.0,none,3674753867,-1348683099#0,285.3
0.0,12.0,3.177684379391278,6.0,3.0,7.900000000000034,0.0,none,3674753867,-1348683099#0,285.4
0.0,12.0,3.160936621891242,6.0,3.0,7.899999999999977,0.0,none,3674753867,-1348683099#0,285.5
0.0,12.0,3.1406631212712113,6.0,3.0,7.899999999999977,0.0,none,3674753867,-1348683099#0,285.6
0.0,12.0,3.1556628169530203,6.0,3.0,7.900000000000034,0.0,none,3674753867,-1348683099#0,285.7
0.0,12.0,3.133808141939903,6.0,3.0,7.899999999999977,0.0,none,3674753867,-1348683099#0,285.8
0.0,12.0,3.1582929475746724,6.0,3.0,7.900000000000034,0.0,none,3674753867,-1348683099#0,285.9
0.0,12.0,3.189676396484632,6.0,3.0,7.899999999999977,0.0,none,3674753867,-1348683099#0,286.0
0.0,12.0,3.2037092000998615,6.0,3.0,7.899999999999977,0.0,none,3674753867,-1348683099#0,286.1
0.0,12.0,3.2104009062643155,6.0,3.0,5.899999999999977,0.0,none,3674753867,-1348683099#0,286.3
0.0,12.0,3.2226785837868235,6.0,3.0,7.900000000000034,0.0,none,3674753867,-1348683099#0,286.4
0.0,12.0,3.212742235980697,6.0,3.0,7.899999999999977,0.0,none,3674753867,-1348683099#0,286.5
0.0,12.0,3.2291899408707567,6.0,3.0,7.899999999999977,0.0,none,3674753867,-1348683099#0,286.6
0.0,12.0,3.258036847353985,6.0,3.0,7.900000000000034,0.0,none,3674753867,-1348683099#0,286.7
0.0,12.0,3.2757528184620592,6.0,3.0,7.899999999999977,0.0,none,3674753867,-1348683099#0,286.8
0.0,12.0,3.317996824357513,6.0,3.0,7.900000000000034,0.0,none,3674753867,-1348683099#0,286.9
0.0,12.0,3.333860771982954,6.0,3.0,7.899999999999977,0.0,none,3674753867,-1348683099#0,287.0
0.0,12.0,3.3573661350035713,6.0,3.0,7.899999999999977,0.0,none,3674753867,-1348683099#0,287.1
0.0,12.0,3.256388429772708,6.0,3.0,5.899999999999977,0.0,none,3674753867,-1348683099#0,287.3
0.0,12.0,3.1621702640661185,6.0,3.0,7.900000000000034,0.0,none,3674753867,-1348683099#0,287.4
0.0,12.0,3.069757478917133,6.0,3.0,7.899999999999977,0.0,none,3674753867,-1348683099#0,287.5
0.0,12.0,2.9596625258986715,6.0,3.0,7.899999999999977,0.0,none,3674753867,-1348683099#0,287.6
0.0,12.0,2.8623589430585312,6.0,3.0,7.900000000000034,0.0,none,3674753867,-1348683099#0,287.7
0.0,12.0,2.792361270567277,6.0,6.0,7.899999999999977,0.0,none,3674753867,-1348683099#0,287.8
0.0,12.0,2.6748123710926834,6.0,6.0,7.900000000000034,0.0,none,3674753867,-1348683099#0,287.9
0.0,12.0,2.6130282440068457,6.0,6.0,7.899999999999977,0.0,none,3674753867,-1348683099#0,288.0
0.0,12.0,2.5152826601666245,6.0,6.0,7.899999999999977,0.0,none,3674753867,-1348683099#0,288.1
0.0,12.0,2.3526439997417414,6.0,6.0,5.899999999999977,0.0,none,3674753867,-1348683099#0,288.3
0.0,12.0,2.259925848947185,6.0,6.0,7.900000000000034,0.0,none,3674753867,-1348683099#0,288.4
0.0,12.0,2.1587788918712523,6.0,6.0,7.899999999999977,0.0,none,3674753867,-1348683099#0,288.5
0.0,12.0,2.0864588686591277,6.0,6.0,7.899999999999977,0.0,none,3674753867,-1348683099#0,288.6
0.0,12.0,2.0196015734365216,6.0,6.0,7.900000000000034,0.0,none,3674753867,-1348683099#0,288.7
0.0,12.0,1.9532028588458796,6.0,6.0,7.899999999999977,0.0,none,3674753867,-1348683099#0,288.8
0.0,12.0,1.860614203854598,6.0,6.0,7.900000000000034,0.0,none,3674753867,-1348683099#0,288.9
0.0,12.0,1.7806584497197575,6.0,6.0,7.899999999999977,0.0,none,3674753867,-1348683099#0,289.0
0.0,12.0,1.719666544470795,6.0,6.0,7.899999999999977,0.0,none,3674753867,-1348683099#0,289.1
0.0,12.0,1.5602666289206535,6.0,6.0,5.899999999999977,0.0,none,3674753867,-1348683099#0,289.3
0.0,12.0,1.5125079063619518,6.0,6.0,7.900000000000034,0.0,none,3674753867,-1348683099#0,289.4
0.0,12.0,1.4413278542635848,6.0,6.0,7.899999999999977,0.0,none,3674753867,-1348683099#0,289.5
0.0,12.0,1.367134073975075,6.0,6.0,7.899999999999977,0.0,none,3674753867,-1348683099#0,289.6
0.0,12.0,1.3120719943067949,6.0,6.0,7.900000000000034,0.0,none,3674753867,-1348683099#0,289.7
0.0,12.0,1.2429491882967363,6.0,6.0,7.899999999999977,0.0,none,3674753867,-1348683099#0,289.8
0.0,12.0,1.184497117905305,6.0,6.0,7.900000000000034,0.0,none,3674753867,-1348683099#0,289.9
0.0,12.0,1.1205184633767267,6.0,6.0,7.899999999999977,0.0,none,3674753867,-1348683099#0,290.0
0.0,12.0,1.0729028153243978,6.0,9.0,7.899999999999977,0.0,none,3674753867,-1348683099#0,290.1
0.0,12.0,0.943812061279688,6.0,9.0,5.899999999999977,0.0,none,3674753867,-1348683099#0,290.3
0.0,12.0,0.8857522712469086,6.0,9.0,7.900000000000034,0.0,none,3674753867,-1348683099#0,290.4
0.0,12.0,0.831000980333187,6.0,9.0,7.899999999999977,0.0,none,3674753867,-1348683099#0,290.5
0.0,12.0,0.8032522717127702,6.0,9.0,7.899999999999977,0.0,none,3674753867,-1348683099#0,290.6
0.0,12.0,0.7591103515336243,6.0,9.0,7.900000000000034,0.0,none,3674753867,-1348683099#0,290.7
0.0,12.0,0.7115458296553651,6.0,9.0,7.899999999999977,0.0,none,3674753867,-1348683099#0,290.8
0.0,12.0,0.6623154846468714,6.0,9.0,7.900000000000034,0.0,none,3674753867,-1348683099#0,290.9
0.0,12.0,0.6036891456694331,6.0,9.0,7.899999999999977,0.0,none,3674753867,-1348683099#0,291.0
0.0,12.0,0.5675460840957459,6.0,9.0,7.899999999999977,0.0,none,3674753867,-1348683099#0,291.1
0.0,12.0,0.5112699303249145,6.0,9.0,5.899999999999977,0.0,none,3674753867,-1348683099#0,291.3
0.0,12.0,0.45865188894773673,6.0,9.0,7.900000000000034,0.0,none,3674753867,-1348683099#0,291.4
0.0,12.0,0.4385965299410803,6.0,9.0,7.899999999999977,0.0,none,3674753867,-1348683099#0,291.5
0.0,12.0,0.39236329397977726,6.0,9.0,7.899999999999977,0.0,none,3674753867,-1348683099#0,291.6
0.0,12.0,0.37118376919116763,6.0,9.0,7.900000000000034,0.0,none,3674753867,-1348683099#0,291.7
0.0,12.0,0.33788483608457937,6.0,9.0,7.899999999999977,0.0,none,3674753867,-1348683099#0,291.8
0.0,12.0,0.3149410054057005,6.0,9.0,7.900000000000034,0.0,none,3674753867,-1348683099#0,291.9
0.0,12.0,0.2965626614862356,6.0,9.0,7.899999999999977,0.0,none,3674753867,-1348683099#0,292.0
0.0,12.0,0.27168874941900045,6.0,9.0,7.899999999999977,0.0,none,3674753867,-1348683099#0,292.1
0.0,12.0,0.2254878224831336,6.0,9.0,5.899999999999977,0.0,none,3674753867,-1348683099#0,292.3
0.0,12.0,0.20335034253676312,6.0,9.0,7.900000000000034,0.0,none,3674753867,-1348683099#0,292.4
0.0,12.0,0.19171984331259498,6.0,9.0,7.899999999999977,0.0,none,3674753867,-1348683099#0,292.5
0.0,12.0,0.170459209498821,6.0,9.0,7.899999999999977,0.0,none,3674753867,-1348683099#0,292.6
0.0,12.0,0.15280454038524682,6.0,9.0,7.900000000000034,0.0,none,3674753867,-1348683099#0,292.7
0.0,12.0,0.14061886772193066,6.0,9.0,7.899999999999977,0.0,none,3674753867,-1348683099#0,292.8
0.0,12.0,0.12723080259293737,6.0,9.0,7.900000000000034,0.0,none,3674753867,-1348683099#0,292.9
0.0,12.0,0.1207392123465964,6.0,9.0,7.899999999999977,0.0,none,3674753867,-1348683099#0,293.0
0.0,12.0,0.11033610554129637,6.0,9.0,7.899999999999977,0.0,none,3674753867,-1348683099#0,293.1
0.0,12.0,0.0865999860320615,6.0,9.0,5.899999999999977,0.0,none,3674753867,-1348683099#0,293.3
0.0,12.0,0.08060728820121751,6.0,9.0,7.900000000000034,0.0,none,3674753867,-1348683099#0,293.4
0.0,12.0,0.07188118821183856,6.0,9.0,7.899999999999977,0.0,none,3674753867,-1348683099#0,293.5
0.0,12.0,0.06631551514511118,6.0,9.0,7.899999999999977,0.0,none,3674753867,-1348683099#0,293.6
0.0,12.0,0.057877044771406094,6.0,9.0,7.900000000000034,0.0,none,3674753867,-1348683099#0,293.7
0.0,12.0,0.05297710585692541,6.0,9.0,7.899999999999977,0.0,none,3674753867,-1348683099#0,293.8
0.0,12.0,0.048103304131915596,6.0,9.0,7.900000000000034,0.0,none,3674753867,-1348683099#0,293.9
0.0,12.0,0.043183171560809586,6.0,9.0,7.899999999999977,0.0,none,3674753867,-1348683099#0,294.0
0.0,12.0,0.03973015894544599,6.0,9.0,7.899999999999977,0.0,none,3674753867,-1348683099#0,294.1
0.0,12.0,0.032121287097812645,6.0,9.0,5.899999999999977,0.0,none,3674753867,-1348683099#0,294.3
0.0,12.0,0.029298907106852106,6.0,9.0,7.900000000000034,0.0,none,3674753867,-1348683099#0,294.4
0.0,12.0,0.026350794186887034,6.0,9.0,7.899999999999977,0.0,none,3674753867,-1348683099#0,294.5
0.0,12.0,0.023587022004997255,6.0,12.0,7.899999999999977,0.0,none,3674753867,-1348683099#0,294.6
0.0,12.0,0.02153114537623869,6.0,12.0,7.900000000000034,0.0,none,3674753867,-1348683099#0,294.7
0.0,12.0,0.01912488301346304,6.0,12.0,7.899999999999977,0.0,none,3674753867,-1348683099#0,294.8
0.0,12.0,0.017133929685763587,6.0,12.0,7.900000000000034,0.0,none,3674753867,-1348683099#0,294.9
0.0,12.0,0.015234662997953133,6.0,12.0,7.899999999999977,0.0,none,3674753867,-1348683099#0,295.0
0.0,12.0,0.014291216689931809,6.0,12.0,7.899999999999977,0.0,none,3674753867,-1348683099#0,295.1
0.0,12.0,0.011540935595059115,6.0,12.0,5.899999999999977,0.0,none,3674753867,-1348683099#0,295.3
0.0,12.0,0.010664707285909633,6.0,12.0,7.900000000000034,0.0,none,3674753867,-1348683099#0,295.4
0.0,12.0,0.00931885228658571,6.0,12.0,7.899999999999977,0.0,none,3674753867,-1348683099#0,295.5
0.0,12.0,0.00844716461595519,6.0,12.0,7.899999999999977,0.0,none,3674753867,-1348683099#0,295.6
0.0,12.0,0.0076216363666501445,6.0,12.0,7.900000000000034,0.0,none,3674753867,-1348683099#0,295.7
0.0,12.0,0.007006145928171591,6.0,12.0,7.899999999999977,0.0,none,3674753867,-1348683099#0,295.8
0.0,12.0,0.006231331635505287,6.0,12.0,7.900000000000034,0.0,none,3674753867,-1348683099#0,295.9
0.0,12.0,0.005635590875150218,6.0,12.0,7.899999999999977,0.0,none,3674753867,-1348683099#0,296.0
0.0,12.0,0.0050343212068580875,6.0,12.0,7.899999999999977,0.0,none,3674753867,-1348683099#0,296.1
0.0,12.0,0.004290431495320125,6.0,12.0,5.899999999999977,0.0,none,3674753867,-1348683099#0,296.3
0.0,12.0,0.0038780325447314184,6.0,12.0,7.900000000000034,0.0,none,3674753867,-1348683099#0,296.4
0.0,12.0,0.0033854560836302484,6.0,12.0,7.899999999999977,0.0,none,3674753867,-1348683099#0,296.5
0.0,12.0,0.0030994076358039995,6.0,12.0,7.899999999999977,0.0,none,3674753867,-1348683099#0,296.6
0.0,12.0,0.0027585020852663143,6.0,12.0,7.900000000000034,0.0,none,3674753867,-1348683099#0,296.7
0.0,12.0,0.002558939170967747,6.0,12.0,7.899999999999977,0.0,none,3674753867,-1348683099#0,296.8
0.0,12.0,0.0023225247133074126,6.0,12.0,7.900000000000034,0.0,none,3674753867,-1348683099#0,296.9
0.0,12.0,0.002123343597416532,6.0,12.0,7.899999999999977,0.0,none,3674753867,-1348683099#0,297.0
0.0,12.0,0.0018441757936711858,6.0,12.0,7.899999999999977,0.0,none,3674753867,-1348683099#0,297.1
0.0,12.0,0.0015311145770590753,6.0,12.0,5.899999999999977,0.0,none,3674753867,-1348683099#0,297.3
0.0,12.0,0.0014137656301901266,6.0,12.0,7.900000000000034,0.0,none,3674753867,-1348683099#0,297.4
0.0,12.0,0.001249037962399434,6.0,12.0,7.899999999999977,0.0,none,3674753867,-1348683099#0,297.5
0.0,12.0,0.0011300612986117604,6.0,12.0,7.899999999999977,0.0,none,3674753867,-1348683099#0,297.6
0.0,12.0,0.0010214804646087698,6.0,12.0,7.900000000000034,0.0,none,3674753867,-1348683099#0,297.7
0.0,12.0,0.0009143444171554894,6.0,12.0,7.899999999999977,0.0,none,3674753867,-1348683099#0,297.8
0.0,12.0,0.0008246472829249917,6.0,12.0,7.900000000000034,0.0,none,3674753867,-1348683099#0,297.9
0.0,12.0,0.0007681988126638918,6.0,12.0,7.899999999999977,0.0,none,3674753867,-1348683099#0,298.0
0.0,12.0,0.0006830072459939003,6.0,12.0,7.899999999999977,0.0,none,3674753867,-1348683099#0,298.1
0.0,12.0,0.0005509317476611777,6.0,12.0,5.899999999999977,0.0,none,3674753867,-1348683099#0,298.3
0.0,12.0,0.0004977072374611863,6.0,12.0,7.900000000000034,0.0,none,3674753867,-1348683099#0,298.4
0.0,12.0,0.00046092491264318626,6.0,12.0,7.899999999999977,0.0,none,3674753867,-1348683099#0,298.5
0.0,12.0,0.00040652796977240827,6.0,12.0,7.899999999999977,0.0,none,3674753867,-1348683099#0,298.6
0.0,12.0,0.0003748620947323748,6.0,12.0,7.900000000000034,0.0,none,3674753867,-1348683099#0,298.7
0.0,12.0,0.0003420650108371866,6.0,12.0,7.899999999999977,0.0,none,3674753867,-1348683099#0,298.8
0.0,12.0,0.00029829886295305527,6.0,12.0,7.900000000000034,0.0,none,3674753867,-1348683099#0,298.9
0.0,12.0,0.00027020954782248,6.0,12.0,7.899999999999977,0.0,none,3674753867,-1348683099#0,299.0
0.0,12.0,0.00025133830509661517,6.0,12.0,7.899999999999977,0.0,none,3674753867,-1348683099#0,299.1
0.0,12.0,0.00020781705763024685,6.0,12.0,5.899999999999977,0.0,none,3674753867,-1348683099#0,299.3
0.0,12.0,0.00018928451450436474,6.0,12.0,7.900000000000034,0.0,none,3674753867,-1348683099#0,299.4
0.0,12.0,0.00016306164483908248,6.0,12.0,7.899999999999977,0.0,none,3674753867,-1348683099#0,299.5
0.0,12.0,0.00015252667788978814,6.0,12.0,7.899999999999977,0.0,none,3674753867,-1348683099#0,299.6
0.0,12.0,0.00013687527646896633,6.0,12.0,7.900000000000034,0.0,none,3674753867,-1348683099#0,299.7
0.0,12.0,0.0001189885813914042,6.0,12.0,7.899999999999977,0.0,none,3674753867,-1348683099#0,299.8
0.0,12.0,0.00010988779176481722,6.0,12.0,7.900000000000034,0.0,none,3674753867,-1348683099#0,299.9
0.0,12.0,9.694666961602466e-05,6.0,12.0,7.899999999999977,0.0,none,3674753867,-1348683099#0,300.0
0.0,12.0,8.9826836960393e-05,6.0,12.0,7.899999999999977,0.0,none,3674753867,-1348683099#0,300.1
0.0,12.0,7.228209343640904e-05,6.0,12.0,5.899999999999977,0.0,none,3674753867,-1348683099#0,300.3
0.0,12.0,6.509956048500495e-05,6.0,12.0,7.900000000000034,0.0,none,3674753867,-1348683099#0,300.4
0.0,12.0,5.888176765534781e-05,6.0,12.0,7.899999999999977,0.0,none,3674753867,-1348683099#0,300.5
0.0,12.0,5.4147130251361314e-05,6.0,12.0,7.899999999999977,0.0,none,3674753867,-1348683099#0,300.6
0.0,12.0,4.688653135832504e-05,6.0,12.0,7.900000000000034,0.0,none,3674753867,-1348683099#0,300.7
0.0,12.0,4.309882424970914e-05,6.0,12.0,7.899999999999977,0.0,none,3674753867,-1348683099#0,300.8
0.0,12.0,3.9393019091929074e-05,6.0,12.0,7.900000000000034,0.0,none,3674753867,-1348683099#0,300.9
0.0,12.0,3.5119585499246905e-05,6.0,12.0,7.899999999999977,0.0,none,3674753867,-1348683099#0,301.0
0.0,12.0,3.209064732656666e-05,6.0,12.0,7.899999999999977,0.0,none,3674753867,-1348683099#0,301.1
0.0,12.0,2.5886050321349426e-05,6.0,12.0,5.899999999999977,0.0,none,3674753867,-1348683099#0,301.3
0.0,12.0,2.3801172143115166e-05,6.0,12.0,7.900000000000034,0.0,none,3674753867,-1348683099#0,301.4
0.0,12.0,2.1106098927818954e-05,6.0,12.0,7.899999999999977,0.0,none,3674753867,-1348683099#0,301.5
0.0,12.0,1.86944213491187e-05,6.0,12.0,7.899999999999977,0.0,none,3674753867,-1348683099#0,301.6
0.0,12.0,1.7482278188707916e-05,6.0,12.0,7.900000000000034,0.0,none,3674753867,-1348683099#0,301.7
0.0,12.0,1.583144847871431e-05,6.0,12.0,7.899999999999977,0.0,none,3674753867,-1348683099#0,301.8
0.0,12.0,1.3969233600697632e-05,6.0,12.0,7.900000000000034,0.0,none,3674753867,-1348683099#0,301.9
0.0,12.0,1.303199309149163e-05,6.0,12.0,7.899999999999977,0.0,none,3674753867,-1348683099#0,302.0
0.0,12.0,1.1227245912504979e-05,6.0,12.0,7.899999999999977,0.0,none,3674753867,-1348683099#0,302.1
0.0,12.0,9.473602877135274e-06,6.0,12.0,5.899999999999977,0.0,none,3674753867,-1348683099#0,302.3
0.0,12.0,8.558281991877377e-06,6.0,12.0,7.900000000000034,0.0,none,3674753867,-1348683099#0,302.4
0.0,12.0,7.449429529368726e-06,6.0,12.0,7.899999999999977,0.0,none,3674753867,-1348683099#0,302.5
0.0,12.0,7.036037655599824e-06,6.0,12.0,7.899999999999977,0.0,none,3674753867,-1348683099#0,302.6
0.0,12.0,6.072761252196962e-06,6.0,12.0,7.900000000000034,0.0,none,3674753867,-1348683099#0,302.7
0.0,12.0,5.475409255154556e-06,6.0,12.0,7.899999999999977,0.0,none,3674753867,-1348683099#0,302.8
0.0,12.0,5.155548338581396e-06,6.0,12.0,7.900000000000034,0.0,none,3674753867,-1348683099#0,302.9
0.0,12.0,4.600187348835028e-06,6.0,12.0,7.899999999999977,0.0,none,3674753867,-1348683099#0,303.0
0.0,12.0,4.184884621431789e-06,6.0,12.0,7.899999999999977,0.0,none,3674753867,-1348683099#0,303.1
0.0,12.0,3.3149521579691294e-06,6.0,12.0,5.899999999999977,0.0,none,3674753867,-1348683099#0,303.3
0.0,12.0,3.057745777706718e-06,6.0,12.0,7.900000000000034,0.0,none,3674753867,-1348683099#0,303.4
0.0,12.0,2.655009984039087e-06,6.0,12.0,7.899999999999977,0.0,none,3674753867,-1348683099#0,303.5
0.0,12.0,2.5223392962427217e-06,6.0,12.0,7.899999999999977,0.0,none,3674753867,-1348683099#0,303.6
0.0,12.0,0.0,6.0,12.0,7.900000000000034,0.0,none,3674753867,-1348683099#0,303.7
0.0,12.0,0.0,6.0,12.0,7.899999999999977,0.0,none,3674753867,-1348683099#0,303.8
0.0,12.0,0.0,6.0,12.0,7.900000000000034,0.0,none,3674753867,-1348683099#0,303.9
0.0,12.0,0.0,6.0,12.0,7.899999999999977,0.0,none,3674753867,-1348683099#0,304.0
0.0,12.0,0.0,6.0,12.0,7.899999999999977,0.0,none,3674753867,-1348683099#0,304.1
0.0,12.0,0.0,6.0,12.0,5.899999999999977,0.0,none,3674753867,-1348683099#0,304.3
0.0,12.0,0.0,6.0,12.0,7.900000000000034,0.0,none,3674753867,-1348683099#0,304.4
0.0,12.0,0.0,6.0,12.0,7.899999999999977,0.0,none,3674753867,-1348683099#0,304.5
0.0,12.0,0.0,6.0,12.0,7.899999999999977,0.0,none,3674753867,-1348683099#0,304.6
0.0,12.0,0.0,6.0,12.0,7.900000000000034,0.0,none,3674753867,-1348683099#0,304.7
0.0,12.0,0.0,6.0,12.0,7.899999999999977,0.0,none,3674753867,-1348683099#0,304.8
0.0,12.0,0.0,6.0,12.0,7.900000000000034,0.0,none,3674753867,-1348683099#0,304.9
0.0,12.0,0.0,6.0,12.0,7.899999999999977,0.0,none,3674753867,-1348683099#0,305.0
0.0,12.0,0.0,6.0,12.0,7.899999999999977,0.0,none,3674753867,-1348683099#0,305.1
0.0,12.0,0.0,6.0,12.0,5.899999999999977,0.0,none,3674753867,-1348683099#0,305.3
0.0,12.0,0.0,6.0,12.0,7.900000000000034,0.0,none,3674753867,-1348683099#0,305.4
0.0,12.0,0.0,6.0,12.0,7.899999999999977,0.0,none,3674753867,-1348683099#0,305.5
0.0,12.0,0.0,6.0,12.0,7.899999999999977,0.0,none,3674753867,-1348683099#0,305.6
0.0,12.0,0.0,6.0,12.0,7.900000000000034,0.0,none,3674753867,-1348683099#0,305.7
0.0,12.0,0.0,6.0,12.0,7.899999999999977,0.0,none,3674753867,-1348683099#0,305.8
0.0,12.0,0.0,6.0,12.0,7.900000000000034,0.0,none,3674753867,-1348683099#0,305.9
0.0,12.0,0.0,6.0,12.0,7.899999999999977,0.0,none,3674753867,-1348683099#0,306.0
0.0,12.0,0.0,6.0,12.0,7.899999999999977,0.0,none,3674753867,-1348683099#0,306.1
0.0,12.0,0.0,6.0,12.0,5.899999999999977,0.0,none,3674753867,-1348683099#0,306.3
0.0,12.0,0.0,6.0,12.0,7.900000000000034,0.0,none,3674753867,-1348683099#0,306.4
0.0,12.0,0.0,6.0,12.0,7.899999999999977,0.0,none,3674753867,-1348683099#0,306.5
0.0,12.0,0.0,6.0,12.0,7.899999999999977,0.0,none,3674753867,-1348683099#0,306.6
0.0,12.0,0.0,6.0,12.0,7.900000000000034,0.0,none,3674753867,-1348683099#0,306.7
0.0,12.0,0.0,6.0,12.0,7.899999999999977,0.0,none,3674753867,-1348683099#0,306.8
0.0,12.0,0.0,6.0,12.0,7.900000000000034,0.0,none,3674753867,-1348683099#0,306.9
0.0,12.0,0.0,6.0,12.0,7.899999999999977,0.0,none,3674753867,-1348683099#0,307.0
0.0,12.0,0.0,6.0,12.0,7.899999999999977,0.0,none,3674753867,-1348683099#0,307.1
0.0,12.0,0.0,6.0,12.0,5.899999999999977,0.0,none,3674753867,-1348683099#0,307.3
0.0,12.0,0.0,6.0,12.0,7.900000000000034,0.0,none,3674753867,-1348683099#0,307.4
0.0,12.0,0.0,6.0,12.0,7.899999999999977,0.0,none,3674753867,-1348683099#0,307.5
0.0,12.0,0.0,6.0,12.0,7.899999999999977,0.0,none,3674753867,-1348683099#0,307.6
0.0,12.0,0.0,6.0,12.0,7.900000000000034,0.0,none,3674753867,-1348683099#0,307.7
0.0,12.0,0.0,6.0,12.0,7.899999999999977,0.0,none,3674753867,-1348683099#0,307.8
0.0,12.0,0.0,6.0,12.0,7.900000000000034,0.0,none,3674753867,-1348683099#0,307.9
0.0,12.0,0.0,6.0,12.0,7.899999999999977,0.0,none,3674753867,-1348683099#0,308.0
0.0,12.0,0.0,6.0,12.0,7.899999999999977,0.0,none,3674753867,-1348683099#0,308.1
0.0,12.0,0.0,6.0,12.0,5.899999999999977,0.0,none,3674753867,-1348683099#0,308.3
0.0,12.0,0.0,6.0,12.0,7.900000000000034,0.0,none,3674753867,-1348683099#0,308.4
0.0,12.0,0.0,6.0,12.0,7.899999999999977,0.0,none,3674753867,-1348683099#0,308.5
0.0,12.0,0.0,6.0,12.0,7.899999999999977,0.0,none,3674753867,-1348683099#0,308.6
0.0,12.0,0.0,6.0,12.0,7.900000000000034,0.0,none,3674753867,-1348683099#0,308.7
0.0,12.0,0.0,6.0,12.0,7.899999999999977,0.0,none,3674753867,-1348683099#0,308.8
0.0,12.0,0.0,6.0,12.0,7.900000000000034,0.0,none,3674753867,-1348683099#0,308.9
0.0,12.0,0.0,6.0,12.0,7.899999999999977,0.0,none,3674753867,-1348683099#0,309.0
0.0,12.0,0.063319404623413,6.0,9.0,7.899999999999977,0.0,none,3674753867,-1348683099#0,309.1
0.0,12.0,0.1975210332624747,6.0,9.0,5.899999999999977,0.0,none,3674753867,-1348683099#0,309.3
0.0,12.0,0.2800299438977248,6.0,6.0,7.900000000000034,0.0,none,3674753867,-1348683099#0,309.4
0.0,12.0,0.3732550425939758,6.0,6.0,7.899999999999977,0.0,none,3674753867,-1348683099#0,309.5
0.0,12.0,0.4728135004809106,6.0,6.0,7.899999999999977,0.0,none,3674753867,-1348683099#0,309.6
0.0,12.0,0.5763567208873948,6.0,6.0,7.900000000000034,0.0,none,3674753867,-1348683099#0,309.7
0.0,12.0,0.6854695888400363,6.0,3.0,7.899999999999977,0.0,none,3674753867,-1348683099#0,309.8
0.0,9.0,0.3739247209632411,6.0,3.0,7.900000000000034,0.0,none,3674753867,-1348683099#0,309.9
0.0,9.0,0.45553072717994364,6.0,3.0,7.899999999999977,0.0,none,3674753867,-1348683099#0,310.0
0.0,9.0,0.5469877988329177,6.0,3.0,7.899999999999977,0.0,none,3674753867,-1348683099#0,310.1
0.0,9.0,0.7689316923188921,6.0,0.0,5.899999999999977,0.0,none,3674753867,-1348683099#0,310.3
0.0,9.0,0.8831396886410209,6.0,0.0,7.900000000000034,0.0,none,3674753867,-1348683099#0,310.4
0.0,9.0,1.0008249864585033,6.0,0.0,7.899999999999977,0.0,none,3674753867,-1348683099#0,310.5
0.0,9.0,1.1506462903721353,6.0,0.0,7.899999999999977,0.0,none,3674753867,-1348683099#0,310.6
0.0,9.0,1.3006139694840082,6.0,0.0,7.900000000000034,0.0,none,3674753867,-1348683099#0,310.7
0.0,9.0,1.4475762009194815,6.0,0.0,7.899999999999977,0.0,none,3674753867,-1348683099#0,310.8
0.0,9.0,1.5494269344938871,6.0,0.0,7.900000000000034,0.0,none,3674753867,-1348683099#0,310.9
0.0,9.0,1.6908772643389203,6.0,0.0,7.899999999999977,0.0,none,3674753867,-1348683099#0,311.0
0.0,9.0,1.868354486333368,6.0,0.0,7.899999999999977,0.0,none,3674753867,-1348683099#0,311.1
0.0,9.0,2.1390592371342443,6.0,0.0,5.899999999999977,0.0,none,3674753867,-1348683099#0,311.3
0.0,9.0,2.2701517860931513,6.0,0.0,7.900000000000034,0.0,none,3674753867,-1348683099#0,311.4
0.0,9.0,2.444605527973484,6.0,0.0,7.899999999999977,0.0,none,3674753867,-1348683099#0,311.5
0.0,9.0,2.5956640959119794,6.0,0.0,7.899999999999977,0.0,none,3674753867,-1348683099#0,311.6
0.0,9.0,2.648316285542556,6.0,0.0,7.900000000000034,0.0,none,3674753867,-1348683099#0,311.7
0.0,9.0,2.604336508209118,6.0,0.0,7.899999999999977,0.0,none,3674753867,-1348683099#0,311.8
0.0,9.0,2.496274124217049,6.0,0.0,7.900000000000034,0.0,none,3674753867,-1348683099#0,311.9
0.0,9.0,2.4385687923798667,6.0,0.0,7.899999999999977,0.0,none,3674753867,-1348683099#0,312.0
0.0,12.0,4.583794004278655,6.0,0.0,7.899999999999977,0.0,none,3674753867,-1348683099#0,312.1
0.0,12.0,4.560313608356781,6.0,0.0,5.899999999999977,0.0,none,3674753867,-1348683099#0,312.3
0.0,12.0,4.541096467256889,6.0,0.0,7.900000000000034,0.0,none,3674753867,-1348683099#0,312.4
0.0,12.0,4.538549902575767,6.0,0.0,7.899999999999977,0.0,none,3674753867,-1348683099#0,312.5
0.0,12.0,4.502104885390624,6.0,0.0,7.899999999999977,0.0,none,3674753867,-1348683099#0,312.6
0.0,12.0,4.435549980296964,6.0,0.0,7.900000000000034,0.0,none,3674753867,-1348683099#0,312.7
0.0,12.0,4.396798852907334,6.0,0.0,7.899999999999977,0.0,none,3674753867,-1348683099#0,312.8
0.0,12.0,4.38700005498466,6.0,0.0,7.900000000000034,0.0,none,3674753867,-1348683099#0,312.9
0.0,12.0,4.292449629060159,6.0,0.0,7.899999999999977,0.0,none,3674753867,-1348683099#0,313.0
0.0,12.0,4.249368613612784,6.0,0.0,7.899999999999977,0.0,none,3674753867,-1348683099#0,313.1
0.0,12.0,4.175983488471346,6.0,0.0,5.899999999999977,0.0,none,3674753867,-1348683099#0,313.3
0.0,12.0,4.119594006040485,6.0,0.0,7.900000000000034,0.0,none,3674753867,-1348683099#0,313.4
0.0,12.0,4.082228701461521,6.0,0.0,7.899999999999977,0.0,none,3674753867,-1348683099#0,313.5
0.0,12.0,4.053998256187139,6.0,0.0,7.899999999999977,0.0,none,3674753867,-1348683099#0,313.6
0.0,0.0,0.0,6.0,0.0,5.899999999999977,0.0,none,6762590794,:3674753867_0,313.8
0.0,0.0,0.0,6.0,0.0,7.900000000000034,0.0,none,6762590794,:3674753867_0,313.9
0.0,0.0,0.0,6.0,0.0,7.899999999999977,0.0,none,6762590794,:3674753867_0,314.0
0.0,0.0,0.0,6.0,0.0,7.899999999999977,0.0,none,6762590794,:3674753867_0,314.1
0.0,0.0,0.0,6.0,0.0,7.900000000000034,0.0,none,6762590794,:3674753867_0,314.2
0.0,0.0,0.0,6.0,0.0,7.899999999999977,0.0,none,6762590794,:3674753867_0,314.3
0.0,0.0,0.0,6.0,0.0,7.900000000000034,0.0,none,6762590794,:3674753867_0,314.4
0.0,0.0,0.0,6.0,0.0,7.899999999999977,0.0,none,6762590794,:3674753867_0,314.5
0.0,0.0,0.0,6.0,0.0,7.899999999999977,0.0,none,6762590794,:3674753867_0,314.6
0.0,0.0,0.0,6.0,0.0,5.899999999999977,0.0,none,6762590794,:3674753867_0,314.8
0.0,0.0,0.0,6.0,0.0,7.900000000000034,0.0,none,6762590794,:3674753867_0,314.9
0.0,0.0,0.0,6.0,0.0,7.899999999999977,0.0,none,6762590794,:3674753867_0,315.0
0.0,0.0,0.0,6.0,0.0,7.899999999999977,0.0,none,6762590794,:3674753867_0,315.1
0.0,0.0,0.0,6.0,0.0,7.900000000000034,0.0,none,6762590794,:3674753867_0,315.2
0.0,0.0,0.0,6.0,0.0,7.899999999999977,0.0,none,6762590794,:3674753867_0,315.3
0.0,0.0,0.0,6.0,0.0,7.900000000000034,0.0,none,6762590794,:3674753867_0,315.4
0.0,0.0,0.0,6.0,0.0,7.899999999999977,0.0,none,6762590794,:3674753867_0,315.5
0.0,0.0,0.0,6.0,0.0,7.899999999999977,0.0,none,6762590794,:3674753867_0,315.6
0.0,0.0,0.0,6.0,0.0,5.899999999999977,0.0,none,6762590794,:3674753867_0,315.8
0.0,0.0,0.0,6.0,0.0,7.900000000000034,0.0,none,6762590794,:3674753867_0,315.9
0.0,0.0,0.0,6.0,0.0,7.899999999999977,0.0,none,6762590794,:3674753867_0,316.0
0.0,0.0,0.0,6.0,0.0,7.899999999999977,0.0,none,6762590794,:3674753867_0,316.1
0.0,0.0,0.0,6.0,0.0,7.900000000000034,0.0,none,6762590794,:3674753867_0,316.2
0.0,0.0,0.0,6.0,0.0,7.899999999999977,0.0,none,6762590794,:3674753867_0,316.3
0.0,0.0,0.0,6.0,0.0,7.900000000000034,0.0,none,6762590794,:3674753867_0,316.4
0.0,0.0,0.0,6.0,0.0,7.899999999999977,0.0,none,6762590794,:3674753867_0,316.5
0.0,0.0,0.0,6.0,0.0,7.899999999999977,0.0,none,6762590794,:3674753867_0,316.6
0.0,0.0,0.0,6.0,0.0,5.899999999999977,0.0,none,6762590794,:3674753867_0,316.8
0.0,0.0,0.0,6.0,0.0,7.900000000000034,0.0,none,6762590794,:3674753867_0,316.9
0.0,0.0,0.0,6.0,0.0,7.899999999999977,0.0,none,6762590794,:3674753867_0,317.0
0.0,0.0,0.0,6.0,0.0,7.899999999999977,0.0,none,6762590794,:3674753867_0,317.1
0.0,0.0,0.0,6.0,0.0,7.900000000000034,0.0,none,6762590794,:3674753867_0,317.2
0.0,0.0,0.0,6.0,0.0,7.899999999999977,0.0,none,6762590794,:3674753867_0,317.3
0.0,0.0,0.0,6.0,0.0,7.900000000000034,0.0,none,6762590794,:3674753867_0,317.4
0.0,0.0,0.0,6.0,0.0,7.899999999999977,0.0,none,6762590794,:3674753867_0,317.5
0.0,0.0,0.0,6.0,0.0,7.899999999999977,0.0,none,6762590794,:3674753867_0,317.6
0.0,0.0,0.0,6.0,0.0,5.899999999999977,0.0,none,6762590794,:3674753867_0,317.8
0.0,0.0,0.0,6.0,0.0,7.900000000000034,0.0,none,6762590794,:3674753867_0,317.9
0.0,0.0,0.0,6.0,0.0,7.899999999999977,0.0,none,6762590794,:3674753867_0,318.0
0.0,0.0,0.0,6.0,0.0,7.899999999999977,0.0,none,6762590794,:3674753867_0,318.1
0.0,0.0,0.0,6.0,0.0,7.900000000000034,0.0,none,6762590794,:3674753867_0,318.2
0.0,0.0,0.0,6.0,0.0,7.899999999999977,0.0,none,6762590794,:3674753867_0,318.3
0.0,0.0,0.0,6.0,0.0,7.900000000000034,0.0,none,6762590794,:3674753867_0,318.4
0.0,0.0,0.0,6.0,0.0,7.899999999999977,0.0,none,6762590794,:3674753867_0,318.5
0.0,0.0,0.0,6.0,0.0,7.899999999999977,0.0,none,6762590794,:3674753867_0,318.6
0.0,0.0,0.0,6.0,0.0,5.899999999999977,0.0,none,6762590794,:3674753867_0,318.8
0.0,0.0,0.0,6.0,0.0,7.900000000000034,0.0,none,6762590794,:3674753867_0,318.9
0.0,0.0,0.0,6.0,0.0,7.899999999999977,0.0,none,6762590794,:3674753867_0,319.0
0.0,0.0,0.0,6.0,0.0,7.899999999999977,0.0,none,6762590794,:3674753867_0,319.1
0.0,0.0,0.0,6.0,0.0,7.900000000000034,0.0,none,6762590794,:3674753867_0,319.2
0.0,0.0,0.0,6.0,0.0,7.899999999999977,0.0,none,6762590794,:3674753867_0,319.3
0.0,0.0,0.0,6.0,0.0,7.900000000000034,0.0,none,6762590794,:3674753867_0,319.4
0.0,0.0,0.0,6.0,0.0,7.899999999999977,0.0,none,6762590794,:3674753867_0,319.5
0.0,0.0,0.0,6.0,0.0,7.899999999999977,0.0,none,6762590794,:3674753867_0,319.6
0.0,0.0,0.0,6.0,0.0,5.899999999999977,0.0,none,6762590794,:3674753867_0,319.8
0.0,0.0,0.0,6.0,0.0,7.900000000000034,0.0,none,6762590794,:3674753867_0,319.9
0.0,0.0,0.0,6.0,0.0,7.899999999999977,0.0,none,6762590794,:3674753867_0,320.0
0.0,0.0,0.0,6.0,0.0,7.899999999999977,0.0,none,6762590794,:3674753867_0,320.1
0.0,0.0,0.0,6.0,0.0,7.900000000000034,0.0,none,6762590794,:3674753867_0,320.2
0.0,0.0,0.0,6.0,0.0,7.899999999999977,0.0,none,6762590794,:3674753867_0,320.3
0.0,0.0,0.0,6.0,0.0,7.900000000000034,0.0,none,6762590794,:3674753867_0,320.4
0.0,0.0,0.0,6.0,0.0,7.899999999999977,0.0,none,6762590794,:3674753867_0,320.5
0.0,0.0,0.0,6.0,0.0,7.899999999999977,0.0,none,6762590794,:3674753867_0,320.6
0.0,0.0,0.0,6.0,0.0,5.899999999999977,0.0,none,6762590794,:3674753867_0,320.8
0.0,0.0,0.0,6.0,0.0,7.900000000000034,0.0,none,6762590794,:3674753867_0,320.9
0.0,0.0,0.0,6.0,0.0,7.899999999999977,0.0,none,6762590794,:3674753867_0,321.0
0.0,0.0,0.0,6.0,0.0,7.899999999999977,0.0,none,6762590794,:3674753867_0,321.1
0.0,0.0,0.0,6.0,0.0,7.900000000000034,0.0,none,6762590794,:3674753867_0,321.2
0.0,0.0,0.0,6.0,0.0,7.899999999999977,0.0,none,6762590794,:3674753867_0,321.3
0.0,0.0,0.0,6.0,0.0,7.900000000000034,0.0,none,6762590794,:3674753867_0,321.4
0.0,0.0,0.0,6.0,0.0,7.899999999999977,0.0,none,6762590794,:3674753867_0,321.5
0.0,0.0,0.0,6.0,0.0,7.899999999999977,0.0,none,6762590794,:3674753867_0,321.6
0.0,0.0,0.0,6.0,0.0,5.899999999999977,0.0,none,6762590794,:3674753867_0,321.8
0.0,0.0,0.0,6.0,0.0,7.900000000000034,0.0,none,6762590794,:3674753867_0,321.9
0.0,0.0,0.0,6.0,0.0,7.899999999999977,0.0,none,6762590794,:3674753867_0,322.0
0.0,0.0,0.0,6.0,0.0,7.899999999999977,0.0,none,6762590794,:3674753867_0,322.1
0.0,0.0,0.0,6.0,0.0,7.900000000000034,0.0,none,6762590794,:3674753867_0,322.2
0.0,0.0,0.0,6.0,0.0,7.899999999999977,0.0,none,6762590794,:3674753867_0,322.3
0.0,0.0,0.0,6.0,0.0,7.900000000000034,0.0,none,6762590794,:3674753867_0,322.4
0.0,0.0,0.0,6.0,0.0,7.899999999999977,0.0,none,6762590794,:3674753867_0,322.5
0.0,0.0,0.0,6.0,0.0,7.899999999999977,0.0,none,6762590794,:3674753867_0,322.6
0.0,0.0,0.0,6.0,0.0,5.899999999999977,0.0,none,6762590794,:3674753867_0,322.8
0.0,0.0,0.0,6.0,0.0,7.900000000000034,0.0,none,6762590794,:3674753867_0,322.9
0.0,0.0,0.0,6.0,0.0,7.899999999999977,0.0,none,6762590794,:3674753867_0,323.0
0.0,0.0,0.0,6.0,0.0,7.899999999999977,0.0,none,6762590794,:3674753867_0,323.1
0.0,0.0,0.0,6.0,0.0,7.900000000000034,0.0,none,6762590794,:3674753867_0,323.2
0.0,0.0,0.0,6.0,0.0,7.899999999999977,0.0,none,6762590794,:3674753867_0,323.3
0.0,0.0,0.0,6.0,0.0,7.900000000000034,0.0,none,6762590794,:3674753867_0,323.4
0.0,0.0,0.0,6.0,0.0,7.899999999999977,0.0,none,6762590794,:3674753867_0,323.5
0.0,0.0,0.0,6.0,0.0,7.899999999999977,0.0,none,6762590794,:3674753867_0,323.6
0.0,0.0,0.0,6.0,0.0,5.899999999999977,0.0,none,6762590794,:3674753867_0,323.8
0.0,0.0,0.0,6.0,0.0,7.900000000000034,0.0,none,6762590794,:3674753867_0,323.9
0.0,0.0,0.0,6.0,0.0,7.899999999999977,0.0,none,6762590794,:3674753867_0,324.0
0.0,0.0,0.0,6.0,0.0,7.899999999999977,0.0,none,6762590794,:3674753867_0,324.1
0.0,0.0,0.0,6.0,0.0,7.900000000000034,0.0,none,6762590794,:3674753867_0,324.2
0.0,0.0,0.0,6.0,0.0,7.899999999999977,0.0,none,6762590794,:3674753867_0,324.3
0.0,0.0,0.0,6.0,0.0,7.900000000000034,0.0,none,6762590794,:3674753867_0,324.4
0.0,0.0,0.0,6.0,0.0,7.899999999999977,0.0,none,6762590794,:3674753867_0,324.5
0.0,0.0,0.0,6.0,0.0,7.899999999999977,0.0,none,6762590794,:3674753867_0,324.6
0.0,0.0,0.0,6.0,0.0,5.899999999999977,0.0,none,6762590794,:3674753867_0,324.8
0.0,0.0,0.0,6.0,0.0,7.900000000000034,0.0,none,6762590794,:3674753867_0,324.9
0.0,0.0,0.0,6.0,0.0,7.899999999999977,0.0,none,6762590794,:3674753867_0,325.0
0.0,0.0,0.0,6.0,0.0,7.899999999999977,0.0,none,6762590794,:3674753867_0,325.1
0.0,0.0,0.0,6.0,0.0,7.900000000000034,0.0,none,6762590794,:3674753867_0,325.2
0.0,0.0,0.0,6.0,0.0,7.899999999999977,0.0,none,6762590794,:3674753867_0,325.3
0.0,0.0,0.0,6.0,0.0,7.900000000000034,0.0,none,6762590794,:3674753867_0,325.4
0.0,0.0,0.0,6.0,0.0,7.899999999999977,0.0,none,6762590794,:3674753867_0,325.5
0.0,0.0,0.0,6.0,0.0,7.899999999999977,0.0,none,6762590794,:3674753867_0,325.6
0.0,0.0,0.0,6.0,0.0,5.899999999999977,0.0,none,6762590794,:3674753867_0,325.8
0.0,0.0,0.0,6.0,0.0,7.900000000000034,0.0,none,6762590794,:3674753867_0,325.9
0.0,0.0,0.0,6.0,0.0,7.899999999999977,0.0,none,6762590794,:3674753867_0,326.0
0.0,0.0,0.0,6.0,0.0,7.899999999999977,0.0,none,6762590794,:3674753867_0,326.1
0.0,0.0,0.0,6.0,0.0,7.900000000000034,0.0,none,6762590794,:3674753867_0,326.2
0.0,0.0,0.0,6.0,0.0,7.899999999999977,0.0,none,6762590794,:3674753867_0,326.3
0.0,0.0,0.0,6.0,0.0,7.900000000000034,0.0,none,6762590794,:3674753867_0,326.4
0.0,0.0,0.0,6.0,0.0,7.899999999999977,0.0,none,6762590794,:3674753867_0,326.5
0.0,0.0,0.0,6.0,0.0,7.899999999999977,0.0,none,6762590794,:3674753867_0,326.6
0.0,0.0,0.0,6.0,0.0,5.899999999999977,0.0,none,6762590794,:3674753867_0,326.8
0.0,0.0,0.0,6.0,0.0,7.900000000000034,0.0,none,6762590794,:3674753867_0,326.9
0.0,0.0,0.0,6.0,0.0,7.899999999999977,0.0,none,6762590794,:3674753867_0,327.0
0.0,0.0,0.0,6.0,0.0,7.899999999999977,0.0,none,6762590794,:3674753867_0,327.1
0.0,0.0,0.0,6.0,0.0,7.900000000000034,0.0,none,6762590794,:3674753867_0,327.2
0.0,0.0,0.0,6.0,0.0,7.899999999999977,0.0,none,6762590794,:3674753867_0,327.3
0.0,0.0,0.0,6.0,0.0,7.900000000000034,0.0,none,6762590794,:3674753867_0,327.4
0.0,0.0,0.0,6.0,0.0,7.899999999999977,0.0,none,6762590794,:3674753867_0,327.5
0.0,0.0,0.0,6.0,0.0,7.899999999999977,0.0,none,6762590794,:3674753867_0,327.6
0.0,0.0,0.0,6.0,0.0,5.899999999999977,0.0,none,6762590794,:3674753867_0,327.8
0.0,0.0,0.0,6.0,0.0,7.900000000000034,0.0,none,6762590794,:3674753867_0,327.9
0.0,0.0,0.0,6.0,0.0,7.899999999999977,0.0,none,6762590794,:3674753867_0,328.0
0.0,0.0,0.0,6.0,0.0,7.899999999999977,0.0,none,6762590794,:3674753867_0,328.1
0.0,0.0,0.0,6.0,0.0,7.900000000000034,0.0,none,6762590794,:3674753867_0,328.2
0.0,0.0,0.0,6.0,0.0,7.899999999999977,0.0,none,6762590794,:3674753867_0,328.3
0.0,0.0,0.0,6.0,0.0,7.900000000000034,0.0,none,6762590794,:3674753867_0,328.4
0.0,0.0,0.0,6.0,0.0,7.899999999999977,0.0,none,6762590794,:3674753867_0,328.5
0.0,0.0,0.0,6.0,0.0,7.899999999999977,0.0,none,6762590794,:3674753867_0,328.6
0.0,0.0,0.0,6.0,0.0,5.899999999999977,0.0,none,6762590794,:3674753867_0,328.8
0.0,0.0,0.0,6.0,0.0,7.900000000000034,0.0,none,6762590794,:3674753867_0,328.9
0.0,0.0,0.0,6.0,0.0,7.899999999999977,0.0,none,6762590794,:3674753867_0,329.0
0.0,0.0,0.0,6.0,0.0,7.899999999999977,0.0,none,6762590794,:3674753867_0,329.1
0.0,0.0,0.0,6.0,0.0,7.900000000000034,0.0,none,6762590794,:3674753867_0,329.2
0.0,0.0,0.0,6.0,0.0,7.899999999999977,0.0,none,6762590794,:3674753867_0,329.3
0.0,0.0,0.0,6.0,0.0,7.900000000000034,0.0,none,6762590794,:3674753867_0,329.4
0.0,0.0,0.0,6.0,0.0,7.899999999999977,0.0,none,6762590794,:3674753867_0,329.5
0.0,0.0,0.0,6.0,0.0,7.899999999999977,0.0,none,6762590794,:3674753867_0,329.6
0.0,0.0,0.0,6.0,0.0,5.899999999999977,0.0,none,6762590794,:3674753867_0,329.8
0.0,0.0,0.0,6.0,0.0,7.900000000000034,0.0,none,6762590794,:3674753867_0,329.9
0.0,0.0,0.0,6.0,0.0,7.899999999999977,0.0,none,6762590794,:3674753867_0,330.0
0.0,0.0,0.0,6.0,0.0,7.899999999999977,0.0,none,6762590794,:3674753867_0,330.1
0.0,0.0,0.0,6.0,0.0,7.900000000000034,0.0,none,6762590794,:3674753867_0,330.2
0.0,0.0,0.0,6.0,0.0,7.899999999999977,0.0,none,6762590794,:3674753867_0,330.3
0.0,0.0,0.0,6.0,0.0,7.900000000000034,0.0,none,6762590794,:3674753867_0,330.4
0.0,0.0,0.0,6.0,0.0,7.899999999999977,0.0,none,6762590794,:3674753867_0,330.5
0.0,0.0,0.0,6.0,0.0,7.899999999999977,0.0,none,6762590794,:3674753867_0,330.6
0.0,0.0,0.0,6.0,0.0,5.899999999999977,0.0,none,6762590794,:3674753867_0,330.8
0.0,0.0,0.0,6.0,0.0,7.900000000000034,0.0,none,6762590794,:3674753867_0,330.9
0.0,0.0,0.0,6.0,0.0,7.899999999999977,0.0,none,6762590794,:3674753867_0,331.0
0.0,0.0,0.0,6.0,0.0,7.899999999999977,0.0,none,6762590794,:3674753867_0,331.1
0.0,0.0,0.0,6.0,0.0,7.900000000000034,0.0,none,6762590794,:3674753867_0,331.2
0.0,0.0,0.0,6.0,0.0,7.899999999999977,0.0,none,6762590794,:3674753867_0,331.3
0.0,0.0,0.0,6.0,0.0,7.900000000000034,0.0,none,6762590794,:3674753867_0,331.4
0.0,0.0,0.0,6.0,0.0,7.899999999999977,0.0,none,6762590794,:3674753867_0,331.5
0.0,0.0,0.0,6.0,0.0,7.899999999999977,0.0,none,6762590794,:3674753867_0,331.6
0.0,0.0,0.0,6.0,0.0,5.899999999999977,0.0,none,6762590794,:3674753867_0,331.8
0.0,0.0,0.0,6.0,0.0,7.900000000000034,0.0,none,6762590794,:3674753867_0,331.9
0.0,0.0,0.0,6.0,0.0,7.899999999999977,0.0,none,6762590794,:3674753867_0,332.0
0.0,0.0,0.0,6.0,0.0,7.899999999999977,0.0,none,6762590794,:3674753867_0,332.1
0.0,0.0,0.0,6.0,0.0,7.900000000000034,0.0,none,6762590794,:3674753867_0,332.2
0.0,0.0,0.0,6.0,0.0,7.899999999999977,0.0,none,6762590794,:3674753867_0,332.3
0.0,0.0,0.0,6.0,0.0,7.900000000000034,0.0,none,6762590794,:3674753867_0,332.4
0.0,0.0,0.0,6.0,0.0,7.899999999999977,0.0,none,6762590794,:3674753867_0,332.5
0.0,0.0,0.0,6.0,0.0,7.899999999999977,0.0,none,6762590794,:3674753867_0,332.6
0.0,0.0,0.0,6.0,0.0,5.899999999999977,0.0,none,6762590794,:3674753867_0,332.8
0.0,0.0,0.0,6.0,0.0,7.900000000000034,0.0,none,6762590794,:3674753867_0,332.9
0.0,0.0,0.0,6.0,0.0,7.899999999999977,0.0,none,6762590794,:3674753867_0,333.0
0.0,0.0,0.0,6.0,0.0,7.899999999999977,0.0,none,6762590794,:3674753867_0,333.1
0.0,0.0,0.0,6.0,0.0,7.900000000000034,0.0,none,6762590794,:3674753867_0,333.2
0.0,0.0,0.0,6.0,0.0,7.899999999999977,0.0,none,6762590794,:3674753867_0,333.3
0.0,0.0,0.0,6.0,0.0,7.900000000000034,0.0,none,6762590794,:3674753867_0,333.4
0.0,0.0,0.0,6.0,0.0,7.899999999999977,0.0,none,6762590794,:3674753867_0,333.5
0.0,0.0,0.0,6.0,0.0,7.899999999999977,0.0,none,6762590794,:3674753867_0,333.6
0.0,0.0,0.0,6.0,0.0,5.899999999999977,0.0,none,6762590794,:3674753867_0,333.8
0.0,0.0,0.0,6.0,0.0,7.900000000000034,0.0,none,6762590794,:3674753867_0,333.9
0.0,0.0,0.0,6.0,0.0,7.899999999999977,0.0,none,6762590794,:3674753867_0,334.0
0.0,0.0,0.0,6.0,0.0,7.899999999999977,0.0,none,6762590794,:3674753867_0,334.1
0.0,0.0,0.0,6.0,0.0,7.900000000000034,0.0,none,6762590794,:3674753867_0,334.2
0.0,0.0,0.0,6.0,0.0,7.899999999999977,0.0,none,6762590794,:3674753867_0,334.3
0.0,0.0,0.0,6.0,0.0,7.900000000000034,0.0,none,6762590794,:3674753867_0,334.4
0.0,0.0,0.0,6.0,0.0,7.899999999999977,0.0,none,6762590794,:3674753867_0,334.5
0.0,0.0,0.0,6.0,0.0,7.899999999999977,0.0,none,6762590794,:3674753867_0,334.6
0.0,0.0,0.0,6.0,0.0,5.899999999999977,0.0,none,6762590794,:3674753867_0,334.8
0.0,0.0,0.0,6.0,0.0,7.900000000000034,0.0,none,6762590794,:3674753867_0,334.9
0.0,0.0,0.0,6.0,0.0,7.899999999999977,0.0,none,6762590794,:3674753867_0,335.0
0.0,0.0,0.0,6.0,0.0,7.899999999999977,0.0,none,6762590794,:3674753867_0,335.1
0.0,0.0,0.0,6.0,0.0,7.900000000000034,0.0,none,6762590794,:3674753867_0,335.2
0.0,0.0,0.0,6.0,0.0,7.899999999999977,0.0,none,6762590794,:3674753867_0,335.3
0.0,0.0,0.0,6.0,0.0,7.900000000000034,0.0,none,6762590794,:3674753867_0,335.4
0.0,0.0,0.0,6.0,0.0,7.899999999999977,0.0,none,6762590794,:3674753867_0,335.5
0.0,0.0,0.0,6.0,0.0,7.899999999999977,0.0,none,6762590794,:3674753867_0,335.6
0.0,0.0,0.0,6.0,0.0,5.899999999999977,0.0,none,6762590794,:3674753867_0,335.8
0.0,0.0,0.0,6.0,0.0,7.900000000000034,0.0,none,6762590794,:3674753867_0,335.9
0.0,0.0,0.0,6.0,0.0,7.899999999999977,0.0,none,6762590794,:3674753867_0,336.0
0.0,0.0,0.0,6.0,0.0,7.899999999999977,0.0,none,6762590794,:3674753867_0,336.1
0.0,0.0,0.0,6.0,0.0,7.900000000000034,0.0,none,6762590794,:3674753867_0,336.2
0.0,0.0,0.0,6.0,0.0,7.899999999999977,0.0,none,6762590794,:3674753867_0,336.3
0.0,0.0,0.0,6.0,0.0,7.900000000000034,0.0,none,6762590794,:3674753867_0,336.4
0.0,0.0,0.0,6.0,0.0,7.899999999999977,0.0,none,6762590794,:3674753867_0,336.5
0.0,0.0,0.0,6.0,0.0,7.899999999999977,0.0,none,6762590794,:3674753867_0,336.6
0.0,0.0,0.0,6.0,0.0,5.899999999999977,0.0,none,6762590794,:3674753867_0,336.8
0.0,0.0,0.0,6.0,0.0,7.900000000000034,0.0,none,6762590794,:3674753867_0,336.9
0.0,0.0,0.0,6.0,0.0,7.899999999999977,0.0,none,6762590794,:3674753867_0,337.0
0.0,0.0,0.0,6.0,0.0,7.899999999999977,0.0,none,6762590794,:3674753867_0,337.1
0.0,0.0,0.0,6.0,0.0,7.900000000000034,0.0,none,6762590794,:3674753867_0,337.2
0.0,0.0,0.0,6.0,0.0,7.899999999999977,0.0,none,6762590794,:3674753867_0,337.3
0.0,0.0,0.0,6.0,0.0,7.900000000000034,0.0,none,6762590794,:3674753867_0,337.4
0.0,0.0,0.0,6.0,0.0,7.899999999999977,0.0,none,6762590794,:3674753867_0,337.5
0.0,0.0,0.0,6.0,0.0,7.899999999999977,0.0,none,6762590794,:3674753867_0,337.6
0.0,0.0,0.0,6.0,0.0,5.899999999999977,0.0,none,6762590794,:3674753867_0,337.8
0.0,0.0,0.0,6.0,0.0,7.900000000000034,0.0,none,6762590794,:3674753867_0,337.9
0.0,0.0,0.0,6.0,0.0,7.899999999999977,0.0,none,6762590794,:3674753867_0,338.0
0.0,0.0,0.0,6.0,0.0,7.899999999999977,0.0,none,6762590794,:3674753867_0,338.1
0.0,0.0,0.0,6.0,0.0,7.900000000000034,0.0,none,6762590794,:3674753867_0,338.2
0.0,0.0,0.0,6.0,0.0,7.899999999999977,0.0,none,6762590794,:3674753867_0,338.3
0.0,0.0,0.0,6.0,0.0,7.900000000000034,0.0,none,6762590794,:3674753867_0,338.4
0.0,0.0,0.0,6.0,0.0,7.899999999999977,0.0,none,6762590794,:3674753867_0,338.5
0.0,0.0,0.0,6.0,0.0,7.899999999999977,0.0,none,6762590794,:3674753867_0,338.6
0.0,0.0,0.0,6.0,0.0,5.899999999999977,0.0,none,6762590794,:3674753867_0,338.8
0.0,0.0,0.0,6.0,0.0,7.900000000000034,0.0,none,6762590794,:3674753867_0,338.9
0.0,0.0,0.0,6.0,0.0,7.899999999999977,0.0,none,6762590794,:3674753867_0,339.0
0.0,0.0,0.0,6.0,0.0,7.899999999999977,0.0,none,6762590794,:3674753867_0,339.1
0.0,0.0,0.0,6.0,0.0,7.900000000000034,0.0,none,6762590794,:3674753867_0,339.2
0.0,0.0,0.0,6.0,0.0,7.899999999999977,0.0,none,6762590794,:3674753867_0,339.3
0.0,0.0,0.0,6.0,0.0,7.900000000000034,0.0,none,6762590794,:3674753867_0,339.4
0.0,0.0,0.0,6.0,0.0,7.899999999999977,0.0,none,6762590794,:3674753867_0,339.5
0.0,0.0,0.0,6.0,0.0,7.899999999999977,0.0,none,6762590794,:3674753867_0,339.6
0.0,0.0,0.0,6.0,0.0,5.899999999999977,0.0,none,6762590794,:3674753867_0,339.8
0.0,0.0,0.0,6.0,0.0,7.900000000000034,0.0,none,6762590794,:3674753867_0,339.9
0.0,0.0,0.0,6.0,0.0,7.899999999999977,0.0,none,6762590794,:3674753867_0,340.0
0.0,0.0,0.0,6.0,0.0,7.899999999999977,0.0,none,6762590794,:3674753867_0,340.1
0.0,0.0,0.0,6.0,0.0,7.900000000000034,0.0,none,6762590794,:3674753867_0,340.2
0.0,0.0,0.0,6.0,0.0,7.899999999999977,0.0,none,6762590794,:3674753867_0,340.3
0.0,0.0,0.0,6.0,0.0,7.900000000000034,0.0,none,6762590794,:3674753867_0,340.4
0.0,0.0,0.0,6.0,0.0,5.399999999999999,0.0,none,1958191857,720447015#17,40.1
0.0,0.0,0.0,6.0,0.0,7.899999999999999,0.0,none,1958191857,:6146881866_7,40.2
0.0,0.0,0.0,6.0,0.0,7.900000000000006,0.0,none,1958191857,:6146881866_7,40.3
0.0,0.0,0.0,6.0,0.0,7.899999999999999,0.0,none,1958191857,:6146881866_7,40.4
0.0,0.0,0.0,6.0,0.0,5.899999999999999,0.0,none,1958191857,:6146881866_7,40.6
0.0,0.0,0.0,6.0,0.0,7.899999999999999,0.0,none,1958191857,:6146881866_7,40.7
0.0,0.0,0.0,6.0,0.0,7.900000000000006,0.0,none,1958191857,:6146881866_7,40.8
0.0,0.0,0.0,6.0,0.0,7.899999999999999,0.0,none,1958191857,720447015#18,40.9
0.0,0.0,0.0,6.0,0.0,7.899999999999999,0.0,none,1958191857,720447015#18,41.0
0.0,0.0,0.0,6.0,0.0,7.899999999999999,0.0,none,1958191857,720447015#18,41.1
0.0,0.0,0.0,6.0,0.0,7.899999999999999,0.0,none,1958191857,720447015#18,41.2
0.0,0.0,0.0,6.0,0.0,7.900000000000006,0.0,none,1958191857,720447015#18,41.3
0.0,0.0,0.0,6.0,0.0,7.899999999999999,0.0,none,1958191857,720447015#18,41.4
0.0,0.0,0.0,6.0,0.0,5.899999999999999,0.0,none,1958191857,:3661114695_3,41.6
0.0,0.0,0.0,6.0,0.0,7.899999999999999,0.0,none,1958191857,:3661114695_3,41.7
0.0,0.0,0.0,6.0,0.0,7.900000000000006,0.0,none,1958191857,:3661114695_3,41.8
0.0,0.0,0.0,6.0,0.0,7.899999999999999,0.0,none,1958191857,:3661114695_3,41.9
0.0,0.0,0.0,6.0,0.0,7.899999999999999,0.0,none,1958191857,:3661114695_3,42.0
0.0,0.0,0.0,6.0,0.0,7.899999999999999,0.0,none,1958191857,:3661114695_3,42.1
0.0,4.0,21.810093569665963,6.0,0.0,7.899999999999999,0.0,none,1958191857,720447015#19,42.2
0.0,4.0,22.06930378059978,6.0,0.0,7.900000000000006,0.0,none,1958191857,720447015#19,42.3
0.0,4.0,22.09125800302252,6.0,0.0,7.899999999999999,0.0,none,1958191857,720447015#19,42.4
0.0,4.0,22.174907635843844,6.0,0.0,5.899999999999999,0.0,none,1958191857,720447015#19,42.6
0.0,4.0,22.12803437804803,6.0,0.0,7.899999999999999,0.0,none,1958191857,720447015#19,42.7
0.0,4.0,21.701786338179375,6.0,0.0,7.900000000000006,0.0,none,1958191857,720447015#19,42.8
0.0,4.0,21.301046408065595,6.0,0.0,7.899999999999999,0.0,none,1958191857,720447015#19,42.9
0.0,4.0,20.851046408065596,6.0,0.0,7.899999999999999,0.0,none,1958191857,720447015#19,43.0
0.0,4.0,20.401046408065596,6.0,0.0,7.899999999999999,0.0,none,1958191857,720447015#19,43.1
0.0,4.0,19.951046408065597,6.0,0.0,7.899999999999999,0.0,none,1958191857,720447015#19,43.2
0.0,4.0,19.51911933906144,6.0,0.0,7.900000000000006,0.0,none,1958191857,720447015#19,43.3
0.0,4.0,19.06911933906144,6.0,0.0,7.899999999999999,0.0,none,1958191857,720447015#19,43.4
0.0,4.0,18.169119339061442,6.0,0.0,5.899999999999999,0.0,none,1958191857,720447015#19,43.6
0.0,4.0,17.719119339061443,6.0,0.0,7.899999999999999,0.0,none,1958191857,720447015#19,43.7
0.0,4.0,17.269119339061444,6.0,0.0,7.900000000000006,0.0,none,1958191857,720447015#19,43.8
0.0,4.0,16.819119339061444,6.0,0.0,7.899999999999999,0.0,none,1958191857,720447015#19,43.9
0.0,4.0,16.369119339061445,6.0,0.0,7.899999999999999,0.0,none,1958191857,720447015#19,44.0
0.0,4.0,15.919119339061446,6.0,0.0,7.899999999999999,0.0,none,1958191857,720447015#19,44.1
0.0,4.0,15.469119339061447,6.0,0.0,7.899999999999999,0.0,none,1958191857,720447015#19,44.2
0.0,4.0,15.019119339061447,6.0,0.0,7.900000000000006,0.0,none,1958191857,720447015#19,44.3
0.0,4.0,14.569119339061448,6.0,0.0,7.899999999999999,0.0,none,1958191857,720447015#19,44.4
0.0,4.0,13.66911933906145,6.0,0.0,5.899999999999999,0.0,none,1958191857,720447015#19,44.6
0.0,4.0,13.21911933906145,6.0,0.0,7.899999999999999,0.0,none,1958191857,720447015#19,44.7
0.0,4.0,12.76911933906145,6.0,0.0,7.900000000000006,0.0,none,1958191857,720447015#19,44.8
0.0,4.0,12.319119339061452,6.0,0.0,7.899999999999999,0.0,none,1958191857,720447015#19,44.9
0.0,4.0,11.869119339061452,6.0,0.0,7.899999999999999,0.0,none,1958191857,720447015#19,45.0
0.0,4.0,11.419119339061453,6.0,0.0,7.899999999999999,0.0,none,1958191857,720447015#19,45.1
0.0,4.0,10.969119339061454,6.0,0.0,7.899999999999999,0.0,none,1958191857,720447015#19,45.2
0.0,4.0,10.519119339061454,6.0,0.0,7.900000000000006,0.0,none,1958191857,720447015#19,45.3
0.0,0.0,0.0,6.0,0.0,5.399999999999999,0.0,none,cluster_1958191926_1958700691,:1958191886_9,63.9
0.0,0.0,0.0,6.0,0.0,7.900000000000006,0.0,none,cluster_1958191926_1958700691,:1958191886_9,64.0
0.0,0.0,0.0,6.0,0.0,7.900000000000006,0.0,none,cluster_1958191926_1958700691,:1958191886_9,64.1
0.0,0.0,0.0,6.0,0.0,7.8999999999999915,0.0,none,cluster_1958191926_1958700691,:1958191886_9,64.2
0.0,4.0,10.811795492491187,6.0,0.0,5.8999999999999915,0.0,none,cluster_1958191926_1958700691,185261909#6,64.4
0.0,4.0,10.959026463464802,6.0,0.0,7.900000000000006,0.0,none,cluster_1958191926_1958700691,185261909#6,64.5
0.0,4.0,11.173873878461277,6.0,0.0,7.900000000000006,0.0,none,cluster_1958191926_1958700691,185261909#6,64.6
0.0,4.0,11.383622021337473,6.0,0.0,7.8999999999999915,0.0,none,cluster_1958191926_1958700691,185261909#6,64.7
0.0,4.0,11.528022824632902,6.0,0.0,7.900000000000006,0.0,none,cluster_1958191926_1958700691,185261909#6,64.8
0.0,4.0,11.687959388929851,6.0,0.0,7.8999999999999915,0.0,none,cluster_1958191926_1958700691,185261909#6,64.9
0.0,4.0,11.848492451040041,6.0,0.0,7.900000000000006,0.0,none,cluster_1958191926_1958700691,185261909#6,65.0
0.0,4.0,11.99052928343412,6.0,0.0,7.900000000000006,0.0,none,cluster_1958191926_1958700691,185261909#6,65.1
0.0,4.0,12.130149760793396,6.0,0.0,7.8999999999999915,0.0,none,cluster_1958191926_1958700691,185261909#6,65.2
0.0,4.0,12.434588655678056,6.0,0.0,5.8999999999999915,0.0,none,cluster_1958191926_1958700691,185261909#6,65.4
0.0,4.0,12.645331526265911,6.0,0.0,7.900000000000006,0.0,none,cluster_1958191926_1958700691,185261909#6,65.5
0.0,4.0,12.856274311740384,6.0,0.0,7.900000000000006,0.0,none,cluster_1958191926_1958700691,185261909#6,65.6
0.0,4.0,13.085767830761581,6.0,0.0,7.8999999999999915,0.0,none,cluster_1958191926_1958700691,185261909#6,65.7
0.0,4.0,13.21877739326792,6.0,0.0,7.900000000000006,0.0,none,cluster_1958191926_1958700691,185261909#6,65.8
0.0,4.0,13.446294807891793,6.0,0.0,7.8999999999999915,0.0,none,cluster_1958191926_1958700691,185261909#6,65.9
0.0,4.0,13.688375631533528,6.0,0.0,7.900000000000006,0.0,none,cluster_1958191926_1958700691,185261909#6,66.0
0.0,4.0,13.777893627092709,6.0,0.0,7.900000000000006,0.0,none,cluster_1958191926_1958700691,185261909#6,66.1
0.0,4.0,13.79770207853755,6.0,0.0,7.8999999999999915,0.0,none,cluster_1958191926_1958700691,185261909#6,66.2
0.0,4.0,13.796424036021344,6.0,0.0,5.8999999999999915,0.0,none,cluster_1958191926_1958700691,185261909#6,66.4
0.0,4.0,13.763493687463924,6.0,0.0,7.900000000000006,0.0,none,cluster_1958191926_1958700691,185261909#6,66.5
0.0,4.0,13.766094727807213,6.0,0.0,7.900000000000006,0.0,none,cluster_1958191926_1958700691,185261909#6,66.6
0.0,4.0,13.82207366088871,6.0,0.0,7.8999999999999915,0.0,none,cluster_1958191926_1958700691,185261909#6,66.7
0.0,4.0,13.806661965628155,6.0,0.0,7.900000000000006,0.0,none,cluster_1958191926_1958700691,185261909#6,66.8
0.0,4.0,13.871254484744277,6.0,0.0,7.8999999999999915,0.0,none,cluster_1958191926_1958700691,185261909#6,66.9
0.0,4.0,13.841941119283439,6.0,0.0,7.900000000000006,0.0,none,cluster_1958191926_1958700691,185261909#6,67.0
0.0,4.0,13.874674199102447,6.0,0.0,7.900000000000006,0.0,none,cluster_1958191926_1958700691,185261909#6,67.1
0.0,4.0,13.794065338438378,6.0,0.0,7.8999999999999915,0.0,none,cluster_1958191926_1958700691,185261909#6,67.2
0.0,4.0,13.763375557668041,6.0,0.0,5.8999999999999915,0.0,none,cluster_1958191926_1958700691,185261909#6,67.4
0.0,4.0,13.847667833508458,6.0,0.0,7.900000000000006,0.0,none,cluster_1958191926_1958700691,185261909#6,67.5
0.0,4.0,13.792196275796742,6.0,0.0,7.900000000000006,0.0,none,cluster_1958191926_1958700691,185261909#6,67.6
0.0,4.0,13.794149526655675,6.0,0.0,7.8999999999999915,0.0,none,cluster_1958191926_1958700691,185261909#6,67.7
0.0,4.0,13.777633048507852,6.0,0.0,7.900000000000006,0.0,none,cluster_1958191926_1958700691,185261909#6,67.8
0.0,4.0,13.771442689702381,6.0,0.0,7.8999999999999915,0.0,none,cluster_1958191926_1958700691,185261909#6,67.9
0.0,4.0,13.813097118991427,6.0,0.0,7.900000000000006,0.0,none,cluster_1958191926_1958700691,185261909#6,68.0
0.0,4.0,13.820041327839718,6.0,0.0,7.900000000000006,0.0,none,cluster_1958191926_1958700691,185261909#6,68.1
0.0,4.0,13.838214746483137,6.0,0.0,7.8999999999999915,0.0,none,cluster_1958191926_1958700691,185261909#6,68.2
0.0,0.0,0.0,6.0,0.0,5.5,0.0,none,1958700764,-185305426#1,87.1
0.0,0.0,0.0,6.0,0.0,7.699999999999989,0.0,none,1958700764,-185305426#1,87.4
0.0,0.0,0.0,6.0,0.0,7.900000000000006,0.0,none,1958700764,-185305426#1,87.5
0.0,0.0,0.0,6.0,0.0,5.8999999999999915,0.0,none,1958700764,-185305426#1,87.7
0.0,0.0,0.0,6.0,0.0,7.900000000000006,0.0,none,1958700764,-185305426#1,87.8
0.0,0.0,0.0,6.0,0.0,7.8999999999999915,0.0,none,1958700764,-185305426#1,87.9
0.0,0.0,0.0,6.0,0.0,7.900000000000006,0.0,none,1958700764,-185305426#1,88.0
0.0,0.0,0.0,6.0,0.0,7.900000000000006,0.0,none,1958700764,-185305426#1,88.1
0.0,0.0,0.0,6.0,0.0,7.8999999999999915,0.0,none,1958700764,-185305426#1,88.2
0.0,0.0,0.0,6.0,0.0,7.900000000000006,0.0,none,1958700764,-185305426#1,88.3
0.0,0.0,0.0,6.0,0.0,7.8999999999999915,0.0,none,1958700764,-185305426#1,88.4
0.0,0.0,0.0,6.0,0.0,7.900000000000006,0.0,none,1958700764,-185305426#1,88.5
0.0,0.0,0.0,6.0,0.0,5.8999999999999915,0.0,none,1958700764,-185305426#1,88.7
0.0,0.0,0.0,6.0,0.0,7.900000000000006,0.0,none,1958700764,-185305426#1,88.8
0.0,0.0,0.0,6.0,0.0,7.8999999999999915,0.0,none,1958700764,-185305426#1,88.9
0.0,0.0,0.0,6.0,0.0,7.900000000000006,0.0,none,1958700764,-185305426#1,89.0
0.0,0.0,0.0,6.0,0.0,7.900000000000006,0.0,none,1958700764,-185305426#1,89.1
0.0,0.0,0.0,6.0,0.0,7.8999999999999915,0.0,none,1958700764,-185305426#1,89.2
0.0,0.0,0.0,6.0,0.0,7.900000000000006,0.0,none,1958700764,-185305426#1,89.3
0.0,0.0,0.0,6.0,0.0,7.8999999999999915,0.0,none,1958700764,-185305426#1,89.4
0.0,0.0,0.0,6.0,0.0,7.900000000000006,0.0,none,1958700764,-185305426#1,89.5
0.0,0.0,0.0,6.0,0.0,5.8999999999999915,0.0,none,1958700764,-185305426#1,89.7
0.0,0.0,0.0,6.0,0.0,7.900000000000006,0.0,none,1958700764,-185305426#1,89.8
0.0,0.0,0.0,6.0,0.0,7.8999999999999915,0.0,none,1958700764,-185305426#1,89.9
0.0,0.0,0.0,6.0,0.0,7.900000000000006,0.0,none,1958700764,-185305426#1,90.0
0.0,0.0,0.0,6.0,0.0,7.900000000000006,0.0,none,1958700764,-185305426#1,90.1
0.0,0.0,0.0,6.0,0.0,7.8999999999999915,0.0,none,1958700764,:9855153805_0,90.2
0.0,0.0,0.0,6.0,0.0,7.900000000000006,0.0,none,1958700764,:9855153805_0,90.3
0.0,0.0,0.0,6.0,0.0,7.8999999999999915,0.0,none,1958700764,:9855153805_0,90.4
0.0,0.0,0.0,6.0,0.0,7.900000000000006,0.0,none,1958700764,:9855153805_0,90.5
0.0,0.0,0.0,6.0,0.0,5.8999999999999915,0.0,none,1958700764,:9855153805_0,90.7
0.0,0.0,0.0,6.0,0.0,7.900000000000006,0.0,none,1958700764,:9855153805_0,90.8
0.0,0.0,0.0,6.0,0.0,7.8999999999999915,0.0,none,1958700764,:9855153805_0,90.9
0.0,0.0,0.0,6.0,0.0,7.900000000000006,0.0,none,1958700764,:9855153805_0,91.0
0.0,0.0,0.0,6.0,0.0,7.900000000000006,0.0,none,1958700764,:9855153805_0,91.1
0.0,0.0,0.0,6.0,0.0,7.8999999999999915,0.0,none,1958700764,:9855153805_0,91.2
0.0,0.0,0.0,6.0,0.0,7.900000000000006,0.0,none,1958700764,:9855153805_0,91.3
0.0,0.0,0.0,6.0,0.0,7.8999999999999915,0.0,none,1958700764,:9855153805_0,91.4
0.0,0.0,0.0,6.0,0.0,7.900000000000006,0.0,none,1958700764,:9855153805_0,91.5
0.0,16.0,1.9342289243816766,6.0,12.0,5.8999999999999915,0.0,none,1958700764,-185305426#0,91.7
0.0,16.0,1.9251177961899697,6.0,8.0,7.900000000000006,0.0,none,1958700764,-185305426#0,91.8
0.0,16.0,1.922019147919129,6.0,8.0,7.8999999999999915,0.0,none,1958700764,-185305426#0,91.9
0.0,16.0,1.9144152748730325,6.0,8.0,7.900000000000006,0.0,none,1958700764,-185305426#0,92.0
0.0,16.0,1.9240081885812583,6.0,4.0,7.900000000000006,0.0,none,1958700764,-185305426#0,92.1
0.0,16.0,1.9475803719947145,6.0,4.0,7.8999999999999915,0.0,none,1958700764,-185305426#0,92.2
0.0,16.0,1.9846754449777555,6.0,4.0,7.900000000000006,0.0,none,1958700764,-185305426#0,92.3
0.0,16.0,2.00982126342946,6.0,0.0,7.8999999999999915,0.0,none,1958700764,-185305426#0,92.4
0.0,16.0,2.0561962467961425,6.0,0.0,7.900000000000006,0.0,none,1958700764,-185305426#0,92.5
0.0,12.0,2.1087379188327193,6.0,0.0,5.8999999999999915,0.0,none,1958700764,-185305426#0,92.7
0.0,12.0,2.132923026944202,6.0,0.0,7.900000000000006,0.0,none,1958700764,-185305426#0,92.8
0.0,12.0,2.1649536918813,6.0,0.0,7.8999999999999915,0.0,none,1958700764,-185305426#0,92.9
0.0,12.0,2.1920548543013307,6.0,0.0,7.900000000000006,0.0,none,1958700764,-185305426#0,93.0
0.0,12.0,2.20314719583882,6.0,0.0,7.900000000000006,0.0,none,1958700764,-185305426#0,93.1
0.0,12.0,2.2805459412699887,6.0,0.0,7.8999999999999915,0.0,none,1958700764,-185305426#0,93.2
0.0,12.0,2.3539238777832368,6.0,0.0,7.900000000000006,0.0,none,1958700764,-185305426#0,93.3
0.0,12.0,2.410697208704948,6.0,0.0,7.8999999999999915,0.0,none,1958700764,-185305426#0,93.4
0.0,12.0,2.5027160797306514,6.0,0.0,7.900000000000006,0.0,none,1958700764,-185305426#0,93.5
0.0,12.0,2.6572274404922487,6.0,0.0,5.8999999999999915,0.0,none,1958700764,-185305426#0,93.7
0.0,12.0,2.7553729345012847,6.0,0.0,7.900000000000006,0.0,none,1958700764,-185305426#0,93.8
0.0,12.0,2.841023544093526,6.0,0.0,7.8999999999999915,0.0,none,1958700764,-185305426#0,93.9
0.0,12.0,3.0105110777027737,6.0,0.0,7.900000000000006,0.0,none,1958700764,-185305426#0,94.0
0.0,12.0,3.081593557693401,6.0,0.0,7.900000000000006,0.0,none,1958700764,-185305426#0,94.1
0.0,12.0,3.1804510480159784,6.0,0.0,7.8999999999999915,0.0,none,1958700764,-185305426#0,94.2
0.0,12.0,3.3567318652919282,6.0,0.0,7.900000000000006,0.0,none,1958700764,-185305426#0,94.3
0.0,12.0,3.526974576695848,6.0,0.0,7.8999999999999915,0.0,none,1958700764,-185305426#0,94.4
0.0,12.0,3.6496264921218025,6.0,0.0,7.900000000000006,0.0,none,1958700764,-185305426#0,94.5
0.0,12.0,3.8671724266885796,6.0,0.0,5.8999999999999915,0.0,none,1958700764,-185305426#0,94.7
0.0,12.0,4.018193538058395,6.0,0.0,7.900000000000006,0.0,none,1958700764,-185305426#0,94.8
0.0,12.0,4.2021336084913585,6.0,0.0,7.8999999999999915,0.0,none,1958700764,-185305426#0,94.9
0.0,12.0,4.386284026718115,6.0,0.0,7.900000000000006,0.0,none,1958700764,-185305426#0,95.0
0.0,8.0,3.9659279000377134,6.0,0.0,7.900000000000006,0.0,none,1958700764,-185305426#0,95.1
0.0,8.0,4.165906273197425,6.0,0.0,7.8999999999999915,0.0,none,1958700764,-185305426#0,95.2
0.0,8.0,4.31031244889221,6.0,0.0,7.900000000000006,0.0,none,1958700764,-185305426#0,95.3
0.0,8.0,4.45569437030398,6.0,0.0,7.8999999999999915,0.0,none,1958700764,-185305426#0,95.4
0.0,8.0,4.613890872179546,6.0,0.0,7.900000000000006,0.0,none,1958700764,-185305426#0,95.5
0.0,8.0,4.912826492320546,6.0,0.0,5.8999999999999915,0.0,none,1958700764,-185305426#0,95.7
0.0,8.0,5.105830808896371,6.0,0.0,7.900000000000006,0.0,none,1958700764,-185305426#0,95.8
0.0,8.0,5.235851967475339,6.0,0.0,7.8999999999999915,0.0,none,1958700764,-185305426#0,95.9
0.0,8.0,5.426450074753686,6.0,0.0,7.900000000000006,0.0,none,1958700764,-185305426#0,96.0
0.0,8.0,5.63647084462081,6.0,0.0,7.900000000000006,0.0,none,1958700764,-185305426#0,96.1
0.0,8.0,5.823555406583852,6.0,0.0,7.8999999999999915,0.0,none,1958700764,-185305426#0,96.2
0.0,8.0,6.002320055708873,6.0,0.0,7.900000000000006,0.0,none,1958700764,-185305426#0,96.3
0.0,8.0,6.203224411886023,6.0,0.0,7.8999999999999915,0.0,none,1958700764,-185305426#0,96.4
0.0,8.0,6.341814925376548,6.0,0.0,7.900000000000006,0.0,none,1958700764,-185305426#0,96.5
0.0,8.0,6.645488798544667,6.0,0.0,5.8999999999999915,0.0,none,1958700764,-185305426#0,96.7
0.0,8.0,6.850504896308685,6.0,0.0,7.900000000000006,0.0,none,1958700764,-185305426#0,96.8
0.0,4.0,6.427067736492039,6.0,0.0,7.8999999999999915,0.0,none,1958700764,-185305426#0,96.9
0.0,4.0,6.643437797843957,6.0,0.0,7.900000000000006,0.0,none,1958700764,-185305426#0,97.0
0.0,4.0,6.872895832466905,6.0,0.0,7.900000000000006,0.0,none,1958700764,-185305426#0,97.1
0.0,4.0,7.002471539271038,6.0,0.0,7.8999999999999915,0.0,none,1958700764,-185305426#0,97.2
0.0,4.0,7.143386626297117,6.0,0.0,7.900000000000006,0.0,none,1958700764,-185305426#0,97.3
0.0,4.0,7.379784110067386,6.0,0.0,7.8999999999999915,0.0,none,1958700764,-185305426#0,97.4
0.0,4.0,7.609664928340327,6.0,0.0,7.900000000000006,0.0,none,1958700764,-185305426#0,97.5
0.0,4.0,7.978712450778719,6.0,0.0,5.8999999999999915,0.0,none,1958700764,-185305426#0,97.7
0.0,4.0,8.078110538679308,6.0,0.0,7.900000000000006,0.0,none,1958700764,-185305426#0,97.8
0.0,4.0,8.17601687101383,6.0,0.0,7.8999999999999915,0.0,none,1958700764,-185305426#0,97.9
0.0,4.0,8.355762198848801,6.0,0.0,7.900000000000006,0.0,none,1958700764,-185305426#0,98.0
0.0,4.0,8.531935857268289,6.0,0.0,7.900000000000006,0.0,none,1958700764,-185305426#0,98.1
0.0,4.0,8.661036136406244,6.0,0.0,7.8999999999999915,0.0,none,1958700764,-185305426#0,98.2
0.0,4.0,8.916302203752336,6.0,0.0,7.900000000000006,0.0,none,1958700764,-185305426#0,98.3
0.0,4.0,9.120223079506145,6.0,0.0,7.8999999999999915,0.0,none,1958700764,-185305426#0,98.4
0.0,4.0,9.200874654992596,6.0,0.0,7.900000000000006,0.0,none,1958700764,-185305426#0,98.5
0.0,0.0,0.0,6.0,0.0,5.8999999999999915,0.0,none,1958700766,:1958700764_5,98.7
0.0,0.0,0.0,6.0,0.0,7.900000000000006,0.0,none,1958700766,:1958700764_5,98.8
0.0,0.0,0.0,6.0,0.0,7.8999999999999915,0.0,none,1958700766,:1958700764_5,98.9
0.0,0.0,0.0,6.0,0.0,7.900000000000006,0.0,none,1958700766,:1958700764_5,99.0
0.0,0.0,0.0,6.0,0.0,7.900000000000006,0.0,none,1958700766,:1958700764_5,99.1
0.0,0.0,0.0,6.0,0.0,7.8999999999999915,0.0,none,1958700766,:1958700764_5,99.2
0.0,0.0,0.0,6.0,0.0,7.900000000000006,0.0,none,1958700766,:1958700764_5,99.3
0.0,0.0,0.0,6.0,0.0,7.8999999999999915,0.0,none,1958700766,:1958700764_5,99.4
0.0,0.0,0.0,6.0,0.0,7.900000000000006,0.0,none,1958700766,:1958700764_5,99.5
0.0,0.0,0.0,6.0,0.0,5.8999999999999915,0.0,none,1958700766,:1958700764_5,99.7
0.0,0.0,0.0,6.0,0.0,7.900000000000006,0.0,none,1958700766,:1958700764_5,99.8
0.0,0.0,0.0,6.0,0.0,7.8999999999999915,0.0,none,1958700766,:1958700764_5,99.9
0.0,0.0,0.0,6.0,0.0,7.900000000000006,0.0,none,1958700766,:1958700764_5,100.0
0.0,0.0,0.0,6.0,0.0,7.900000000000006,0.0,none,1958700766,:1958700764_5,100.1
0.0,0.0,0.0,6.0,0.0,7.8999999999999915,0.0,none,1958700766,:1958700764_5,100.2
0.0,0.0,0.0,6.0,0.0,7.900000000000006,0.0,none,1958700766,:1958700764_5,100.3
0.0,0.0,0.0,6.0,0.0,7.8999999999999915,0.0,none,1958700766,:1958700764_5,100.4
0.0,0.0,0.0,6.0,0.0,7.900000000000006,0.0,none,1958700766,:1958700764_5,100.5
0.0,0.0,0.0,6.0,0.0,5.8999999999999915,0.0,none,1958700766,:1958700764_5,100.7
0.0,0.0,0.0,6.0,0.0,7.900000000000006,0.0,none,1958700766,:1958700764_5,100.8
0.0,0.0,0.0,6.0,0.0,7.8999999999999915,0.0,none,1958700766,:1958700764_5,100.9
0.0,0.0,0.0,6.0,0.0,7.900000000000006,0.0,none,1958700766,:1958700764_5,101.0
0.0,0.0,0.0,6.0,0.0,7.900000000000006,0.0,none,1958700766,:1958700764_5,101.1
0.0,0.0,0.0,6.0,0.0,7.8999999999999915,0.0,none,1958700766,:1958700764_5,101.2
0.0,0.0,0.0,6.0,0.0,7.900000000000006,0.0,none,1958700766,:1958700764_5,101.3
0.0,0.0,0.0,6.0,0.0,7.8999999999999915,0.0,none,1958700766,:1958700764_5,101.4
0.0,0.0,0.0,6.0,0.0,7.900000000000006,0.0,none,1958700766,:1958700764_5,101.5
0.0,0.0,0.0,6.0,0.0,5.5,0.0,none,1958700766,:1958700764_5,102.1
0.0,0.0,0.0,6.0,0.0,7.8999999999999915,0.0,none,1958700766,:1958700764_5,102.2
0.0,0.0,0.0,6.0,0.0,7.900000000000006,0.0,none,1958700766,:1958700764_5,102.3
0.0,0.0,0.0,6.0,0.0,7.8999999999999915,0.0,none,1958700766,:1958700764_5,102.4
0.0,0.0,0.0,6.0,0.0,7.900000000000006,0.0,none,1958700766,:1958700764_5,102.5
0.0,0.0,0.0,6.0,0.0,5.8999999999999915,0.0,none,1958700766,:1958700764_5,102.7
0.0,12.0,0.3047799307842784,6.0,8.0,7.900000000000006,0.0,none,1958700766,-185305382,102.8
0.0,8.0,0.412804140746506,6.0,4.0,7.8999999999999915,0.0,none,1958700766,-185305382,102.9
0.0,8.0,0.4000125976397125,6.0,4.0,7.900000000000006,0.0,none,1958700766,-185305382,103.0
0.0,8.0,0.3865318800961874,6.0,0.0,7.900000000000006,0.0,none,1958700766,-185305382,103.1
0.0,8.0,0.4027271995488521,6.0,0.0,7.8999999999999915,0.0,none,1958700766,-185305382,103.2
0.0,8.0,0.4298389557576978,6.0,0.0,7.900000000000006,0.0,none,1958700766,-185305382,103.3
0.0,8.0,0.5021210395502258,6.0,0.0,7.8999999999999915,0.0,none,1958700766,-185305382,103.4
0.0,8.0,0.5470220258263101,6.0,0.0,7.900000000000006,0.0,none,1958700766,-185305382,103.5
0.0,8.0,0.7247152794400242,6.0,0.0,5.8999999999999915,0.0,none,1958700766,-185305382,103.7
0.0,8.0,0.8307410360653646,6.0,0.0,7.900000000000006,0.0,none,1958700766,-185305382,103.8
0.0,8.0,0.9169960852729238,6.0,0.0,7.8999999999999915,0.0,none,1958700766,-185305382,103.9
0.0,8.0,1.0553675239435867,6.0,0.0,7.900000000000006,0.0,none,1958700766,-185305382,104.0
0.0,8.0,1.1808155094411743,6.0,0.0,7.900000000000006,0.0,none,1958700766,-185305382,104.1
0.0,8.0,1.322570913876116,6.0,0.0,7.8999999999999915,0.0,none,1958700766,-185305382,104.2
0.0,8.0,1.4601219417165616,6.0,0.0,7.900000000000006,0.0,none,1958700766,-185305382,104.3
0.0,8.0,1.6227046275334975,6.0,0.0,7.8999999999999915,0.0,none,1958700766,-185305382,104.4
0.0,8.0,1.7903495153646394,6.0,0.0,7.900000000000006,0.0,none,1958700766,-185305382,104.5
0.0,8.0,2.0617723139222903,6.0,0.0,5.8999999999999915,0.0,none,1958700766,-185305382,104.7
0.0,8.0,2.2665822735613097,6.0,0.0,7.900000000000006,0.0,none,1958700766,-185305382,104.8
0.0,8.0,2.383737882434799,6.0,0.0,7.8999999999999915,0.0,none,1958700766,-185305382,104.9
0.0,8.0,2.543164122095164,6.0,0.0,7.900000000000006,0.0,none,1958700766,-185305382,105.0
0.0,8.0,2.7283721107354166,6.0,0.0,7.900000000000006,0.0,none,1958700766,-185305382,105.1
0.0,8.0,2.902165276890367,6.0,0.0,7.8999999999999915,0.0,none,1958700766,-185305382,105.2
0.0,8.0,3.0561384503853457,6.0,0.0,7.900000000000006,0.0,none,1958700766,-185305382,105.3
0.0,8.0,3.2577977462946857,6.0,0.0,7.8999999999999915,0.0,none,1958700766,-185305382,105.4
0.0,8.0,3.4878287775797387,6.0,0.0,7.900000000000006,0.0,none,1958700766,-185305382,105.5
0.0,8.0,3.8745882697358685,6.0,0.0,5.8999999999999915,0.0,none,1958700766,-185305382,105.7
0.0,8.0,4.118772438496322,6.0,0.0,7.900000000000006,0.0,none,1958700766,-185305382,105.8
0.0,8.0,4.293992746048299,6.0,0.0,7.8999999999999915,0.0,none,1958700766,-185305382,105.9
0.0,8.0,4.438718695175994,6.0,0.0,7.900000000000006,0.0,none,1958700766,-185305382,106.0
0.0,4.0,3.990781826782007,6.0,0.0,7.900000000000006,0.0,none,1958700766,-185305382,106.1
0.0,4.0,4.086119657947993,6.0,0.0,7.8999999999999915,0.0,none,1958700766,-185305382,106.2
0.0,4.0,4.294410496931368,6.0,0.0,7.900000000000006,0.0,none,1958700766,-185305382,106.3
0.0,4.0,4.532654291202625,6.0,0.0,7.8999999999999915,0.0,none,1958700766,-185305382,106.4
0.0,4.0,4.695974986816135,6.0,0.0,7.900000000000006,0.0,none,1958700766,-185305382,106.5
0.0,4.0,4.975983138698928,6.0,0.0,5.8999999999999915,0.0,none,1958700766,-185305382,106.7
0.0,4.0,5.171237692048151,6.0,0.0,7.900000000000006,0.0,none,1958700766,-185305382,106.8
0.0,4.0,5.3310438525488895,6.0,0.0,7.8999999999999915,0.0,none,1958700766,-185305382,106.9
0.0,4.0,5.541741398132714,6.0,0.0,7.900000000000006,0.0,none,1958700766,-185305382,107.0
0.0,4.0,5.712344841668225,6.0,0.0,7.900000000000006,0.0,none,1958700766,-185305382,107.1
0.0,4.0,5.85435946029828,6.0,0.0,7.8999999999999915,0.0,none,1958700766,-185305382,107.2
0.0,4.0,6.023194287917419,6.0,0.0,7.900000000000006,0.0,none,1958700766,-185305382,107.3
0.0,4.0,6.161794084282434,6.0,0.0,7.8999999999999915,0.0,none,1958700766,-185305382,107.4
0.0,4.0,6.306712572162347,6.0,0.0,7.900000000000006,0.0,none,1958700766,-185305382,107.5
0.0,4.0,6.697878198055392,6.0,0.0,5.8999999999999915,0.0,none,1958700766,-185305382,107.7
0.0,4.0,6.924985598758636,6.0,0.0,7.900000000000006,0.0,none,1958700766,-185305382,107.8
0.0,4.0,7.171986195449558,6.0,0.0,7.8999999999999915,0.0,none,1958700766,-185305382,107.9
