dist_to_tls,ambulance_speed,queue_length,eta_seconds,phase_index,phase_remaining,should_trigger
118.43499542179747,15.734236503217762,42.25160203158617,7.527215915279822,1,25.889378567898927,0
215.09071465145678,8.44921042157251,95.17841648996304,25.45690116821893,0,17.267478362265702,0
41.0376623892173,3.923369917103867,62.8594926274707,10.459799421490766,7,20.733814967771593,1
117.66310534287298,14.692391800825185,64.66552014031367,8.008437764113024,0,5.054732461018011,1
228.62942774067773,17.119483967351478,88.10469066906221,13.354925193814037,1,25.97390352144261,0
271.65859823939985,13.210211549331753,94.498273241778,20.564288257226423,6,4.524386011812922,1
253.5506477975826,19.33631679284798,50.98664765633305,13.112665173719362,6,25.797155353598377,0
75.01323935288214,10.052001990071114,33.085703511906786,7.462517359922593,7,20.58916498454931,1
271.074800542816,11.570411610664506,8.311884560386185,23.428276336596788,7,21.06618205884747,0
248.5358657681984,7.367707517083222,91.55324704597557,33.73313411151675,0,18.545399170011503,0
207.12179645807228,6.988550275742853,22.385739252924143,29.637305061249794,0,23.281805608148044,0
151.0389504145414,7.0447171605020165,26.723503103280766,21.440030447408077,1,13.512313457238482,0
42.30964343658321,13.743218617374552,18.38661736118744,3.0785833082138563,7,12.709594781878724,1
87.88044039676274,16.36030322392642,71.1332575283647,5.371565501808084,2,29.617929926015393,1
46.63929068592938,18.273349038693357,59.189856841555866,2.552312145254373,5,5.326058085601052,1
185.0389408006343,7.6672352872202705,65.23001746289286,24.133724069881715,0,20.246830604631295,0
46.83414783616914,18.28987089861777,30.151658922835544,2.560660383869006,6,19.130923540230597,1
53.77094166065469,9.367069327033024,28.032575162638917,5.7404231551349465,2,22.430158252524354,1
164.23588575537104,5.622418729007754,93.11636865714135,29.21089546533213,6,14.733080031790047,0
28.22011927913396,14.48735183944401,28.127667106452247,1.9479142628606845,1,20.097247613172197,0
277.72404205561736,11.674498015098225,79.42913428861314,23.78894935751811,6,7.503490396253762,0
85.90436258507502,7.597665131693006,72.58849650767594,11.306679235800004,3,4.646167984674735,0
268.27033713445456,11.110041325648428,84.41764528552895,24.146655198764275,7,23.31782141779904,0
207.71659026316593,11.272690354294896,35.301054623156915,18.426532064195825,1,28.095202735411352,1
162.69981680271042,2.987807863746268,87.62999409693353,54.45457814637015,6,8.158424536638268,0
175.38844898562888,14.438470860681598,30.364493219121623,12.147300824164237,2,2.9955446969699615,0
181.9123077009851,7.0062651198981545,8.135416423687092,25.96423409447421,3,17.36803460213537,0
285.94887630996215,3.5761204135192393,34.36090057263973,79.96063981205866,3,13.174471201538982,0
104.05314846767581,0.05987023996376628,57.492291590228426,208.10629693535162,6,8.76770198095352,0
291.07223267447296,18.231155164518267,31.609221079355297,15.965649463669854,4,8.84066725519515,0
284.32629337887215,8.453656355853614,78.23628285117688,33.63352866620779,4,2.4641316619832807,0
110.02801876692637,9.219263982102854,90.88549801261706,11.934577313386539,2,15.899028911331413,0
295.06377371635864,9.279301692606749,44.48121659557792,31.79805803182902,0,3.958704709505314,0
269.34867795710187,2.316854096458749,83.79519213912921,116.25621068188725,1,27.565936303848275,0
197.17952865444607,0.8777224755974422,67.72485062736351,224.64905951078813,4,10.168185328309399,0
14.51062426648747,18.749619789778812,6.1072906910670905,0.7739156542469094,1,1.748643695116956,1
62.98946473905789,18.83430743707453,8.184986719297992,3.3444003688219412,6,28.314969527077636,0
120.92578477730035,12.655943730945081,65.41367706080341,9.554861126762471,1,22.45063842445849,0
194.09951657064872,13.70218870031282,52.342052232996835,14.165584843114694,7,13.740436443518657,0
260.5528079837665,9.79704339979107,98.6182389760252,26.595044785585316,1,25.32560003579149,0
225.95933173824818,10.823439543510169,67.06274962332971,20.876850730296304,3,7.735733926043453,0
146.90076037153779,17.698897047511625,91.37735276087892,8.29999519050207,4,15.680574807262612,1
264.4802673277739,4.507335460682301,90.11832183250823,58.67774201295815,7,16.694575768630884,1
222.2318349403888,9.816685294001424,71.66672921717041,22.638174524774225,7,6.836958728607186,0
230.3765603336802,17.18722402476194,42.14577634998425,13.403942370319523,2,6.257622828477966,0
297.2685769393922,10.948228936917042,32.61831834561338,27.152206868547754,5,8.893069850305004,0
173.9997262840122,0.6061487794415266,83.37208973290548,287.0577854571057,3,14.14918880518234,0
254.75917686088232,3.0992097451031375,58.712351641184824,82.20133447354151,6,24.578090407326243,0
63.500114666655705,16.82164742080628,88.65900442336769,3.774904626054282,0,11.420632554734386,1
56.609734892854625,13.092251852908127,34.68050783764263,4.323911236116356,6,17.859413090067488,1
113.34206774875783,12.478293917920647,58.125874533572464,9.083138167308443,2,1.6565143401741556,1
60.21693084015616,12.149572950929574,93.46380749529038,4.956300199469061,3,22.86545846602253,1
218.1049015693681,7.230762721444046,42.295312441038476,30.163470987997055,0,1.0210968435060086,0
238.86294153371003,0.05255649351754377,79.51361370751846,477.72588306742006,2,7.745580688916272,0
116.91852428459224,4.159263239391757,14.413084605894133,28.110393008375727,1,24.78203715228821,0
44.685194947719545,3.854364971814772,38.676983725206085,11.593400021659123,3,28.306787684651837,1
42.13776289704734,18.961794219782384,3.0357006187267888,2.222245553803449,1,11.394597605143115,1
275.30611584546193,11.160098556673713,13.956326046612267,24.66878894011465,5,1.9259665596883047,1
253.88044412563235,10.039633923735503,32.40417115044468,25.28781886413341,6,10.19525842816386,1
105.40567493770254,6.685540123009382,15.597329679377768,15.766216790013965,4,15.926346549896603,0
174.43873833111047,10.991476170183885,29.302578504089418,15.870364965563324,4,6.223065770737897,0
44.403748252099476,0.8817552354075642,78.98032321957253,50.358360766154355,4,5.686790333421717,1
215.44074079464818,12.27350988333355,21.45451926019728,17.55331138708737,6,9.520839160422348,0
128.8663164700365,12.756786457530847,20.483756137598007,10.101785186970933,7,14.925087715723782,0
265.51295416847154,16.237775016317702,96.48184629175014,16.351560106089146,6,5.468107182587357,0
59.55952911242234,16.384803170832555,47.22913958995895,3.6350469695264556,7,11.351998380428048,1
20.442178085462704,7.09616105785722,38.479834177548696,2.8807376155630116,1,15.210933159569683,1
102.01242687213671,2.757610065229925,29.982394541679813,36.99305719774818,6,5.352879891418962,0
232.34918227594412,7.527832678001207,64.98824972933778,30.865348927712557,3,3.3202794997236964,0
131.02835109009953,1.6233931640690247,67.1818893549815,80.71264188502421,2,23.433963668496215,0
245.45937838720144,19.46524418655747,93.78217088388658,12.610136098714527,5,20.76649680856764,0
131.8111631968585,1.5951169236022689,34.560693048121614,82.63417010157977,0,5.545529860089816,0
243.15624416266505,12.866270276202869,1.3960101306392025,18.898735915131578,6,29.345673698497183,0
130.99840104627017,19.01517166154734,10.495423380233937,6.889151640485918,1,7.7723935610471315,0
248.00075410236,1.4962808917256876,41.50993703116437,165.7447846014636,1,3.95513712046922,0
257.94139779930464,9.03447160708926,70.8867007560329,28.550800646371016,4,19.078210178647474,0
38.20000029344792,9.787068148613082,40.50922811116904,3.9031096660812783,1,24.598592051375842,1
265.14756331640046,11.283930681417528,55.50227232549393,23.497801502188214,5,10.098772686047612,0
34.26152440573074,18.87686081170659,77.61025596769252,1.8150011671688158,2,5.808150562128471,1
25.86231711552074,13.831095857197653,1.2412788096790472,1.8698675349041183,4,6.592110632905687,1
132.3258925473731,15.18147767255709,94.63799554291745,8.716272249741076,4,5.57247984131164,1
273.2816743046791,15.427285958094778,24.04781285788723,17.714177013830923,6,7.9038797744615374,0
193.36590153186577,8.14441857780137,46.38364798172252,23.742136984327978,6,4.1633868531807,0
127.13458633952804,9.916394083432657,84.89086751160387,12.82064682684728,7,12.660636179030293,0
211.6662341435976,11.399558196671222,55.123620038347745,18.567933115636546,3,27.544974944248285,0
15.568848817862701,12.28054396636532,13.306687842480303,1.2677654068503468,7,5.0731660210498415,1
162.36496585405635,8.528544519164708,44.27691336488762,19.0378282588784,6,1.837847473318932,0
103.8282507203298,0.08701792513573725,10.86485479540029,207.6565014406596,3,23.859847280006992,0
74.69917213412205,16.179450515230386,3.6035951876613237,4.6169165055268495,1,23.471175789589676,1
8.473567114688729,9.827071463670178,6.928068200830461,0.8622677820157068,2,23.682802082685463,1
167.70182601441925,14.636693232267351,39.24233740231947,11.457630719807112,6,9.430847044253959,0
260.9062211519685,1.989006780507041,30.138266903536458,131.17412354193073,3,27.387412991210912,0
72.82592186912271,12.370563159724899,99.97983458691883,5.887033672502767,7,20.283880569400885,1
43.46856765248535,1.1268282481975023,23.53418326083877,38.576036518447744,0,18.008726836367668,1
24.218196552449534,16.25351231167572,98.64346278894499,1.4900284989511083,6,15.970346800867251,1
83.92110433705935,2.337295288416852,77.34063970016336,35.90522119860287,3,5.880267654013325,0
176.68205412382508,3.6198651388725422,92.78218300020585,48.809015625055906,1,25.961028461904444,0
244.57663459359017,17.697767382192747,98.57773418427293,13.819632121488942,0,12.222957230883228,0
209.71605599129038,7.137612470133041,23.31430411744084,29.3818215641205,7,19.949151690187847,0
49.45268497855074,2.8464603501788277,4.147453329301987,17.37339674358854,0,11.447470980991845,1
125.30031173801166,12.461739637417509,57.474726858884885,10.054800965491692,5,6.058075771418329,1
80.64248447492001,5.041652321410732,28.18443529479666,15.995249044137777,0,23.71930878245866,1
221.13901778359474,17.838388434559597,81.97229408647692,12.396804711078394,2,23.302237346926365,0
224.24933347559892,4.6362854759838035,60.11531442796964,48.36831869763456,1,17.48612353139723,0
27.707286548168454,16.786412384091747,2.7513212136690224,1.650578212556381,3,12.211683424852918,1
53.65391712503176,9.819553500379046,31.764501563674653,5.463987453498844,4,12.922900201921594,1
263.48682759848816,16.73871112612936,66.76830731287922,15.741165828901938,2,12.904111534143222,0
233.16685736452249,17.004093913780878,1.2627917713942671,13.712395294144644,1,11.911156552738852,0
210.76951567897675,7.230320605731602,82.44111465956965,29.150784200619828,2,25.61683381444658,0
108.24654414668362,16.808467487955838,22.223957035397866,6.440000804609227,1,17.836453201918356,0
278.5650122698697,13.392484952391424,48.53039962681534,20.80009895550623,1,4.01636686149148,0
271.6154704181448,15.85298864955309,53.60939686563354,17.13339209548995,1,2.901856423599928,0
249.0796900199301,18.11303502584041,12.287851344713419,13.751405530027858,3,27.33999135044322,0
102.60456551421863,0.8242033445069419,72.56210638623308,124.489382623895,6,17.017114054947513,0
233.89211727615447,11.985860630465163,78.6562995134594,19.51400274767564,6,22.610611649217574,0
118.63906499645763,4.479677445805059,41.0467489031228,26.483840953226615,7,8.435838027845108,0
156.41983462920268,17.48078126004138,3.421756341310922,8.948103194149368,4,15.483723578284566,0
219.2409329410059,15.392655803456316,32.20510650056085,14.243216748325967,4,28.685555080086736,0
269.0601272530002,7.029815921352556,53.34657478837924,38.27413551978645,6,0.43181698754411246,0
75.68592004990859,6.3366816490486215,61.858282636212614,11.944093808353452,2,28.554803658964115,0
267.6336712605361,19.087787294365842,35.44782212637265,14.021199373881004,3,2.45822298996371,0
243.07613520656852,10.84499910505755,16.06971646873021,22.41366115864503,7,29.73850502490896,0
234.4320256291557,1.4299799858979445,23.377229458200844,163.94077395562007,4,5.279170614721982,0
64.66291688794546,5.790777134662191,89.05147481984154,11.166535230805012,6,21.32255465343266,1
276.2373997979079,1.4684269132441807,4.167802546598742,188.11790856353855,0,18.820629594764096,0
280.9827171491028,15.94000248890568,0.9991913366267702,17.6275202807947,3,21.351365062178342,0
295.6160630509837,16.42693232476699,38.68819633066867,17.995816699462594,5,27.31280269804032,1
75.95188385738798,6.1153324162623734,50.77240064012803,12.419910920199653,1,17.7001584162725,1
51.07043440582741,8.954041605739482,60.60610792139393,5.703618170937647,5,20.666729251151708,1
178.77872803862712,13.305234456717766,74.03657838327783,13.43672136107022,7,28.71326931834797,0
235.2045079920541,17.085207489871078,9.095788602177668,13.766558476477064,3,11.425831104995826,0
211.9298389248324,19.6330991585986,80.71701891333079,10.794517829958327,0,0.04873546600439593,0
206.5589002494829,14.695028199423849,37.08387751438582,14.056379984189585,0,7.572149005615372,0
95.61989893252594,19.063196092137076,9.247880760034398,5.015942681928657,2,7.962900455198727,1
52.47642593148311,1.1810389414915057,45.52311666707028,44.43242647461894,5,12.619771655337251,0
113.10544888970448,19.542034881273576,70.22937030332038,5.787803039799572,2,17.562196792693847,1
66.44482720338789,10.598651427125485,40.14728527121463,6.269177513785707,1,16.719464321930893,1
178.51604113903142,14.306525752086046,59.2323099087969,12.477944976473541,5,27.00337895790543,0
203.1331423952292,17.53074017275303,93.1618406608123,11.58725418285229,0,29.280864410424897,0
103.01637959734524,6.437272911758168,50.39209990392885,16.003108926635377,0,2.173371723477646,0
36.60623076871767,12.26537538360072,60.08328371332601,2.9845177684216346,4,3.6906488488244893,1
42.116429303502144,10.547686274838568,55.812593453567075,3.9929543035395914,5,17.945856937385052,1
30.10575856913562,12.918118622683906,13.267854878140472,2.3305064342938167,4,27.554629665769063,1
84.02965469438453,3.102650513260201,75.44551886557423,27.083183985839227,7,28.730982955083697,0
148.26146289820397,1.3146220196888314,37.07846883681679,112.77877646785285,2,16.677990390144632,0
191.24119811371207,9.583585808368815,40.87908913685272,19.955077560500552,1,19.088909081125053,0
282.97769466855976,14.749323841660392,88.00583894737042,19.18580795339726,4,4.629853132204065,0
29.734169697438016,12.329409434481502,35.90608419162101,2.4116458988117344,5,5.0234005372212165,1
18.652111927742965,9.178238620795751,3.4766763998047456,2.032210394430324,4,8.936835824675217,1
15.301610597007976,4.826575818475202,70.48050492038804,3.170282861492895,0,16.983619588244487,1
256.6427460010521,7.838566438563406,29.33994607881325,32.74103090310575,2,1.5231769023999941,0
103.0963865425298,11.161888847628727,3.076130855470338,9.236464181815604,2,10.502163437887466,0
126.71028162047135,9.122969512290226,80.9728171633057,13.889148862086031,3,2.503091287077085,0
31.10319602310414,10.526651946186323,44.81805540462502,2.954709263886363,5,18.529480313473485,0
4.651072544715229,6.653817504966744,38.531500541709704,0.6990081319848995,4,10.928934760119635,1
64.57981693740197,17.89252239406332,34.002637457678645,3.6093187709984,1,26.417872113708185,1
7.228738052020156,2.543405642973593,96.15061182478098,2.8421490972115486,4,25.993403226846215,1
131.18032238995033,2.0774828262550216,94.00841964564985,63.14387812602177,7,27.291792010734003,0
268.41409522371504,17.642318721418842,17.438576024873186,15.214218689850789,1,4.524156520263965,0
54.76275444670682,14.939329543013065,38.64464302766717,3.665676849087158,4,22.96746182451077,1
91.99543344683678,15.21656292615429,65.61506171918654,6.045743305718183,3,9.001023846911657,1
75.55557168374717,18.538778254312675,29.238127918835023,4.07554212296437,2,14.942902214470394,1
88.33098021129173,18.97334259906889,12.479675872615648,4.6555307663936105,4,20.28500010042981,1
236.08176158819245,13.428365194036607,56.304339448337956,17.580826718432846,5,17.698106516897088,0
211.04934637306064,14.549994525917683,42.42260096943989,14.505115173557053,2,22.91260703803622,0
7.141393514629801,9.74396529220397,71.37104103276715,0.7329042438547625,2,27.219826574292814,1
165.10975824274283,7.274948119775802,76.67900555243605,22.69566126443128,2,21.88004733793321,1
93.00038653460398,2.7422974198394856,60.1023039248847,33.91331146715937,1,11.978762675178048,0
133.83750933379088,0.2769843878435907,44.41425794342787,267.67501866758175,5,7.214708270091025,0
56.45725899297489,7.320594396073192,44.15096150500438,7.712114063204879,6,6.767501281265291,1
215.15095908378177,1.0623313583262028,52.05951827874089,202.52716574494343,7,29.377679449926113,0
224.26949148289,2.0574183937086032,88.92411251919476,109.00529137324986,0,3.180372044672972,0
4.866528331906861,1.4264723674466673,98.02325330987294,3.4115826166459615,5,10.725071137490387,1
271.5688008582557,11.3058552887295,89.06420705754911,24.020190770438685,2,6.105306748025744,0
223.7325125401244,8.200114057820475,47.5544285061318,27.284073241243515,5,13.63876104282447,0
145.46784079529982,2.006281974320192,37.696085858909015,72.506179419067,7,6.938941142898876,0
176.3443347062283,11.58599425872019,66.72638019335295,15.220474891354522,3,0.09811277942495811,0
68.97649722900631,1.4225889305042227,68.3620229929916,48.486597744408336,5,1.8860083877647915,0
90.07889722559901,14.325702029317199,93.73226268683284,6.287922018847994,0,22.471767900803073,1
293.36010294933214,19.931843958253936,76.79852644988317,14.718161729730449,7,24.83889025734829,0
4.975552626609325,14.333770847163997,94.69583764841065,0.34712098300314054,3,6.20805062310974,1
256.7190121485428,4.965994715691431,73.50642863055211,51.695385687255815,1,15.211917333589273,0
194.25428009674627,8.96477042376603,21.318048901720367,21.66862852190492,6,12.30982787531526,0
140.56841337965537,10.154789826101304,48.34728576370442,13.842572400498746,4,6.489472061590035,0
279.7183974434452,4.160305011783462,98.67440040603957,67.23506970070302,4,11.494306042285977,0
259.9260262661407,16.10952464844525,23.12598811991995,16.134928369300237,7,26.82288419408429,0
240.54882430223427,7.141652047172007,71.8433386706843,33.68251809432359,2,5.888280313641023,0
262.7792449703926,16.1130617858396,18.50932916684127,16.30846132553944,3,3.9413192489632944,0
173.66388338819115,8.308776676123317,3.115064760555575,20.901257809376904,3,21.371407867088486,0
229.01142500962536,6.97948426785302,37.37100383832376,32.812084134129336,5,20.846935867598372,0
107.38233181205355,9.758683975025257,36.31042288620555,11.003771828954594,2,11.14635215891143,0
84.25042101309543,2.552955500647922,39.36575514403623,33.00113182220108,3,2.8452961143163136,0
294.40990166899223,8.669479399011024,98.1230333233801,33.95935189632923,7,2.084854829521988,0
294.11648614632315,5.401895684248017,30.373806052806373,54.44690222433762,1,18.786733795982386,0
265.71627685415115,14.501631628204235,17.40808626351401,18.32319863492873,6,6.134853270964015,0
16.927383909997108,1.7445735902374082,87.86693699101417,9.702877542525199,7,22.70367118983619,1
129.0514169974054,2.4320812560055938,8.16257341398824,53.06213214658671,7,19.237134614558624,0
105.06021689499785,14.82468467680836,60.832282842668306,7.086843274268988,3,17.519920743490687,1
124.53194797857755,19.59904302719955,65.14989465793793,6.353981049266136,4,19.671586490827377,0
50.82786961872514,10.748431359633512,22.322441569457453,4.728863954010328,7,27.17170696806954,1
286.2867927239197,4.773062710604745,40.05740338933397,59.97968392241116,2,23.595475046590714,0
136.74626025276018,13.268678623460117,15.304334074773763,10.30594410591734,1,3.0521038691212174,0
35.59002473448151,10.675886193330967,41.24843241771149,3.3336834141894425,6,17.173354122275843,1
235.59255958118536,5.203097618952832,95.88646211702117,45.27928876887003,7,20.779233365602465,0
91.17973163647206,1.4702569960254674,29.889176364395396,62.01618620619212,0,19.96413736994626,0
21.952773885842735,4.450033178463448,70.96968503417315,4.933170833890908,3,19.71855675205593,1
17.81829077901149,5.214042734568762,95.05530342081691,3.417365696080201,4,23.38931304391362,1
263.9191785777485,18.68887140419939,11.607067054025288,14.121729069121095,2,2.4695508474419983,0
216.9649854632887,16.986548447209795,16.1895741844043,12.77275287193069,6,22.97268595240531,0
12.56664677554471,12.354838515340338,64.51284823258337,1.0171437497901232,6,12.334826156047214,1
129.44819007388824,17.614221857892307,50.316778250763065,7.3490723074937945,7,8.488552855374339,0
83.82065477970119,14.67755898818842,65.82865374308896,5.710803468557327,1,16.12576876021309,1
242.50008700625494,19.199186081933814,33.55504479299696,12.630748302108723,3,13.394210834515286,0
17.999110231391292,8.889405006066946,85.85937582421708,2.024782335725175,4,2.681093195510024,1
193.99178227416203,9.331273017777512,61.16643236089132,20.789423040626698,5,19.713055118076408,0
267.34031979891984,2.9261914188483207,29.141896838510295,91.36118644765168,4,20.044630789195452,0
176.99564004959583,17.074914708285757,51.002342978776305,10.365828648251291,3,5.350215968126429,0
163.48246087383453,19.56337491858082,63.34798706529941,8.35655716634878,2,28.467335435374412,0
104.33177894898891,15.76831736162372,54.99334506903578,6.6165448447218145,5,14.979801644607354,1
292.87497769773955,7.681307970633229,85.41085847145037,38.12826914601572,3,26.660190327750236,0
216.66359507093935,13.631286319682319,36.28856741889922,15.894581772381754,2,11.878491262542184,0
184.93449632678468,3.904192441848311,14.486631323452182,47.36818153339633,6,17.144178787315983,0
177.0261591519798,17.215678185366325,26.201773976593756,10.282845511276786,6,25.070878403051527,1
79.65879396018313,13.312431566633125,57.14804921046236,5.983789930597165,6,16.719908190123167,1
103.7234806760201,15.649748074463982,97.61095738614178,6.627805136701712,5,3.7106232507160444,1
244.93638940397818,3.5367238838074377,51.07840875083859,69.25516309751991,7,1.7533174018002295,0
285.4705854288538,4.155317744746734,84.64639263356051,68.70006169558357,0,16.354328682737815,1
268.93852994515834,15.025975781225045,54.28665187979386,17.898240610849182,7,19.06725018188571,0
264.56304150146605,3.602527537465803,11.990791611499674,73.4381732686415,4,8.250427589005424,0
261.38517759879613,9.861250505934375,60.15051174074099,26.506291209365166,1,12.875164274082177,1
296.5183668770788,5.883840512529098,29.26134448875599,50.39537802659168,2,14.743114877834113,0
19.341351018562225,17.844633228324486,1.58136544487274,1.0838749539476118,7,18.2932793031927,1
206.6381574746293,9.96628583328489,51.1046473150988,20.7337177491448,2,10.43739081717326,0
264.55395103139665,12.616726915894896,12.86671429333296,20.96850893222587,0,21.73835426542917,0
29.81256325278038,14.04103597400197,98.48875524177507,2.123245272498452,7,8.872668354859316,1
220.14450873617216,10.845619619635144,36.8994520125542,20.29801122082668,0,16.328837728258065,0
271.4616088502099,13.85654957723095,13.172219126982753,19.590851772816155,3,28.184143426615353,0
265.2852798613435,15.828206011579315,17.229124505471006,16.7602872787523,4,15.698016750686618,0
146.8740080816928,13.68574132878514,42.561869782346605,10.731900052266337,6,1.206418161408983,0
252.9912348941744,6.965771285869602,43.18121436418748,36.31919919727757,7,17.932053464791686,0
110.15069278312475,8.62791738028343,26.55878720953071,12.766776491722302,3,18.787918396175293,0
93.2916335849751,18.96244809031147,59.75132683935088,4.91980956998062,3,19.26913947200797,1
92.68841701154004,18.238378837301894,66.4832150121345,5.0820535003895095,6,2.461583594696244,1
58.94764465018875,6.03391307328327,54.405470802216904,9.76938910691221,6,11.284607665841936,1
138.75633769014695,3.7050924915438443,17.597523998695586,37.45016838495433,5,17.306203330153892,0
42.56951101988534,18.50104947997214,20.55202824252462,2.3009241214109464,3,28.22778133233778,1
48.504888040188135,11.300590781062338,83.85640459340628,4.292243563183723,1,15.624080378650227,1
99.037831495765,19.97354236974817,44.27930553000563,4.958451017971014,3,27.566470781417898,1
54.33639362672763,14.402399674471893,44.391184009322124,3.77273196514872,7,20.996533168452785,1
97.19547195577051,13.426849219109497,31.694173602618125,7.238889062479303,2,15.05059538747906,1
205.61600362320712,16.116480960734876,66.95722887856941,12.758120344270955,5,16.620322007442223,0
209.40633144239104,19.387248034821233,43.282262906696786,10.801240643658064,6,2.8726448852264,0
141.96279680023795,5.168273324250466,2.83005954578589,27.468128694766015,0,22.51061871139559,0
164.8204432999656,8.377386621581666,28.645241824307455,19.67444630946819,4,14.963569168248084,0
197.57332963769292,9.488621432183448,80.27469395084529,20.822132176921393,5,12.111128414251837,0
32.28476654970828,8.652920354655452,7.01250200294492,3.731083290549231,2,20.20282970776328,1
18.493664171118184,15.552652336130077,66.2677174557309,1.1891003393778627,4,23.07506695833449,1
166.52781590266218,17.461225279206175,98.04323496868159,9.537006323432125,4,13.74190873942676,0
34.22653502909107,7.382248347249498,60.62001036199883,4.636329397106141,4,17.862528591059412,1
186.05551698119092,10.176161323867,44.79099475990541,18.283467710443958,6,7.319067523626387,0
23.856732693606265,5.931424606445406,47.0700455385044,4.022091533909451,6,22.407191589577327,1
167.4005159397144,3.4082208573195616,72.83997503269867,49.11668666665243,1,29.914293230362407,0
80.99600611090682,5.694706763227611,23.96915143310784,14.223033683476338,0,24.847518282813496,0
84.0779030584037,13.959388497088074,25.489564976163336,6.023036258066916,4,27.271327578455633,1
68.6168503636907,11.828357839806591,85.23016481929709,5.801046205481781,0,20.664126078777183,1
29.296484837533498,19.263567662113317,14.549852474041602,1.5208234191817154,7,26.538447326049084,1
181.53068773859462,19.580934822007784,48.486631042953775,9.27078759970975,4,10.869945565520265,0
3.7268316919485067,8.051758440909417,16.44482468938738,0.46285935169306625,2,27.544002243958616,1
100.59185051477586,7.159226227764814,1.930544183846794,14.050659570535975,1,29.73486241576887,0
231.83251997751736,14.990888171010129,57.36743234219641,15.4648955640829,4,12.472909925058346,1
12.027131751058151,3.8854154295314736,5.029054497294549,3.095455806255563,3,18.870874762427317,1
140.54530940789078,12.367817514699308,59.86642691498213,11.36379229729505,5,22.037559925693287,0
258.10123568162857,15.68104720939495,39.66506951346691,16.459438724665848,4,4.384765652271767,0
97.31285125418486,7.65874111849103,40.610772517227666,12.706115763494825,3,2.6467991348459288,1
132.9012859338776,7.112004969842911,73.67272477806556,18.68689441267546,7,19.679912415073588,0
92.21793073363541,18.10314035148099,67.76770646652601,5.094029485668281,1,24.261857764761423,1
137.66773287680957,5.5092286440788545,75.40325565907048,24.9885676871971,7,4.3004744012435285,0
282.62964227754827,7.261600423118242,3.24252551502342,38.92112286676644,3,24.837222648621204,0
177.5136922096845,9.292908772813671,42.96259055845601,19.102059059161256,7,6.342004997129251,0
194.69951746817515,5.684294513122925,3.625248600050368,34.25218679621302,6,4.235089419384909,1
14.019074183070568,1.9270516875113008,21.219571964813866,7.274882284644664,6,22.838349675343164,1
195.23845750146634,0.5927630427366726,48.51923883948239,329.37015877388046,4,11.64033529544344,0
62.872445831597986,4.047948512812347,56.383515920129746,15.531928242811768,1,15.484208897966914,0
208.8747636503091,13.479556965403908,32.739957525853036,15.495669789919557,3,23.964704929758764,0
81.6745215418558,18.21286943039212,12.54073214098883,4.484440074311638,4,27.624308019481372,1
215.05328079904254,17.196069277667018,43.54461714402319,12.505955711537975,5,15.712919234183554,1
221.63577532284145,14.601782479848985,31.88346572265377,15.178679426892383,7,5.726752970888256,0
169.38381645824563,12.946889108706998,65.34796812093661,13.08297422153189,7,22.0201011734776,1
129.3346215976032,12.133908126862421,52.445975566352274,10.658941887921353,4,21.7435782066057,0
162.43594663742059,2.164453733203573,49.93901296439779,75.04708654455818,1,2.2438509332982006,0
238.69976615486257,3.1944314136979335,28.22745495925859,74.72370986940028,2,15.26670252076191,0
22.25526705521742,6.145084167788588,9.800978153448803,3.6216374662328428,3,20.611129971557116,1
102.59884329677192,0.28062450309739084,74.15095345316226,205.19768659354384,4,22.56792361524441,0
57.650540662496155,4.642094071442289,15.838848578234776,12.419080650940849,4,9.202937648930062,1
257.52210780621743,10.142501969304412,68.51450148515298,25.390392684723203,1,29.432339483227505,0
77.51893534410924,8.14937912128999,8.736662409608776,9.512250466000966,4,10.607662657586324,0
19.007008210281906,12.553411611701371,63.123675630727405,1.5140910533487937,3,13.50626731763355,1
221.97652091311195,14.790716621471827,74.78805267276707,15.0078273145242,4,23.3401661071112,0
141.62912609704566,10.710948335242886,26.4922380489523,13.222837200235082,1,18.21530375084637,0
208.83443954038964,13.934582662805209,69.68658404466422,14.986773884360352,7,19.31572475186786,0
117.21154075230868,18.41943046849205,92.4141887860914,6.3634725814573185,0,10.36071175142485,1
30.293381775536897,14.146438756064153,25.365828359304732,2.1414139839647652,6,26.330045301360016,1
154.67599144940814,13.819936474451044,83.31937948616881,11.192236066740112,7,29.183834009767185,0
201.13469891650615,4.254761376387273,51.81299281102123,47.27285060749754,4,25.90704927985092,0
73.46950727622608,7.104031766481063,54.6005829131277,10.341945206787658,5,8.212585068706325,1
131.25884300221526,9.722606054840782,32.09717029155327,13.500376572067617,4,21.285794015659878,0
78.80836701986426,14.42427832924161,13.284225295343555,5.463591676548563,1,8.579858005209475,0
200.58083389993627,9.184156198292474,35.69046589019964,21.839876148581666,4,16.306983665313677,0
64.78808198277925,6.316720634663322,77.28198850449354,10.256600810751609,2,8.233844966963824,1
27.560970708315256,13.720548773910036,34.69365871044607,2.0087367613694234,5,25.133719098414122,1
283.35180205024665,13.600879516985437,13.033978384674915,20.83334402722877,5,27.830170564929524,0
202.73587057806705,9.901147461343578,85.8198991931359,20.475997491159063,0,15.43988067659734,0
229.98361029009223,17.776655963651194,29.983083386517407,12.937394454859849,6,4.406112327619153,0
139.85798850849133,1.5421711221469914,59.481886639132306,90.6890204984404,4,18.720485957278566,1
224.0497014884844,11.356596654775055,63.821727030768,19.728595485010842,0,11.990820428371341,0
162.2557831163124,12.995081878416935,12.799504340732682,12.48593772893399,2,20.765390952685774,0
2.3313591994182925,15.290091950978642,63.16270300824832,0.152475158873657,3,0.6973868611391731,1
104.51257994194569,7.569579199483522,94.416051589517,13.806920726726348,0,12.938035108604025,0
0.2148134416025793,9.327065860433077,13.343124399909945,0.02303119167560001,4,14.56630243547663,1
105.07822679418257,8.25072574495821,90.35989758191968,12.735634420813582,7,1.7638880540907864,1
61.58411180909845,14.475480478815337,4.6868762503896155,4.254374277885002,1,15.822671359855114,1
206.10501615285207,16.12579054223177,5.309103739365318,12.781079824464076,4,18.286172759576473,0
143.83656291208322,9.085876849736891,44.78275590151289,15.830784996414346,6,16.99138670812474,0
236.75570090516112,11.985443147031633,80.67099042696904,19.75360426817402,1,0.7033958536078522,0
43.22855614462321,3.5403555258047703,38.709072948844316,12.210230252171293,5,23.325881094660502,1
274.27810185852826,8.45034139555737,91.91904099637397,32.457635617269325,2,28.020520754576292,0
274.96414249109836,5.1460821263387775,43.77830467041641,53.4317439443439,4,19.701633983406033,0
131.55207421803513,12.893671905562156,12.113893715846746,10.202840213522522,3,0.12191033071691781,0
148.78428590827843,2.0762286947864173,25.062412335370666,71.66083692123519,2,27.054264089619327,0
213.9452779737944,16.204848429063517,52.92071173758997,13.202547306155726,3,8.917949529653779,0
2.0146300450439414,14.3304818844081,76.61083739786407,0.14058355199038394,6,13.135328311874751,1
36.40530172180786,12.000492036722846,7.737980253003595,3.0336507545193623,7,5.721436400366629,1
201.05717602275053,1.1686284792688384,83.67342366989638,172.04541870188166,1,12.98690792535594,0
167.67152585238512,19.898178885683457,94.13912897056026,8.426475951174764,2,11.493056608428647,0
219.15194148661504,1.6873021047677783,82.46029148672865,129.88304872456536,0,10.197935123762111,0
17.47155406384365,1.9046542206083994,64.57418160110767,9.173084476332273,3,24.163019905902168,1
138.3578317239488,10.012785811410406,54.55401804297622,13.81811559039628,6,20.957619396431788,0
30.48955088517451,3.2509822222698803,73.65098844807935,9.378565861208028,6,5.562127387143977,1
225.2476407082175,7.752993335168876,53.64073173017435,29.05299037037172,0,16.591747666055277,0
157.26386657717444,12.964512337990168,67.1468776369949,12.130334136544496,0,5.980311199986015,0
233.07268681885884,3.6468622683368324,6.2756253278704826,63.91047143251524,1,22.347115584007597,0
157.34373511059252,2.1000359378349054,0.21075766246895222,74.92430594916901,3,23.42480114910202,0
36.27179189058422,5.21132840348529,20.346323609661198,6.960181566436298,0,18.91841830137006,1
221.33341901994135,15.983211914304823,29.692546142312825,13.847868639084366,3,18.232070647698766,1
195.61957428318107,14.641360300070613,79.61480862950143,13.360751342362473,0,23.56064847869605,0
76.75681935496962,14.380193246528396,39.22787979264747,5.337676485919264,4,23.279176389901878,0
195.36238161853558,1.186851512381455,55.18787447389685,164.60558004137755,1,8.94574589578564,1
169.831554846603,3.4937149248069943,93.74589506123226,48.61059316566452,5,21.228289715159704,0
52.1842307408938,5.818250663683992,94.16941989368178,8.969058529329821,7,6.658136277544369,1
72.58066108218443,16.962654549741792,0.5153182268045398,4.278850392746415,1,18.21983388292749,1
56.79581471075853,16.686014478666614,67.75531162682442,3.4037975205746736,3,17.104635859470125,1
45.897047078178474,11.220623382053583,52.66457491333018,4.09041864390412,1,27.063342833231605,1
85.67710398542428,15.126576525632204,24.325314016376275,5.6640115389125345,2,0.22596095739420674,1
189.13137736821596,6.07106349803447,60.97961441347739,31.152923607115618,4,7.336367757240372,0
8.593664422452363,4.845580198354639,14.837622440737485,1.7735057662177214,0,13.941065806261397,1
121.41752473672646,16.51802913419194,41.33326813999355,7.350606040849932,5,25.13217519122871,0
169.6031005959564,0.1674234342735037,18.717819097053567,339.2062011919128,3,12.282680856041596,0
140.28785469332178,7.850854887413295,36.5174037696539,17.86911829414082,6,0.4429769001308437,0
52.25064990417445,17.004437604050047,40.39729426979245,3.0727655404333754,7,27.178429708279864,1
154.98297125537093,6.692361659207062,63.315119969432786,23.158188267089848,7,3.256494516068985,0
272.26902643647287,16.244719294654956,13.34038092655726,16.760463600381097,4,13.862506388007608,0
114.93460868400932,0.2922806052989224,65.96730411265838,229.86921736801864,6,1.7205950813142723,0
191.42920580708883,11.004401919409691,69.86357282117933,17.395693760461782,6,4.240281061926762,0
224.03536417896632,18.943569419999296,44.667194541979114,11.826459903720439,6,29.81536032553675,0
159.57351140041777,2.698404042909057,49.26648032297465,59.13625567666546,1,23.27400645531322,0
198.70887304326533,8.123774607412548,11.677055559776939,24.460165704493228,6,23.383265551005785,0
44.54421542050922,15.108979027310918,93.1786115856134,2.948194933621346,7,19.55268485726572,1
156.32897512177655,19.388496139984156,94.45441728038621,8.062975797250477,5,6.710580710648122,0
290.5301866621422,17.625765485980217,29.042791724197826,16.483266323566713,7,8.743079097838308,0
105.9413176855948,3.5876883328928377,48.13080874688167,29.5291306979756,0,12.777401117993362,0
76.25600099139504,8.079913154682945,34.294076072288306,9.437725323470673,3,4.689039413827928,1
248.83414199207112,12.142784242155535,85.90695503249741,20.49234648575944,3,19.771127778280636,0
29.537212785331278,5.21932042072452,66.09925714218897,5.659206640781612,1,6.227676385418022,1
194.1253394838234,15.100596131560122,90.1870188467183,12.855475227107295,7,7.838234914401557,0
244.5798732656237,18.36208655495991,61.04570169193715,13.319830103924575,2,6.22591601767817,0
167.6072161343031,10.251188500162694,36.92436138891553,16.350027719385224,5,0.034751629759245395,1
205.50437937295084,5.716144654680171,73.95762882941463,35.95157082049897,4,9.618337300723802,0
44.346453815717894,19.63682296409535,91.68729745024417,2.2583313959087215,2,3.382573279282426,1
38.483039743268655,8.40972086588568,55.19486683315762,4.576018676122346,5,26.929024991549785,1
111.39863328953126,4.083754268656687,63.91617493691728,27.278485912957443,5,6.986126563664379,0
280.3496505990648,9.255873472176921,7.41448315290445,30.288837832733293,6,21.085025057447016,0
205.36576155410899,16.32471755106104,11.927104386753939,12.58004990970034,3,8.820671449470561,1
62.75552529732982,14.168254363858425,43.703714571859756,4.429305381290435,1,27.61365930856452,1
276.0714598912379,5.938505816826285,19.18917657711956,46.488370712547145,5,8.858902646567874,0
61.69244025558383,5.162130475443522,9.520243019471152,11.95096492602375,6,17.265088576046107,0
23.999728497527585,5.990519023345023,40.88605198447929,4.006285332539762,1,14.16957289806908,1
283.4239027295975,14.225435812348255,26.180801261301866,19.9237412806414,1,3.682542675935739,0
184.48230813744718,16.820043276390976,35.8244988072903,10.968004368715928,2,2.6382802146712425,0
168.51604319373894,2.112548707170132,83.34825422935313,79.76906881331738,4,1.0530400236591142,0
170.17060771547077,8.87084030674093,18.539502032040247,19.183144080066295,4,26.141472650549083,0
205.14923912735023,14.775897479413784,7.579852796398024,13.884045920944578,7,28.34362823265269,0
180.29184368206987,5.529706126468321,49.615708819923974,32.60423602243354,5,7.827146423720403,0
242.96982341435566,18.683704383979318,74.13368849483818,13.004370997364664,5,6.753247682153679,0
49.25134424613301,15.114427307516966,1.3083410394447825,3.2585650282388463,0,3.074945417631173,1
17.632671921576247,6.291359710586839,55.25050839653457,2.802680617975907,2,6.501345257133632,1
201.2224324478872,7.585882263423606,98.46916815836856,26.525910297620797,2,13.089885991630402,0
173.5887634412278,11.708851528757798,35.886091229186476,14.8254304032194,5,27.08333143823216,0
270.4618782529828,15.880048503651583,57.355354337487086,17.0315524030541,3,17.548460016443173,1
14.957041125402547,6.129455818575742,76.48138665862683,2.440190706665051,5,20.80647828972868,1
290.5434212409712,8.592461090599915,37.88641451103785,33.81376047880198,0,11.819207470796231,0
133.32535435340796,9.084075164598161,27.95143193759243,14.676822014088396,1,6.522601530840966,0
279.94621059889135,12.33824263212032,52.25595037622139,22.689309891678047,1,14.35150884409712,0
293.54638015795257,17.755186791662013,79.60744599143976,16.532993068583455,3,16.348930875899093,0
201.1644999496711,13.308713295618054,63.8493828055873,15.115247844125195,4,7.6151225079868485,0
61.99455770917767,10.45966015714866,6.148889743855457,5.927014527982294,1,1.1499885902183604,1
260.4273680514504,8.222267474675803,18.054911840153853,31.67342449677713,6,1.6967488010720877,0
216.1598931997735,4.461770610740068,51.71124907599278,48.4471103645374,7,14.999431575641134,1
137.9406245627402,14.30538155147287,98.09286740907726,9.642568712089888,0,16.0556132712061,0
54.89702262154943,13.33112486006427,29.5269251852477,4.117958776757326,0,23.180887730720624,1
60.477074299580735,9.650198009576428,7.910165797419644,6.266925739717047,7,23.19561368122126,0
90.84493027556526,5.176505335936843,83.5380318292924,17.549471000231115,2,6.8631191224229395,1
152.5769797282727,3.6332698510593686,20.115966972201115,41.99439787930565,7,29.588630807408194,0
12.611211324687432,7.955094248911932,99.35590740645453,1.5853000517765514,5,21.972138276714606,0
286.18193641765885,13.95674956314171,25.066408605180246,20.50491306180881,2,11.690275704959758,0
261.2426905053852,7.0969126140312095,44.94405165982114,36.81075204292157,5,20.977896680256,0
22.822188195916915,19.78860966499919,6.760891565902871,1.1532992252752008,7,4.520395028792116,1
62.40662292604154,8.406741154185841,42.95499307236613,7.423402455417383,0,25.769998321640916,1
110.71491731404228,7.440693969048784,4.515821764647521,14.879649368000555,7,21.002459361941074,0
135.7898828643135,16.31913555278447,4.187617298604596,8.320899255055469,7,27.725075379648356,0
242.31281721577307,11.71976753130641,48.294613492494356,20.675565156774258,4,12.055905978117629,0
59.91678595702796,17.857888067475404,46.94029679000099,3.3551999951301346,6,1.6645334259555866,0
202.67368568445386,5.450095693017689,38.782945897696585,37.187179290100595,6,14.05237894500146,0
194.57140023692662,5.211811713276592,67.05322367318838,37.33277619014412,4,5.465488588571272,0
291.3165679170156,8.759612567173054,64.71667950188467,33.256786836524526,5,4.826852585448905,0
289.88102229330246,1.9186952202548846,26.308351916583426,151.08237057826926,0,23.323325008127355,0
116.4934452791144,10.814053732861396,80.73019869330787,10.772412284684503,5,7.324547324715392,1
204.09502557153132,15.616750833481113,33.19754142330061,13.068981361600985,1,1.916491977832715,0
263.97298575082476,7.46955299995689,95.96199166511508,35.33986381144203,3,6.001193533957489,0
9.980983355461092,8.54314808912844,93.59229434020828,1.1683027440625038,5,7.288712835092853,1
150.73486739900173,18.41117227233579,95.90047940982093,8.187141218894167,3,20.623778392719622,0
99.2372822300966,3.8226948784507764,59.17264835233894,25.960032224783394,1,17.893250628559542,0
297.88616049938946,4.8711146199785045,32.05738009871799,61.15359291231459,0,18.381776261463223,0
288.15332961211953,19.95038761937217,39.742272207899276,14.443495289901922,4,3.996965671633167,0
161.87449669426738,16.16634995942202,47.0306119383175,10.013051622696327,7,0.3821748189643359,0
140.73065255773088,2.658387322653919,82.93621231625453,52.938355279710244,6,6.934611785091529,0
39.552792767224155,5.923086643960904,44.32500523652904,6.6777332740103725,3,16.7478490469905,1
220.63854542977674,16.047171456641653,77.30963679734063,13.749372967437086,1,11.23605924692639,0
29.925789278332125,17.21557986876033,70.93390369157429,1.7382969093382645,5,27.725628473485365,1
153.52217115176373,8.961798479990293,59.20530436456709,17.130732351831462,5,22.807260409031006,0
213.64256652418132,5.5729573899006235,47.09460682644102,38.33558227295023,5,15.266186958983232,0
201.36685087723558,1.5486060703159232,27.46601884215275,130.0310354822229,4,21.290365456822077,0
15.555970033248878,12.08124560645754,94.3330420140492,1.2876130938794974,7,5.526420138828046,1
49.00760265177213,6.150708416228796,71.4647660277177,7.967798070619697,3,26.796926704994988,1
38.8273104297928,4.560318425989964,97.00863002605426,8.514166512695676,5,1.7008051249372824,1
66.67089273794056,2.2230630339440505,37.762625119518404,29.990554347735387,1,27.011656634373526,0
183.41955819085828,6.742656247988905,12.39790935703371,27.202863596311293,0,16.669923573246635,0
235.03850186284686,12.24393375819182,48.91036283372453,19.196322563048337,4,19.52315565149822,0
233.77275128158192,7.9354147040943035,85.47154161355328,29.459424617212015,1,14.17605124810114,0
273.95017140439893,19.289854572767872,34.087936364799646,14.201774843401022,6,21.302761485598058,0
47.31389467505574,4.145638158026637,21.52134021816877,11.412933997495237,6,16.536182114231842,1
250.16009912042952,3.978228050846504,71.52607370208368,62.88229229774784,2,14.70366458158446,0
86.8211330778635,1.8924536601896702,69.98768453270866,45.87754770659055,4,11.422880331433426,0
162.21136621376448,7.566064367817303,5.045372871479814,21.43933203948674,2,2.631208442230033,0
34.23163051185429,7.5758500549995,24.985391950105207,4.51852006881577,3,7.189744178805933,1
287.2126754063804,3.399765022648993,10.505155829403002,84.48015480275548,5,14.707803647861747,0
259.1136295144943,11.789019197701373,34.77024860854269,21.979235521561993,6,6.189563488333102,0
143.9511864939201,1.2169955451365122,6.910365617042613,118.28407019992244,5,12.039689582561122,0
183.38915139052935,18.23990879506614,64.42614332431427,10.054280065267418,3,26.52265229290774,0
35.644446762630885,7.258210682239035,29.638528662632247,4.9109137669223974,0,25.837875133206477,1
15.635525849046417,8.876968294052956,93.36318697837993,1.7613587579806154,4,19.839405759154104,1
70.48340526279667,6.1220286058752205,67.34802719434165,11.513080026309382,4,9.573789058572515,1
202.14495503903004,9.2005485777152,35.19482136927352,21.970967636500358,1,9.311402331666695,0
59.30062761724321,5.551882714726821,89.3185384358486,10.681174416733167,5,27.90645554831492,1
253.79984063417675,12.043152246715994,21.289326647249485,21.07420345062768,2,11.586849188191238,0
100.14678105740289,0.8213653211377125,27.509903960070925,121.92720885596287,5,13.046719113147928,0
68.84076101617742,9.186596662029382,57.380715066811305,7.493608737685674,1,24.507316668449647,0
108.06448490564908,14.280459471530156,74.50796553674735,7.5672974753430635,7,17.679713911538492,1
26.68800209090323,15.706519878066178,60.08295200067838,1.6991671164643198,2,12.926249263406778,1
79.78820137685967,16.13126461603247,17.9036113631337,4.946183902876413,6,18.622953175974892,1
107.01048147495581,13.144826470509452,41.04971746558645,8.140882020392958,1,21.5515798801698,0
202.67273654959627,15.285981183385545,38.217627763211325,13.2587325679743,1,19.358745483767464,0
48.53483501865543,10.698666792811707,92.02483084339732,4.536531135941662,4,17.72414382382849,0
246.6175654233196,1.539467310490874,84.18718810383643,160.19668864854506,7,16.92347802363659,0
169.85890114291612,5.773320000417348,82.19910081870152,29.42135567240984,1,10.27985392365472,0
47.068889055116294,17.12678348144269,55.28665709551325,2.7482620485111315,1,16.702401660624275,1
112.35910113252027,16.856664402389278,62.67311333197926,6.665559594138588,7,13.710880149447046,1
267.50673703771105,19.36251740196768,69.45668424653226,13.815700277202911,6,12.497262209813774,0
125.43959363506127,4.046726424531468,92.35567437983043,30.997794383786328,4,6.413951692306914,0
147.62324557839491,8.628063296714894,61.16823689901655,17.109661867525006,7,19.867933608436736,0
229.2547384728536,7.185073436840767,62.30083966850325,31.90708355148775,0,24.99212543908201,0
15.194566073810345,13.750560376426971,60.03324937040492,1.1050143163517088,0,24.416340274122447,0
256.9078080551361,10.64929907363675,83.59285766686183,24.124386617250085,4,22.38867309378925,0
275.4684863007937,14.541867018736248,59.066924283571566,18.94313061354986,5,5.771721432078733,0
72.66882362294139,8.941624271684143,37.678979393217205,8.127027194943219,6,5.908666505622046,1
73.72753564703744,9.825239822219615,27.314045997567295,7.503891709625638,5,1.7029907697139834,1
248.5865347497786,5.401775479712225,34.693545529737676,46.019412632644595,2,28.026470704263122,0
289.3568908235739,10.313708136923182,2.610179630791898,28.055563235076747,3,10.760613954877664,0
35.989136307183834,0.06774386079937855,72.89861494748862,71.97827261436767,4,9.538192137674093,1
133.6560046890529,4.099857398829812,80.66250084212865,32.60015939266601,5,10.59735662135792,0
244.47198126553698,15.65387117508584,35.95947353638852,15.617349761676213,5,11.31230803150785,0
226.10671909066886,9.634256894500465,92.88085625891331,23.469035709410825,5,17.66501026270862,0
108.71594954058239,10.458233354732283,5.310208183079523,10.395249929223382,6,0.4927046777965738,1
148.5134336464137,9.737644792473521,27.449567932508202,15.251473719929031,4,7.25829792988762,0
189.80374098675662,13.676545126367081,52.38210540042599,13.878047360135787,6,2.487755626869388,0
80.75979981450516,3.9348374578268452,87.56284839890385,20.52430390837736,5,23.963219559942576,1
126.1377150512296,0.7400319946518441,78.92033687245943,170.4490021550655,7,8.48765339347342,1
84.30801161903833,0.9181937833756293,82.9230569554231,91.81941017841575,3,3.5968347010296684,0
154.77543706301898,4.798364617580207,44.09415342627927,32.25587244786569,1,22.2032476982856,0
56.85692072919236,18.010598812871073,14.731696545292095,3.1568589873069737,3,19.16234785907902,1
29.09551471392301,10.205645628889918,43.498121499572875,2.850923476272786,6,6.501080199500301,1
170.95503317794976,18.064028804931095,77.94715090239356,9.463837498492179,6,13.319412373102793,0
175.98823752093423,16.971152609048417,35.27409795229291,10.369845912946628,2,22.582084828372665,0
182.93716251653527,8.530645304551248,63.644095711696025,21.444703886461568,5,8.382373977911241,0
120.3293362641709,8.489447105469205,94.6558360551087,14.173989750952149,3,0.6629432336020646,0
212.5687487053686,7.1996167678091965,7.061810395488344,29.5250088387763,6,18.641428581298538,0
227.89574063445772,2.7821250085262506,84.94957715462733,81.91427054357231,4,14.441907811355613,1
39.38362129315903,1.3099216451573348,99.82829402466997,30.065631359522012,3,23.356349573320895,1
108.72948355041945,9.853741258068279,18.988184685569255,11.034335152791977,4,17.175985778963412,0
251.12396048566822,1.4430429163576353,20.287317082168844,174.02390298933503,3,0.6999169804560301,0
76.16097378034364,0.0887865311327185,3.736622477961171,152.32194756068728,7,4.531126885274455,0
150.4148504505597,10.378665948169875,84.80505346342684,14.492695997897798,4,11.566528025358506,0
58.94973746539362,17.137489016769173,51.229367797091285,3.439811830526095,6,16.06448058886595,0
113.36753699374339,7.715175262631715,84.42487594763553,14.694097429365812,1,12.683807587468058,0
174.66185421789112,10.281097985718242,92.82432771943505,16.98863822332194,4,5.844523262665423,0
181.47885811176795,18.654444192724757,36.30957200024688,9.728451635270098,3,6.686878856346001,0
128.84748770179206,17.410577066277728,65.09310404576354,7.400529414464655,3,6.319318077404116,0
198.2052213284473,8.577359386135399,64.60573322267922,23.10795343947344,5,26.169914588249576,0
0.10257155465387413,9.274684240562953,8.461406864479148,0.011059304230032553,1,20.426669370234148,1
150.1581329918526,1.127291159981323,63.31673272610618,133.2026173205691,7,12.691682357950627,0
111.94126281067726,1.5608066961376488,84.8188453012352,71.72013234418176,7,25.097075073124078,0
247.51853536009037,0.23553852866396552,56.66763406130257,495.03707072018074,0,3.4537659986800087,0
34.41744480755877,17.1132738835426,32.476125769038624,2.0111549106134015,0,16.473319750084503,1
80.12318235100298,16.489808779976403,56.737801811433684,4.858951575490473,7,24.01939249426815,1
163.3657488039719,9.337016772093973,89.93672272600031,17.496567992919495,0,19.750531969958733,0
21.753902965877458,15.539167065976265,29.36550023560518,1.3999400916094562,4,13.683431147226365,1
26.4201617794817,2.7180979422049223,18.333212875091085,9.720091895603163,1,5.2023493780416805,0
252.60283279668562,8.006999341854685,13.593001209793298,31.54775241160123,7,21.99950272212086,0
33.483129939298585,14.772703017475415,23.851134393303,2.2665540557939607,5,8.799746553156307,1
193.8468500210522,5.458087058262102,63.149710703532115,35.51552915001957,2,26.843295254183403,0
118.13189854831344,18.643084564971435,37.17480596637238,6.336499635380721,3,0.6903354941448558,1
113.78160612831753,13.951492690646427,58.90379016840625,8.155514872225876,0,16.30424634644084,1
21.06394657572437,15.088122650859042,98.60557184234541,1.3960614625919079,7,6.848872080302754,1
195.241291308807,1.7243080996272608,23.313799563132097,113.22877353009697,0,28.893724541220635,0
259.0413964371357,17.243407256878623,49.21176985966563,15.022634017635967,0,29.478033330383138,0
97.1655443082955,0.3999641200500248,9.77805173040629,194.331088616591,7,15.816065492172784,0
4.025946852875794,0.9939595333382045,99.77638603513077,4.050413239012545,3,16.77197739080567,1
148.44687767444762,6.6099835184317834,83.21988179108436,22.457980002598646,1,10.861491409171924,0
262.38558070363615,9.82163523752709,66.2915894345581,26.71506061445834,2,25.396263240485126,0
0.8782792202967737,15.832362063581193,77.86832101031042,0.055473669485935934,5,24.19882987369866,1
241.69187847094224,19.61164358509943,71.11528359596775,12.323897149271842,7,1.1399704113518527,1
84.40371479630933,17.740837315656147,74.78826894338538,4.7575947681919,4,13.110358345629342,1
43.186768354707105,16.32260865246286,59.293752505194256,2.6458251419383756,5,4.712738832586495,1
97.52958485384427,15.384287982897032,85.6153137487049,6.339557928340234,5,6.356090110074401,1
173.51099618073636,9.729018244771934,32.22100312930475,17.83437874360814,4,27.860093891181357,0
210.53188469948515,7.438531394693233,99.3613924369213,28.302883126860493,0,3.8790047401267005,0
265.1400566073983,13.240637253036134,5.729690014775979,20.024720226105476,4,25.545741513111572,0
72.94612044927075,15.70410774405154,63.07115813072832,4.645034384516468,4,27.543418006018634,1
291.70900324761345,2.6839607031102597,98.42922479505097,108.68601872954835,4,11.457371678880676,0
7.132275977769331,0.1973256193187134,4.096816800862202,14.264551955538662,2,25.316614664293624,1
90.6750966347934,12.897492360283405,31.9858353564222,7.030443911253532,1,23.27542633069226,0
44.73872750772272,10.462185532033338,18.504103346695512,4.276231516898716,0,4.320851090072026,1
116.13855980142218,18.258976429970016,65.30818292743818,6.360628168115385,5,28.244447028472077,1
135.02697413441726,15.962667015064627,1.4668091437408548,8.45892318664461,4,7.620535457839118,0
208.4657570761949,18.182172511620646,35.28849390631406,11.465393200012794,1,6.646777328068001,0
276.14724483591885,15.990410984996155,83.98205582787874,17.269552677228155,2,25.544315068821806,0
251.13503750579702,9.181632816482582,41.288287999228224,27.35189290677876,4,9.604454494990847,0
215.39586787120936,12.365924721775636,7.608291829988289,17.41850065542696,6,17.693995620874688,0
238.82579091930643,7.354912048001514,23.69745002355411,32.47160392410137,5,5.9791731748410415,0
283.7991714410084,15.452207122779187,28.74694787426152,18.366254683619925,1,6.783281674718142,0
83.02324707375365,17.269584930949513,59.524866189651185,4.807483642815548,2,19.830085041949108,0
237.823536739312,5.901900867798872,50.91121894163727,40.296091389283,2,25.84104358787635,0
172.49947818312646,2.6980965186571337,35.896920274070574,63.933768488378966,3,1.084611726810657,0
107.50033321922453,16.35300331343534,21.45518950210896,6.573736405404146,2,23.696163879889358,1
252.418004755461,14.09629633833874,85.15214996593336,17.906689721678244,4,28.75401892587935,1
158.3030527301771,6.056370779014708,75.60131534393972,26.138269684329153,5,22.989483324170788,0
226.41510549880348,7.65578146690612,80.8010243175708,29.574395047394567,1,18.320277116996785,0
175.50477847077428,11.285737253622589,81.70983731069072,15.551024671821002,0,17.476623707059375,1
30.677426053801405,11.22467691122833,75.29741335517134,2.73303421527563,1,4.033754808837722,1
285.2903937034096,17.014839463158488,7.872805374112202,16.767151657301078,3,11.211120284199026,0
172.57405621155485,2.452380802034655,70.18088935981875,70.37000781786261,2,13.441056349295195,0
226.2338237603376,16.65053237830279,51.12493861433198,13.587182596944562,6,2.306090751096833,0
254.49585413452846,1.1338283903402946,76.42834556746087,224.45711917492815,7,7.064090266810444,0
213.23984087675936,19.084203555358275,70.24286569630995,11.173630602828483,5,4.735895484537473,0
220.43838103660252,10.397054998280602,63.03088847865057,21.202002016249526,2,19.626064199885448,0
120.27356640548628,11.812393712539446,6.415063703785339,10.18198083575642,3,17.497975736346955,0
132.51059472252692,14.92954314619542,53.57941395564227,8.875730049133844,2,5.276851866728106,0
8.489641412051864,13.445661105920772,41.44667305968673,0.6314037922845955,0,4.471310653001157,1
252.01031311288392,10.770080107531417,55.60709283103667,23.39911222541933,4,14.290223828965331,1
2.3835242948288426,14.322268658450605,80.11500520628675,0.16642086192277128,3,3.5033658140736703,1
68.44932060651982,6.86469678850151,91.05768758111657,9.97120815607962,7,28.90459134491247,1
262.4515668895776,6.9434422345736895,39.713667922530824,37.79848064159656,4,3.6516395065040963,0
58.07666423004284,1.4507702895902574,65.87881086491637,40.03160572473916,6,4.760388959652875,1
55.89890896617832,11.609904256235346,40.26849475209926,4.814760546897415,6,25.89157816805218,1
169.36403753021162,13.932518537562997,51.55321372115823,12.156024560354606,4,17.716568007598674,0
225.31153014743222,15.695682650783745,34.787490865971215,14.355000362866127,1,25.105862524342463,1
33.40919729541761,18.139786140375854,49.82863975847381,1.8417635707983808,7,22.60820619402291,1
209.6903252644537,6.598216821659745,30.652980639338512,31.7798476364266,7,15.142264231805463,0
281.71224495303096,3.638512902928932,3.0994299833746686,77.42510538474609,6,22.507506000634574,1
158.80950261960902,6.302851551417852,61.405886866435544,25.19645295848419,1,8.998563406014902,0
297.6175300748089,11.809547275108436,83.28875780738976,25.201434326116125,0,16.081944295552905,0
274.2372174314393,1.9907606256335697,9.561356352585648,137.7549936945141,5,27.330418673124225,0
167.84806411910282,19.654814664792838,41.80897012924356,8.539793784968358,2,12.628245203881548,0
47.634655935972944,10.4912127988536,67.44497130950347,4.5404336800010485,5,10.897011116630042,1
104.75344919449257,7.387076127405865,1.3796803283423142,14.180637560490265,1,19.945714320850627,0
123.33031858750594,2.439490959637849,57.87190877569181,50.55575963512272,3,29.595113234058257,1
224.71090239400834,18.287665040148063,60.509854405703415,12.287566613927275,1,9.13178449427014,1
1.477306569315151,15.38088040375876,93.34645860215028,0.09604824499864967,0,1.2736198444251068,1
290.8272487026758,11.136968328611793,39.87545112420643,26.113681939412228,2,2.164187892583067,0
153.83260602573426,0.8794221249187828,83.60099932321059,174.92464843313005,4,9.299134876511427,1
211.8498550964687,9.410724313027472,90.42160402844867,22.511535568330302,4,9.243096678217618,0
127.59879149697481,10.760912730349688,21.12823424250674,11.857617907921492,6,1.926681517347364,0
107.12549013303395,13.13324157268691,75.50195221208284,8.156820198588436,7,23.058207215481907,0
76.8313563071368,14.42621059375487,16.04680093214491,5.32581690859256,6,19.26656489246787,0
101.13120248047728,13.06228707607178,62.93316652012485,7.742227826682436,0,23.802015809195424,1
242.98094912154465,19.76998488291525,85.16826461276469,12.290396303313464,2,7.450802839610551,0
192.0260979675783,2.0710824154625795,61.87032524868188,92.71774823344678,3,18.718296333792374,0
221.99879730542165,11.153832058138043,45.81804809988041,19.90336560101308,3,20.347111685804194,0
65.26775738659856,10.684973619085996,21.53624273905598,6.108368603738456,2,13.936939986336924,1
227.76744263741597,9.284587773357465,41.14880678790721,24.531777629482345,7,21.9135300562201,0
182.5686840170875,18.05039188524203,12.526078110345495,10.114388938356255,0,3.987704440391923,0
143.98549159887773,2.7647104602131556,78.83992432740612,52.07977242860239,1,2.9037538861659105,0
180.26342561638208,11.266531288761731,67.7976364813848,15.999904584314544,3,0.20893756470854008,0
145.5565230092012,1.0086078097361972,0.8344413691331654,144.31429303256306,7,0.8414985623581517,0
275.292141151227,14.828797768285034,48.23938700537717,18.56469725010383,3,11.331829394271173,0
101.07757938021055,2.064507705867762,30.791293420491318,48.95965226621677,7,11.95837691362043,0
95.57017869698561,3.063700730279335,95.30465801357391,31.19435842817191,3,14.013727184317418,0
228.08944242105883,14.377098596466256,74.73404225231081,15.864775558896207,4,12.592075899896724,0
104.86592110769689,17.05071108468192,23.155585600419194,6.150237405752931,1,10.523514954974486,0
133.5243058754971,3.291732744331972,38.82161105186553,40.56353180719557,0,27.85674821976522,0
103.02851062604321,19.11658399548375,30.902487736482932,5.389483322458838,6,16.99984524219132,0
168.94948110625697,19.103340794551645,94.89981520531187,8.84397566494977,0,5.6534877116723345,0
94.54841982876542,8.361385913753814,52.55369062838648,11.307745008305476,3,3.191441661156472,1
137.30908002109604,15.872466337157157,29.34426417369711,8.650771537606476,1,1.8192291172617125,0
39.89757953170171,8.726081927962765,37.302955087485046,4.572221514887427,7,19.334320749570175,1
187.10446961341222,3.5286829727611435,7.470316896385132,53.02388201425918,4,11.375261457334409,0
38.32383579418273,1.4006055399239825,83.01604101607984,27.362333434910404,5,23.472646264948388,1
221.13820371686398,10.781088807650889,32.98798224756754,20.511676293764637,3,21.827054524499673,1
162.29301711142978,5.658293261945326,27.19356848016743,28.682326913475194,7,17.708333802595945,0
266.0004275283869,13.112187054432527,9.529368554878682,20.286503420378406,1,7.166901193241674,0
75.90947099430132,6.184504362238005,29.975278998840682,12.274139777117357,6,10.920687617721253,1
189.9224619243355,10.639895613349848,56.89890445823361,17.850030566657093,7,26.942505228007494,0
138.02501608514106,17.781980173052713,40.616529909639674,7.762072319387008,6,1.079090295977413,0
57.12870205260481,1.5819029799387185,49.965140696228936,36.11391013045435,2,5.35526321846603,0
283.62316825420163,7.870871449963941,60.81027839906389,36.03453188852436,1,29.541239267764816,1
81.7913264355784,10.16227583279121,65.56366790074038,8.048524541290007,5,14.213497137777491,1
232.09057353184963,9.578846073075354,73.80999166766064,24.229491920140582,4,24.737985591793255,1
188.54825572983472,3.682647738508411,78.00351768227931,51.19910160242552,6,13.381865124805865,0
233.572930352701,13.60929019203768,36.57733093437796,17.162756253765266,3,19.931617579494404,0
57.77487886943236,2.0205224739631356,83.97543640933414,28.59402932356914,5,16.363611449478817,1
167.64934000035393,19.71323789978767,51.614508955479145,8.504404038169683,6,17.552403667091177,0
30.163979281189402,14.013472756669277,47.19698878285372,2.152498513748763,1,26.24462143931585,1
90.55833528131775,16.077112129628965,77.18696615455288,5.632748876237868,7,18.912040986083426,1
159.1005503801501,12.038586022715092,12.986557206987326,13.215883499935133,6,24.00048420120469,0
219.76188662869,18.349895585525648,9.867410364328244,11.976192758395728,1,16.924215588762326,0
1.0692831020135074,10.138110775277497,80.30099390854137,0.10547163329690876,6,29.103406535872725,0
150.14085442421617,15.12479829175703,10.765434178762955,9.926800445731729,2,28.735974415857523,0
18.099128537535748,10.916613866728218,75.26531187679944,1.6579434574212137,7,29.37404245710625,1
206.84935255857403,0.9245944514361382,88.06881641282352,223.71900700602586,5,26.101722011889134,0
68.80002083925311,18.022805222975894,40.11790001817974,3.8173869155255162,0,24.06670384024143,0
299.96288354558004,11.95420168658673,8.562993389113915,25.09267380708114,2,8.778841688379597,0
89.89299201984804,14.864576496835895,54.656082958309995,6.0474640524728605,2,6.6862151872557405,1
12.79029517130249,17.911594268253516,8.764348442139147,0.7140791031634739,2,3.831230218429221,1
290.1295462582589,13.249023138067322,55.63384911225447,21.89818398193099,7,26.14573103011911,0
232.99409673706347,1.661573897738362,33.31115071161796,140.22493796646754,4,14.097940657702964,0
78.57576874657171,10.60344495634132,92.40191332923638,7.410400022832201,2,14.293651038456655,1
63.07231572019815,13.184486049062915,55.79830128555875,4.783828166338043,6,10.19607028085083,1
118.73930910630979,11.09971190104626,12.104081311949756,10.697512707074623,1,26.507833407855532,0
204.1926365008516,1.3642332363716014,57.43016634695899,149.67575269162543,0,7.261779122130255,0
147.81197800741748,16.56538069007314,72.41950686317175,8.922944831324902,6,11.406543387803973,0
117.30905659049469,17.124377980878684,3.599920863962769,6.850412711135178,5,12.866783666036408,0
275.2230419030912,10.030552679402952,43.67767697289273,27.438472305543318,7,10.851416018817899,0
213.15655686294542,18.057347121953235,6.753283300241842,11.804422622180207,1,27.51520656559471,0
165.70303489425498,16.03613421548864,55.86618607818951,10.333103519064418,2,17.570089250153558,1
243.64866488168124,11.977710934961234,17.717494131137247,20.341838787451906,6,9.49817868163825,1
113.12716408934072,17.78029080532821,74.33964067661904,6.362503590517202,2,5.469335628760447,1
258.9363973522563,3.117116038447816,0.016246926164076303,83.06921980395539,5,25.3068561334683,1
256.5762624985693,9.249458955211873,35.56328598511435,27.739596850039973,5,20.861482070426483,0
192.2285164754146,19.973430045777892,56.375800570137166,9.62421156680843,4,23.33130795872467,0
215.0662218161488,3.430711066338199,14.602177633982693,62.68852656417427,5,1.0486234781801351,0
211.54202465278365,4.156612679849023,81.62622263746088,50.89288825930909,2,26.7973023467035,0
243.09074359370632,3.9488754245102076,55.85657358981542,61.55948655277159,3,8.549542345576546,0
72.66346904384068,13.339009416257465,83.7862068057995,5.447441168703209,1,17.068042015149455,1
201.92606306874512,12.612155983982714,40.10521948955421,16.01043178701475,3,19.136763565766266,0
107.65795779243078,16.091684319726493,75.67790050254052,6.6902852214453965,0,15.73025578024067,1
4.866745114836435,1.7558534027882877,0.7244210716332966,2.771726333820389,3,4.157537632335736,1
212.5070572660225,17.076560308853463,52.685729060416286,12.444371314980028,0,22.155744445177536,0
244.34264520880413,12.460681706582692,62.6681423750272,19.609091297125705,4,14.562087138433666,0
58.02617091171426,4.451992407940355,80.748020291005,13.03375333889196,0,16.277275266449582,1
191.77326182925268,15.380276227106041,24.625095065464166,12.468778778580937,2,4.468549497027368,0
235.94392482626344,11.519942068122608,26.734486085514362,20.481346471277433,5,15.454476698601153,0
67.1381973891273,17.76329810185227,67.08157620929278,3.779602020084685,0,13.748622832685983,1
118.70218531764387,1.3685648119722815,70.27160051889982,86.73479273997879,7,20.76902547406805,0
234.47756807118105,19.58937610879233,88.27884187496669,11.969629189259383,2,19.17758594393116,0
299.13318469863464,7.561385441633945,76.04403609796465,39.56063171327961,3,19.753057234047276,0
293.9177219665089,2.75303705598839,62.40313826292401,106.76126619043534,7,23.606655231172276,0
13.902594564142435,11.780259496286629,24.511046802166014,1.1801602985507076,5,16.134916223467485,0
114.88584095292454,1.7757582907847547,27.408257964578432,64.69677858136505,5,16.87971143422742,0
3.4739920967677085,19.097612775404645,85.65395535879591,0.18190713874153838,0,18.279853419854646,1
142.6173263853562,7.0206571009152885,29.309318854641585,20.313956989405316,1,29.37453079082601,0
154.4179842132962,16.57874496772447,87.24327594428831,9.314214345773301,7,1.8934848111927294,0
98.4915972280458,7.888191610693385,70.82326983841917,12.485953953568863,1,12.154755263661732,0
89.12568955485453,12.225055521919309,61.21328876373768,7.290411842715458,4,26.847081496881707,0
76.68161627731637,0.38034188823058646,61.36590187408796,153.36323255463273,0,9.17454187186957,0
51.36830501862968,14.640711459802425,52.501296915827524,3.508593496953111,4,2.8123260068065337,1
190.36439949611707,5.590669952254204,51.69383720697073,34.05037341175195,1,13.648445423346608,0
7.212541892691238,15.727328679102921,92.50655863710683,0.45859929806608696,3,27.073248505656252,1
152.24474996897146,15.927495270932198,22.757471650482085,9.558612159616793,6,25.589603677311914,0
277.33752160431015,10.533386323492635,48.99661604853639,26.329379089207396,4,13.195504110018998,0
172.68203400389444,7.400691602149552,21.60965827416034,23.33322928275223,6,9.22604981911342,0
190.43736988818054,7.588750934821529,95.32532264958147,25.094692331295917,2,19.34279443524529,0
271.25995042748735,3.3731638973933142,88.98039842970152,80.417067974998,1,25.736364574129837,1
266.01898671757687,7.9449020125576535,66.3073351895827,33.48297893380047,4,24.790908811897186,0
165.95443699936092,18.437057655151225,23.403594105023807,9.001134568399749,7,19.320881074621873,0
48.815532089122485,5.824581077381403,58.20620818845927,8.380951598165206,4,10.447052605409377,1
226.30011929606124,11.346794879437853,63.51165215040688,19.94396846867762,6,7.583244296803304,1
100.30502965145331,17.96588337759914,98.49446171967877,5.5830836448887995,4,7.377440415692829,1
245.97391329821704,8.024947060294686,10.833712237115932,30.651157129151777,4,23.461917980921044,0
174.43768042795057,1.0712151393092206,88.44737964265053,162.8409401872697,3,8.636552885796787,0
131.3639034087648,7.014965712921573,91.10290784935827,18.726235990974608,4,27.361759676601498,0
114.05659568141726,19.172458433585685,36.886681115518435,5.948981247058888,3,12.063734705277756,1
33.25352024474424,0.6611864450540383,98.87693057820644,50.29371139335206,1,3.1540433121602574,1
58.90668078891758,6.299353917907309,65.20800541687063,9.35122578546703,1,11.820830112747448,1
224.4025738759036,13.853241281715894,84.75591449267286,16.198560994680705,5,1.649753553354687,0
168.31827451070916,14.445593055231022,98.37999471704285,11.651877071932185,6,12.867162494464516,1
60.51379002590684,11.646873699238828,57.027433089700544,5.19571101984747,5,24.988466924753798,1
103.8641893893309,3.008818466462899,46.55548604474258,34.519925527920385,4,3.6148792886063807,1
202.70496326479812,8.70560379218001,40.29071207757144,23.28442324091088,6,6.397531029465911,0
228.71158575667377,14.317291221363849,94.77753940573044,15.974501197223463,3,10.824496245122388,0
5.332048699970482,3.343034499578892,57.21755926284582,1.5949726814491858,5,0.5840477044627257,1
98.90941493791495,19.754681641731583,31.209652546559717,5.006884784666421,7,19.0337671239529,1
210.21225570187892,7.936552535871506,25.872514002713686,26.486595376489333,3,0.41141506087633006,0
167.19485688990372,19.31476363350807,3.604174861005771,8.656324253424826,7,2.9239296049581287,0
26.61003950977682,7.013291243222525,96.59915459324039,3.794229925285381,2,23.318051204937195,0
180.48276951744248,2.9118925212706914,73.76977352484879,61.981260708991904,1,26.149688593732318,0
29.88070333898213,10.127838763799996,7.933332622790267,2.9503533809982176,2,18.750389230324366,0
99.0016256345466,11.495620717249643,88.35331702862548,8.612116567658731,2,1.1385640998534496,1
251.05365622364621,4.284764074338547,66.87144330723538,58.59217727463844,5,3.3052850112613443,0
4.693824192992757,17.352770969924695,23.602905961209274,0.27049421680998115,5,24.21777959695324,1
174.64378711655274,9.057997258389772,56.88934670870811,19.280618235426463,2,22.451228030620264,1
209.41012719296137,15.232927156242301,79.26595647931343,13.747202034452531,3,11.610640227371322,0
42.82426343961626,15.21028191049255,43.49795741251985,2.8154812443071604,0,24.18793528230783,1
60.459761262546266,13.498581233911173,85.94861470864265,4.47897154633252,3,15.868059831626761,1
292.32740152599985,7.9620485580692435,25.892993723015824,36.71509905949227,0,5.071954726419473,0
110.48857667733556,12.503063709498258,61.84542797146611,8.836920233670424,6,3.850364281624291,1
272.1569594742172,4.863219599154521,42.209603228667525,55.96230108990599,3,13.74843937670665,0
105.62358898761742,19.703257071659927,25.27709305120982,5.360717195307802,4,14.919370362657302,0
13.861672559186056,11.461309691948502,55.11825638472051,1.2094318129213273,7,24.807709945298186,1
0.10162240485335206,18.132457900199327,74.80639329699852,0.005604447307291691,5,23.527286394191815,1
207.97971777403868,0.49483654015119116,45.037090711309304,415.95943554807735,2,5.964760767820053,0
186.0546648333471,17.884816412842927,76.43884989511407,10.40293959627916,4,9.566663161180811,0
247.77276049466997,16.78087588711892,3.6085095317173077,14.765186403938635,3,14.600524305740015,0
221.2873158797948,12.626726882368661,61.05726424414256,17.525311028053476,5,19.03856021898321,0
288.65348286517167,14.323146833527984,56.43422503131067,20.152937494816733,3,5.049948990102717,0
216.36825591570522,1.577155569894313,32.91838501100265,137.18891150998144,6,12.432468371184207,0
43.34395703543581,1.3958091331989464,55.43522675550967,31.052925507156672,1,17.923144687948344,1
119.11320002755865,13.77839234180458,27.639518486118998,8.64492729432309,1,14.337543689213247,0
6.473109233115593,16.245570447246223,32.96082280011427,0.39845379724494967,1,21.342142207135335,1
273.909205210417,15.26320914987894,37.3130830404236,17.945715250360013,1,26.35024436956365,1
261.7446615339133,10.46129510687329,9.848423247415184,25.020292311794318,7,4.907344492061183,0
119.93426162503185,8.80694652579879,16.00701372810619,13.618143504527959,0,21.82252143067756,0
197.0540798839028,0.6282478997716012,88.7046727530962,313.6565676630858,5,23.59252073090912,1
42.884477812801826,0.5911855064028071,80.36216055769715,72.53979901121303,2,9.565329497447143,1
110.2105695462322,19.343118930163897,16.704417969379325,5.697662819741468,0,19.514710854884605,0
4.099838812402212,18.30264068127264,45.42482725085242,0.2240025843154529,3,25.299633385792216,1
35.71650292644206,19.958311347293364,28.86490888358194,1.7895553539045144,3,0.6256522978575763,1
126.08539637500058,9.55974052381741,64.01511703262427,13.18920697281143,5,24.56206569834087,0
57.65900388729089,6.228309956345209,0.7950346873494052,9.257568151140212,3,8.402985436457692,0
296.23782550990376,5.479675041066969,30.928013529789144,54.061203135181195,1,20.383431127964396,0
166.2226562101767,11.042238544511937,0.4623412722308595,15.053347701204157,4,7.776911801201591,0
246.10761054066887,6.7316919648955835,13.212690409631255,36.559547261531044,1,23.26128120030908,0
296.7100774049193,18.422435724622233,24.509617784507164,16.105909220698532,6,12.650574315723265,0
290.17951822475317,9.121458283947305,22.0866015857915,31.81284277048496,2,24.296024159857176,1
263.9667301579584,6.8304505886694145,11.772733132505897,38.6455808048499,7,8.491974037543269,0
50.877730490714754,8.038071310014153,80.7452133102661,6.3295943178967855,7,0.6628144492748356,1
60.26649091628862,0.09219860563695725,31.506825728605204,120.53298183257724,0,20.698681380231093,0
209.06552700617013,8.932298420915455,45.29160057626017,23.405568998526963,4,8.359323465492443,0
287.11457347258875,1.4913742873884828,94.22022222067807,192.51677858503894,0,20.522752331645187,0
89.04649388167928,17.915244647569935,27.016259655819518,4.970431363534729,2,4.441399633726755,1
94.58231537736691,1.7597997117858255,28.174604833433627,53.74606822806319,1,19.008403155259824,0
16.685938247309075,19.539979460593763,70.78634969719032,0.8539383718882393,0,0.05532804027980398,1
267.61381278290395,5.5804576252688065,99.43965820576562,47.955531741899605,5,29.192613215609377,0
175.88034160132807,4.6470108759714535,20.062457054081296,37.84805895565296,7,22.752719533973135,0
272.14852978915314,2.6044991227056946,64.48255335989765,104.49169570325311,7,29.239802858977225,0
115.1244930427898,14.207232449495596,43.443813558980715,8.103231466933385,7,19.250095540255487,0
196.78639610954366,1.2450593721990444,68.81799257526217,158.05382498504974,1,2.9080394919233674,1
95.46061481932962,7.254788241299415,20.821780430339686,13.158290999577341,1,28.720138730174448,1
223.10095544371532,15.970613580894764,0.8980442501837604,13.969466753024774,5,0.32922267784960657,0
192.2366978137863,5.741597453623295,45.68342661726648,33.48139596454526,4,28.67663554565034,0
230.18815479831335,0.648927962837047,54.322791428565544,354.7206592731097,0,10.768057844891846,0
207.1780514824325,11.275818238294047,59.95716919311149,18.373660084270487,5,29.385621904102546,0
83.60689946239692,0.7366144705360567,27.726565765347576,113.50157077630263,6,10.209209139747955,0
134.7616124172841,4.19051378554443,14.868552712092198,32.1587326313439,1,12.890255644692845,0
176.99479684694774,6.118598749464594,47.46693815897213,28.92734171568868,5,11.899492436381564,0
13.689694792592544,19.018539474316384,52.00628431556029,0.7198078911937382,4,8.997048204180816,1
83.01863919914821,13.73791730583546,43.68667209613049,6.043029474626722,7,1.5808269234173833,1
80.93048219000553,19.294643125076057,10.030654842857324,4.194453437950618,5,0.3574501717532119,1
228.67318634493958,17.772109615804307,71.63417980773241,12.866969160576527,6,5.548486064995059,0
39.26237441284665,2.340979824876772,44.943532696103205,16.771769664829723,7,27.214085555834906,1
279.5001224696566,15.63276309632487,5.9905778797502585,17.87912480650108,3,27.921966967807258,0
42.29775384078918,10.464056391418797,31.399171296612018,4.04219475302867,1,9.65398518740498,1
128.0894178866362,18.449219476148897,43.51824271686676,6.942809588895067,0,6.237846587413025,0
282.7640075217313,3.81799212749659,59.8560215263827,74.06091947788697,3,9.748568614670011,0
116.50061363138333,3.309787261886954,28.126195069953773,35.19882228471832,6,22.78534462762592,1
192.55761073321358,1.5579880426378656,6.141096280546254,123.59376674495513,5,29.718100738650534,0
43.70832423932982,11.249343408128112,17.458140944574886,3.885411143884963,5,21.90599324336605,1
288.3229337686385,14.796551482708686,49.80372567905405,19.48581965909921,1,29.158316199487576,0
262.8636694084211,9.040080024378671,36.16166975201177,29.077582134178936,4,15.825434998472366,0
239.67510525266047,18.90522591718108,98.47484060658995,12.677717066308295,1,26.401393402289855,0
249.87637088983251,4.176902236584827,0.5244381006151544,59.823370703102604,5,2.2581963891002967,0
36.110389267072065,9.714963034624285,85.00527724259439,3.7169867902095,3,22.466464832849468,1
174.1805050712985,4.3047735907266755,33.546704380434164,40.46217562905454,2,22.293460691607603,0
16.631843163243033,6.943957646926582,51.69138306390786,2.39515331298202,4,5.668420614213071,1
246.92692529957299,14.363669885260668,33.26640277514513,17.191074932246803,5,20.468759408344763,0
51.81775218298803,9.338260641189189,56.03108749060346,5.548972573589385,6,16.95883739139809,1
48.903436319279834,7.402629160836042,51.72261845723427,6.606225336533912,6,4.481283974202572,1
271.14792635825415,6.460387219166295,98.21146311299614,41.97084743679582,2,18.182540304463377,1
76.34524081312446,3.5730371036288844,15.64752264766084,21.36704394577541,2,8.380491274160836,0
205.62492494063824,0.9724689329145098,62.56295103113293,211.44626628264209,1,22.56077490678649,0
135.8650912380431,9.74342147260505,12.949619147657266,13.944289654311499,4,21.57607372335513,0
150.2950969763414,16.315065658407732,5.298773789744093,9.212043648680568,6,11.724181762583072,0
24.93262357286371,5.822683776823629,39.52232696025534,4.2819813901116355,5,25.80492746418077,1
114.95610518622719,12.648332195437495,70.28627830023102,9.088637411633934,7,20.910993678938816,1
190.47391149890746,10.678760660954591,10.997724959038601,17.836705732655748,0,29.716291183703564,0
172.11856454264768,15.382473240500138,66.65713564631538,11.189264681409028,5,3.2331173121225163,0
89.28348169774218,0.6275432222418398,43.98658766326421,142.27463309823543,4,19.598387650803836,0
196.42388518981306,18.56993146086411,20.372075795058954,10.577523433717234,4,5.222356244861894,0
197.61759964274398,12.647618545540437,8.977972442537652,15.624886134190389,3,26.22403961202761,0
10.35928254539037,9.28284244867325,17.924406683198026,1.1159601816651503,0,14.433403718314821,1
258.67568719058403,12.87685659222004,75.1981384692696,20.088418733099125,7,3.0838611939102947,0
33.638834178460854,19.368395749119685,45.191790345981275,1.7367899032107383,6,28.956924372356212,1
106.44744796340602,2.6918727284884936,23.86142618910535,39.544012180389025,4,21.036104449727013,0
106.75850163801258,16.84629711001355,77.61111433229905,6.337208761120248,4,26.378683475891172,1
216.18943635514955,3.1085440477113324,72.85043690032593,69.54684670282191,2,15.209606653131067,0
36.481167518861504,8.136635646776371,28.029434282059228,4.483569020730929,3,28.390989858911755,1
174.87348423623513,8.107037098264296,21.38643249416654,21.570579006438155,4,20.577219704983108,1
131.2121268268578,19.41961143984338,15.80296792691611,6.756681369929409,7,28.488810615734433,0
247.7595131183179,4.775613075813343,15.223729309335054,51.88014799044865,0,29.671901274734154,0
112.38500775167498,18.238884917743427,64.40765967307071,6.161835455321224,1,17.80455188517905,1
142.46299616738182,14.908201360273258,33.866629221799585,9.55601502318121,0,2.55221761261903,0
217.27870734805828,13.805365312122621,28.337697129871376,15.73871479932978,1,28.493012323758176,0
100.61618418646276,11.211572474221732,91.0114138247615,8.974315103238645,0,7.524520082615258,1
51.37081757012544,0.9500816110994825,17.368074629210405,54.06989985910424,4,0.10646460905298194,1
107.24624119848251,3.0390685163639763,17.36439713631073,35.289181741382656,6,2.178768899918885,0
259.87511085435744,3.4634931957744874,99.84055684507392,75.03266100577558,3,9.407165974580442,0
224.5212754653471,15.899817408771177,80.85741293060335,14.120997096576048,6,13.3565049799148,0
7.760031267524015,19.60984312447708,9.021619011816773,0.39572123133600773,7,16.060110916217514,1
209.88448659222593,18.733972695567825,31.030006145562695,11.203415847930717,6,22.627242166534167,0
93.02717830035691,15.025548148465447,93.188180039723,6.191266859695747,1,7.523706553067987,1
143.4212060553738,8.605037799366093,65.67705300491015,16.667120981843823,3,4.58457992746678,0
138.50943201675037,18.068484068420965,75.5404691899687,7.665802592638583,0,13.17329582045948,0
156.19040027358895,12.809482842739657,18.156364957249483,12.193341619729543,5,22.664949940413877,0
104.00057137758735,12.272620475334845,38.17667376370427,8.474194373288464,6,21.113933930753532,0
221.59476311203983,14.5535748936006,88.35848639407877,15.226139607078807,5,2.059345489818277,0
230.3383315297651,1.2016324114224197,49.14989130652629,191.68784841372957,5,24.052717296569245,0
82.50726147698602,7.6488013601427856,62.19046315570957,10.786953091359376,5,3.3229166701845623,1
24.81307692535554,17.044361536683486,4.16194379834659,1.455793863087916,2,6.790104179958162,1
53.71529691622262,7.6190750699412035,58.98887825808519,7.050107319212586,1,28.683570056139843,1
135.60440207837863,13.741401880017996,6.868916101625244,9.868309162514723,5,4.664639870070375,1
261.0241549354772,8.925495634427545,78.91185612906742,29.244779856106952,1,25.11514848433372,0
58.613111611670035,13.15045413632796,14.464945646159876,4.457116918095784,2,13.580950320312429,1
33.06383343838921,11.741276602106277,89.2681261904506,2.8160339423787923,6,24.231442854289632,1
65.83644688949263,3.5237540019319957,61.49710804081575,18.683610392040983,5,15.626667568358922,0
135.8783129092442,4.132378576461,15.400830972928025,32.88138063710789,4,21.749578936028445,0
252.05671167384438,9.132094688312613,48.49091199537911,27.601193403790504,7,12.673679067620597,0
30.115279264463002,11.606726110891367,96.3974005940046,2.5946402953545893,3,22.746728444375897,1
242.54185017777988,4.516101549001159,12.23235453795002,53.70602222871265,1,22.041734489200724,0
109.36789138291691,9.902406997738622,27.201869667711833,11.04457647599143,1,7.049965703413515,0
50.85155094650119,19.84744770577582,82.6057667890579,2.5621204146920533,0,7.450164753983035,1
98.57827931724708,14.582193343242212,19.90914685018791,6.760181887379169,6,29.01780217201994,0
298.5620553267625,16.807513029775563,1.5730454345883493,17.763606953499966,2,10.289429652234382,0
137.3593669320979,14.14024210369856,60.54946295607677,9.714074619427473,5,20.184632604727618,0
284.27785489440595,5.448947221839811,43.34442771505641,52.171152209916414,0,16.37895448879336,0
199.13619181410755,19.093074986814834,9.593811407175634,10.429760106825416,1,13.210930431429276,0
285.5269208418105,7.329348844238588,48.08694990498732,38.95665589259759,3,5.5224571565008596,0
24.42540633164181,2.1761834847413097,81.308867417788,11.223964570499136,2,15.222098931444606,0
79.01852706187336,9.798011214724609,28.24416693478613,8.064751645019863,5,26.5216392492153,1
15.494929890922048,10.534057887090116,86.04868446316493,1.4709364669347098,6,26.36613766795647,1
102.17914189236042,19.418525145396618,22.78141188569569,5.261941425895732,1,27.929789328568926,0
258.4822083789928,19.58777477562726,70.63149797255518,13.196098655403059,7,17.49245959187698,0
232.98930649287004,10.801067239208919,85.55229345258326,21.570952326553094,6,2.04573676762171,0
16.535037722872737,9.735028476908987,95.679365382045,1.698509435498113,0,17.888344075386374,1
129.71852323927828,2.8355347758315763,61.870689351566,45.747463351506866,4,13.705588092276386,0
237.9298627160636,10.125262289834376,6.407967923981706,23.498636964194194,5,15.849978188949803,0
295.88326112344765,18.32471990024238,11.951452290756691,16.146673058808066,1,3.273933835712887,0
3.8718309806932028,14.88339376147901,51.16159440433138,0.26014436241781236,7,7.653207403205933,1
250.25642638508083,14.154753006780236,45.768267223838436,17.680027780435736,2,19.126259554673066,0
80.03293414806943,10.738677785054344,49.38860276966488,7.452773586284153,7,29.707269448615488,1
270.58850033985243,11.878880464445265,86.88332335765526,22.778956413422307,5,26.98040829386718,0
151.67774725653194,11.38542846668356,16.352157190834717,13.322093911562193,3,8.815130072964187,0
157.03474252309937,11.614950852316333,1.1705315612416167,13.52005226021102,4,24.812722871628576,0
163.13727093854874,15.479218451870778,65.44655838257239,10.539115488665539,0,13.546651257999686,0
215.49447392884252,1.8411125523659932,76.33355937027571,117.04579041184255,5,11.858373135905767,0
217.20177786278774,13.318951708366226,81.32359087771727,16.307723206650987,7,27.256879330401684,0
177.18590203800173,19.29160381007155,58.503986946702966,9.184612320594022,5,20.264962881390954,0
237.95570771658365,8.849530055332496,5.577692765124653,26.889078428881966,2,22.216520454222177,1
144.92077053815856,13.601497530671768,71.57314314551745,10.654765786734737,3,8.546186788616625,0
0.9521718523011979,13.065618584009576,44.33046227916178,0.07287614024387015,4,27.647793235955504,1
277.87756329535523,14.846896347346647,98.1503288889035,18.716205514899816,7,23.1992296278199,0
97.63030099749727,14.509532210691127,60.18913825754796,6.728700800261492,5,11.713141056433216,1
129.78392735481552,2.918800019488159,29.212028669010724,44.4648233823071,0,13.1274384193251,0
1.2690774466691979,10.864321323557697,21.249030633621068,0.1168114794172544,1,23.641824317236807,1
234.33828550827656,6.455670672352003,70.35727344970601,36.299603465196554,2,16.471623021083442,0
82.86327852495825,18.766673586386325,24.953673811604602,4.415448382129304,0,16.092449330899115,1
175.64133868455193,15.48197159747046,59.19678635190879,11.34489477511051,4,0.6471156901006214,0
128.3359890845241,13.684409835490092,67.61216121962441,9.378262608862292,5,6.378997598656623,0
74.61531970854831,19.039553683161962,82.17739109970566,3.9189636979009634,2,24.700386869344893,1
260.5482730961337,9.062476860124509,11.968325840309813,28.750227682518357,7,0.9415076919326537,0
267.8469429791637,5.276440008391001,76.63311291724548,50.76281404757998,4,10.609612019185814,0
120.10227423287351,15.126792299426548,18.13017988251735,7.939705382047624,3,7.814974352313947,0
267.53989167479165,11.49679365111938,53.366460699415406,23.27082661423107,3,12.41632632312547,0
195.94642550716057,12.75573634203532,88.28876569547836,15.361435847606673,2,6.141524806245284,0
134.76575416301873,9.686005409672898,87.64400564780433,13.913450226698753,7,4.691578394782425,0
11.985018679783266,19.9556523847168,71.32048872397972,0.6005826544143499,7,23.363149731374833,1
291.60634184821026,8.3605357389529,39.781415344748225,34.87890620329218,5,28.289747982225073,0
268.41963713474536,17.005142014849085,18.889669582539337,15.784616023809637,7,9.634744638943557,1
245.5433781201688,13.64118248044881,77.71466734284238,18.000153467054137,0,1.0151309539139908,0
194.24136800162503,9.734193317866747,23.85139471483635,19.954541856601747,2,9.070478888507093,0
223.00624566639345,10.60083477299612,71.62044905211728,21.036668379594513,5,9.61557589925551,0
237.18749011903918,1.7509326825140903,65.61328259407337,135.46351181158585,7,1.202167762643448,0
208.46744938045725,0.3961784377941213,66.21459197167404,416.9348987609145,4,21.889469361010995,0
0.2343888393290361,12.529761035044523,78.05037853968234,0.018706568997882186,3,21.157057210531363,1
106.37870258383677,1.8645992659097232,67.52180063251504,57.051777574274354,0,18.48386143092432,0
11.575117679390424,9.761788834125198,47.786522465450375,1.1857578437802507,3,15.055566719433891,1
166.26702202012152,17.700092027553602,61.7568414002854,9.39356822333437,7,8.27620306754574,0
230.60483938378968,14.44878499345824,56.686681434920686,15.960154399708847,2,16.27632073801293,0
128.31875775210915,4.656113063398051,7.952713400359668,27.559201420779413,5,17.704009936272836,0
212.95090825492946,16.11162349536331,81.05690156595129,13.21722223190069,6,11.835509623716852,0
279.89872137361596,8.516662986198813,3.689098791275436,32.864834716037215,7,28.044211916735485,0
24.25059585924774,4.292957546442279,96.91356755488374,5.648925151692925,4,23.72732429907496,1
249.65498122961867,4.351482947715053,1.0554271646892377,57.37239102837609,1,4.7809294077682765,0
198.02776709816197,15.059411621611732,26.84608398878727,13.1497678710085,2,9.490562552557464,0
67.21330065313754,6.73928704736054,32.753651013897134,9.973354774888511,0,11.181746657813658,1
173.29335090980211,7.7518565157447705,89.4813291714608,22.35507720735369,4,6.915192584868843,0
76.65597447360996,5.257116864505436,69.08133106639056,14.581371586233775,2,29.741098741080382,0
0.04895399102445852,10.53661082086759,86.15764746309083,0.004646085146042019,0,5.171330605887267,1
264.45167687125127,12.204316354131866,92.073461803487,21.668700580816974,2,3.5068967864359744,0
187.34979418025372,13.293528493972735,55.015978193523594,14.093308203702112,3,23.930371169665854,0
12.592095880059118,19.16733721076173,27.783512212529338,0.6569559319376473,0,16.162258812068476,1
92.8492707222512,19.174618983474677,17.818962413620866,4.842300689378589,2,25.28207856462852,1
41.92005372165504,4.886021463538663,56.51042630127593,8.57958853322244,1,10.55458207887541,1
185.73478759693367,9.336049576704772,0.9083808034246577,19.89436603468532,1,25.392203116970215,0
19.477459084354532,19.409095436894496,8.825376495805514,1.003522247993592,0,13.256859275592959,1
292.1986878317473,5.487491659412187,78.22101001044936,53.2481333854177,6,3.0515629716942194,0
59.669191089354825,12.729642731093678,33.850480967416374,4.687420719483797,6,26.686310411253356,1
1.0624833025641656,11.360799302129589,75.97934456027828,0.09352187943017376,3,10.869890925179334,1
78.65004944184965,5.190518833794837,44.7976000857623,15.152637329773036,6,4.125297721811703,1
224.96807487157668,10.199815374127839,84.59260496241804,22.056092842838652,0,22.427846453724047,0
277.91673852643174,10.70869374032479,90.76001557277597,25.952440630541616,1,3.1596752180372976,0
81.5668830900409,18.428020112532966,20.086117866720265,4.42624235224092,3,22.098086998367926,1
27.72265260101412,4.737710937015597,26.500498661006244,5.851486713640092,7,4.5906060812849905,1
8.041739766858225,12.035672996882239,59.560850357505416,0.668158711934213,2,25.30582682235408,1
271.8549911887574,8.091485374123542,99.87604189506892,33.59766206315418,0,7.089035979108701,0
289.89736967299626,8.530110823714104,2.492908495217805,33.98518209951835,7,6.848873303782098,0
88.16835578189239,14.047548388630084,67.95073649314001,6.276422998710209,0,19.512507107980184,1
107.41196316692485,7.665899068965412,1.6834214421520666,14.01165893271031,1,1.8915187682727241,0
191.24173335717055,0.710806856030608,97.9732596032726,269.0488024062271,7,4.47083302508,0
245.62157029528328,16.502637000610278,99.45348243729732,14.883777076730224,7,16.341280655878336,0
26.651875470128928,12.735058486374243,29.1271312879397,2.0927956866978548,0,5.640321182792864,1
67.00914583372644,15.435623403824398,49.93432509277618,4.341201134586113,0,1.6828905855480192,1
137.81113613671593,2.1360666371041703,13.573470601989568,64.5163094366495,3,7.153280357847523,0
68.16748612431181,1.974576296191013,99.18687540203422,34.52258910218253,7,14.145801966051545,0
59.06448719538805,17.13070488929796,95.39871529064469,3.447872552651778,0,0.16729210664490402,1
147.48431715517856,16.62255660369667,20.502181659690276,8.872541130188104,1,6.639104135981453,0
151.98236126560428,7.623798345855635,0.3441883465459483,19.935254629107977,5,8.357741850252124,0
12.567034363284979,17.542678247406613,39.05666257859305,0.7163691989359037,3,23.718880334628725,1
130.43948942400044,8.583469741393156,53.361231598953886,15.19659221200088,5,23.327154153356492,0
164.66461515749432,6.329140747671036,88.64417521577805,26.016898931831584,0,10.042906754261821,0
221.73351602309876,2.6316753502616264,38.912691619771145,84.25564954319128,1,11.849700630173402,0
273.6812723035211,16.799939873765894,32.680083286442354,16.29061022598603,2,14.790376986943684,0
159.32713295189492,2.3471455308674205,63.119463044661494,67.88123312192464,1,15.893963809913048,0
217.22963582619718,7.474115648252795,41.161970877193596,29.06425937856319,2,27.349177544602043,0
221.24253434871503,5.634899508845694,17.57793017961138,39.26290681872984,2,11.362398151507824,0
250.59403727617513,18.72668509420721,35.929290851413356,13.381654895969403,7,1.8841601450251366,0
130.32439656474537,7.045058940052121,47.65282636603698,18.498694996550476,1,8.771035971615996,0
94.75606010810742,16.172594258133767,93.95158396281758,5.8590513430120374,1,15.209980644563014,1
206.57348878890056,2.9199712948990464,53.809042472481,70.74504093576802,6,13.396971169242988,0
111.17266885429288,1.1296518088267837,31.121557244294674,98.4132172281943,7,13.776677533307883,0
103.79879776658593,5.120365803880724,50.92616815621589,20.271754351596687,6,24.52049049997167,1
285.564047019696,19.098277930414007,40.42026869697334,14.952345340253702,0,29.553814291928855,1
227.4616667135562,16.216616196315947,95.29841786918693,14.026456811947638,3,20.11169020079877,0
92.90364726575291,3.595164583104875,38.94022705518879,25.84127794937248,6,1.907093116527775,0
170.02357802777414,10.6824209221865,55.25400458573557,15.91620282202598,6,1.7476479829960379,0
67.25026507943855,14.679144399364342,73.83097343782315,4.581347744106306,5,20.369348203217235,1
91.29744323857976,19.442831016949814,28.779407721047278,4.695686711415058,6,7.581701546511158,1
36.68034541883776,6.367401617290456,17.641093760175263,5.760645805540767,3,9.463246201287934,1
231.9227020389182,7.733851692060078,63.21000485675795,29.987994504345167,0,26.959047139329805,0
21.76978464713479,0.3651922975078259,57.840412486880375,43.53956929426958,5,4.4668367597981256,1
210.53847640849204,1.103113768316455,53.90371847594678,190.85835247058034,1,8.753651540497472,0
56.16672027364354,13.023988501225181,48.24408206030707,4.312559111086429,3,10.392207269747404,1
6.267460520770108,7.154354262930198,98.32141167656494,0.876034410714679,0,23.351307982768382,1
24.469860114036624,14.971575654468765,35.0412943868278,1.634421164397134,4,20.762500543999085,0
190.11311485310307,5.904356230113173,76.61704513344043,32.1987880547409,4,3.491864525758813,0
37.5396616838542,1.0390008985855381,37.643814298782516,36.13053822663625,6,17.91402556733822,1
234.29375102304246,11.332545936848481,73.65423678977436,20.674414410377256,1,19.924522637176118,0
199.44209848668584,17.72127364385699,66.59877306622663,11.254388510377845,4,18.79540210207985,1
16.867999395033152,6.896813477368912,59.56223540194514,2.445767085101478,2,26.041380603855217,1
9.506372825399712,18.317435254605254,24.865598355968043,0.5189794691923194,1,22.37548539879809,1
113.73969778227432,11.600625556768716,95.3083171672282,9.804617623909914,1,10.418019525318886,1
117.90415961512657,12.485890960653778,46.462136701113124,9.442991292064988,5,3.17621452143825,0
281.13399246727136,13.166694739234346,79.49820598002901,21.351903270723167,7,1.7981510901942843,0
77.36865921463423,5.6397691221756485,15.072124968539635,13.718408952313247,0,16.377332713740415,0
223.9652558897952,13.696891950725252,97.08762235696938,16.35153848738189,0,0.7741362204056734,0
47.14259971577736,0.18160825199376784,70.49680762628738,94.28519943155472,5,25.5526746643768,1
234.8012007838284,14.36844124951023,76.47082285415819,16.34145254216994,1,0.41510701669135286,0
119.68414879990463,15.120991606855467,50.36443100869008,7.915099215162776,7,0.1822733583195335,1
150.844055196421,4.569032161353038,31.94164352145169,33.01444373106606,3,29.78277940191867,0
216.54860815746153,12.376913662123016,39.53789812890221,17.49617182999052,7,9.844304044099022,0
23.888854477078848,18.21613981524547,95.59212279297032,1.3114114581556826,4,1.0457430725246197,1
284.42136524325696,9.533925053238676,1.3331789257394089,29.83255727887634,0,26.129262863421715,0
172.44034124269922,5.109060931968092,85.8087845389846,33.75186625074609,4,10.33777962722781,0
196.2140564922072,12.739217520439476,63.9076645523759,15.402363306646656,3,8.828704405692696,0
176.98147761062995,19.062381860564244,85.61570175611124,9.284331774759197,7,0.5771781529966546,0
32.025057041232806,1.3689563740200517,32.93902487241086,23.39377473891927,7,26.053860424580126,1
140.95341558687542,19.85193870254858,34.57914076378535,7.100234274286768,3,23.830746942552913,0
191.77824668088047,18.39772550867735,90.63606863121355,10.424019349045489,5,17.00787759805002,0
60.33229524437128,14.699482701754604,41.780244879008386,4.104382206400346,2,0.5683157285993323,1
188.57723391578457,0.5911312134900393,72.85533624331434,319.0107874737732,1,4.239465728475038,0
263.4543354250426,13.470011743951355,67.8609320665513,19.55858245953984,4,3.127781264564641,0
74.90757335702048,5.882945512941255,69.72861752911574,12.73300478344384,0,26.823998019401408,0
277.4648511184496,10.850641309986944,17.588013095582077,25.571285898380086,0,10.269040369607186,0
58.79218619366399,8.869467860311278,96.60332977893282,6.628603555433668,1,28.92056721363685,1
96.96594452796829,13.97190196589561,80.57486241020139,6.940067627489447,0,11.737609141658261,0
41.019408439928014,10.985057517330251,21.936750684832894,3.734109573410513,4,18.550428226806442,1
250.11048422557164,13.875371252884896,22.16157749302765,18.02549853745859,2,10.98032898916965,0
265.83140818757073,12.388886468853686,37.83650588376665,21.457247901648376,0,10.636164426796556,0
73.23003693603452,0.08456936506154422,2.4743555719709764,146.46007387206905,2,3.985825035975182,0
5.885372912840092,4.109853680981046,53.549666798910835,1.432015193162599,3,4.579681360427288,1
13.306346097025646,16.18958387932803,33.31597597755213,0.8219078511348337,1,23.50248405853776,1
276.0349582180131,6.3087529216431,15.869999541804846,43.75428260489245,0,27.97345018461409,0
138.272794030115,8.93951037056648,86.00483876435544,15.467602620092148,7,12.840522621637794,0
161.33379791010069,1.3555084686936048,3.0647479984255765,119.02087049709766,6,24.18227903498653,0
190.7131946158795,3.444396099217777,67.03248451164774,55.3691239689856,7,7.49478777125028,0
82.05556753891838,6.5733819038152985,93.72297433456338,12.483006272812474,7,18.636139587042887,1
212.78474240085535,8.079260154396312,8.871796051758462,26.337156909728794,6,6.6658543104683865,0
164.83380537850252,11.596655772899618,9.265450313453927,14.21390861352502,2,21.029113806675348,0
188.41445357541517,4.803838763468469,56.69177942072962,39.221643950301136,7,24.32751134043491,0
72.39103673321397,11.425486976380379,8.723926697139184,6.335925714402032,5,16.361281170735598,0
223.72653049325663,2.4006801615630935,90.09729168756292,93.19297675521561,7,29.076369740439922,1
269.82517460360395,17.592989071973328,79.10295321897077,15.337085329828994,1,23.095962385799464,0
274.20280992929514,7.303329115131206,82.55634379183323,37.54490665923783,2,15.579821125823038,0
256.872144856442,3.151172878928472,86.95082271290595,81.51636064594115,0,9.53691017769199,0
197.2126213751221,15.367278590122346,91.5511479148518,12.833282107730176,1,19.948994925579058,0
41.3504147978591,16.730301689586103,10.849771588245027,2.4715881138950393,6,11.001392366780241,1
89.18597782996274,3.621296485594876,58.686086601422424,24.628189982437192,2,12.135893683772448,0
62.26573847487299,0.2350645941415186,38.385372739268696,124.53147694974598,0,8.748539430194203,0
38.18299518702396,15.03020934928617,11.805460283373625,2.5404167233929704,3,1.526587860251789,1
255.259577864487,4.818082150143845,73.45731385430942,52.97949887734192,0,2.6983347903462516,0
80.9463559899123,12.451799478814543,13.91013209423495,6.500775741500994,2,15.517384831475166,0
21.83053052904246,3.3301593293551868,30.77141206449261,6.555401219577523,2,12.623648426174913,1
159.5226613660448,4.809025503689339,84.14830078061544,33.171514944901794,1,25.200911691037476,0
261.109402645122,10.29892186186176,20.73908838450469,25.353081239701783,0,17.00836384453546,0
85.91373468193608,13.998939842814488,84.91851802407315,6.137160074020513,5,17.356426695866535,1
183.33546164978605,8.195759240548966,29.272668025631464,22.36955189492681,0,0.3717044458946728,0
213.25489241708905,12.590549507021828,91.3410513504232,16.937695395912264,5,22.282498210939238,0
144.68196162414154,18.974261665846946,33.8372475181614,7.625169515004864,7,27.20395796256194,0
138.41858253802192,0.8363830435992559,46.51844070592246,165.4966388873179,1,22.45881213915988,0
186.13873293043235,17.804363366133916,65.98965817415502,10.454669403371707,3,12.725919222097025,1
244.69439786014541,2.2876601098725957,58.07141948875968,106.9627418881614,0,18.213312018317747,0
165.52430311808052,14.43772026844383,66.44424935831653,11.464711882516724,1,3.7404384261485166,0
291.2455437112724,19.439484201910005,48.95798011412459,14.982164170932908,1,22.710096757178217,0
144.32291492490114,11.721030265109684,75.83432692624037,12.31315948005963,5,8.833857105128757,0
15.899183997078282,9.168919631599328,99.80791387654845,1.7340302495709627,4,11.85890942322397,1
110.25361152847003,13.775382259425369,90.59999199720089,8.003669840307516,4,15.619781786942932,1
224.29683485702193,0.3872094334177656,16.94735417431761,448.59366971404387,5,20.513786292518247,0
37.910483493554445,15.590729122515857,59.13293858521299,2.4316042691553656,5,6.628119382518038,1
91.20463987556221,19.01160127904268,44.635913052696644,4.797314993982178,7,6.917719874792255,1
57.49093654918484,17.160650809401524,94.3386782508797,3.3501606196478413,4,15.70269644570375,1
151.22462019673782,4.625069050455433,82.70031232148423,32.69672702115586,3,11.218685280295876,0
86.56395249893397,15.338989784402413,70.60517747899209,5.643393320918519,3,15.177371414316713,1
174.15665751637513,4.1352432718443755,66.65092565373897,42.11521452731821,6,1.2029826069072547,0
39.42821836757753,16.94220038977447,52.55596184090107,2.327219455589404,3,16.3631110858198,1
16.203433099298593,5.230183071834746,75.57336350816595,3.0980623195689465,7,16.073606361423096,0
152.6942514436514,5.691324292649362,42.865406562395535,26.829300808049872,2,7.004626994313656,0
171.85533532825482,18.76202990524343,72.97367383339228,9.159741040612367,6,8.810693686634353,0
221.32738099981668,18.726670091229693,31.640268021058095,11.818832708729753,4,12.482318308245912,1
59.710865860328155,17.341574721280697,60.24679235699259,3.443220516015424,6,0.44307930817262364,1
56.312148999770464,14.98566314809384,41.44779262439726,3.7577348725427147,3,10.108491226665796,1
115.72172203960093,6.8124422902968025,40.62652817759529,16.986818692677573,1,6.295562353623268,0
286.36568830116,3.5190463819020468,87.81904582353798,81.37593462078188,2,6.477637206642987,1
196.6516069304055,10.811018420958888,62.64847069555797,18.189924322870908,1,4.3359866227349535,1
46.51109135227919,6.0955340720366475,15.013978866114053,7.630355404893806,4,18.071061378080852,1
209.2675706291793,6.240452856537752,45.38722014269758,33.53403598104937,6,2.466543050062863,0
150.91050634501843,9.744064542207482,6.5419956494336295,15.487428853876434,0,23.4736364634822,0
70.80219356993476,9.954937888983451,49.926481608550176,7.1122687413537165,7,20.40779126892077,1
120.71602119696621,12.006753983890752,37.316259989633515,10.054009714776262,4,8.903948514686945,0
122.36166974704315,0.7463220327564701,68.22882287987251,163.952910910471,7,14.136269003373862,0
144.05169118421227,16.10488585669583,84.78844289637955,8.944595600739435,3,25.54919789624787,0
46.72276856170661,13.715034420236304,16.994845948302782,3.406682559452271,4,0.7289315853813128,1
7.0445266409439045,10.145120351639111,69.60283138042391,0.6943758572371934,5,15.40351223869415,1
195.09186256450766,4.3229704216724745,28.082019306053397,45.12912269453612,7,9.365742129814302,0
263.80025693541666,8.384995293509787,78.64052746384942,31.46099045989986,0,25.34271201682833,0
194.59085178471247,11.151236755283534,14.274176263031734,17.45015876310885,2,22.419250743931947,0
247.59992236680137,15.426601761256792,3.454655830993314,16.050192142033335,5,26.70695492693505,0
288.2188068045309,6.905209097227283,55.905520421737585,41.739330807558346,5,12.754799663990516,0
206.6045326212398,1.4909268688169197,38.852828940305585,138.57455851284283,7,3.502884220107181,0
217.0271257295674,1.3595176799791053,67.16004074807019,159.63538314036705,3,8.160908573081098,0
153.716379352838,14.66843581666314,56.92285098910646,10.479398163110094,2,9.5618925795401,0
87.61836451297191,14.550108992867008,90.96842323201602,6.021835613460051,0,28.962314612390056,1
171.29096120158928,12.764698465989925,87.22772825998891,13.419115356149963,6,18.737709658003777,0
275.36741608579223,12.618860311081473,75.32119518508401,21.821892730199533,0,17.423373873678937,0
277.31156388362945,18.02088384185528,75.53782804302678,15.388344229795544,7,10.216473208488248,0
127.32095380083925,3.665398361538672,37.90843535998961,34.73591169157179,0,28.319779725788482,0
141.86290864784235,2.43940036591753,88.01706110674579,58.15482797735973,6,16.419633775220912,0
223.11180807774636,5.207834987202213,43.85044859283384,42.84156633726368,4,23.990413474202597,1
172.67133674613143,4.57178259487865,67.44184830807338,37.76892998795685,1,17.494140170730653,1
98.17411902328287,11.441841968038524,84.12842520252043,8.580272240913747,4,7.61680305709429,1
157.45829643552142,14.545301830345508,96.56592730328293,10.825371537290483,3,21.263347578057484,0
51.454553661850255,1.716035898182866,7.1880150034406505,29.984543864342342,0,11.152017465949857,1
100.34415925702014,0.7095467572707626,86.98081479572505,141.42008011281612,4,12.385178949087047,0
192.41437219608986,18.131327286624728,13.14701767828873,10.612260710666876,2,20.39007064555624,0
58.29140434443135,19.32623528985429,66.70900833261967,3.016179999372803,3,17.441143758464015,1
9.027012143704493,8.491290152170796,10.642582642977194,1.0630907649995613,1,0.3348065787608512,1
179.87668758396987,18.127128846921714,3.5908972920278392,9.923065539114095,2,15.929130554394773,0
221.34982923272938,8.74676541987818,63.70108738757403,25.30647829307079,3,15.842847800930919,0
211.72784420570505,14.697687256376575,6.030027295404084,14.4055211212803,4,25.13442001119598,0
219.4391069180197,17.869057834672212,54.836279358481285,12.280396031414213,5,26.86008209356951,0
210.69244980205048,17.731426964657643,31.446846709652977,11.88243056929392,2,17.730158541673806,0
70.5379333966197,9.514158812162801,8.249660431793494,7.413995791876498,5,24.848053038872937,0
239.00026552712967,12.30960832393978,6.764811281880756,19.415749001722574,1,16.09018758901902,0
194.20597746238764,10.80655607105607,86.50458000777644,17.971125693091313,0,8.98224160582571,0
228.10286306529946,7.422691138737214,33.65851499888547,30.730480199409925,2,25.46761229973928,0
52.81669804475032,7.1556246024681585,57.4482192467107,7.381144341548113,5,19.343072906193232,1
147.11647125762764,10.765181462128893,87.15779336005913,13.665953683658044,2,10.966204908461274,0
193.30991728067943,1.0320260013757565,43.20717826677502,187.3110919908849,5,27.216441966723245,0
43.104013247406314,17.324064607513893,7.633973336899425,2.488100467410575,7,7.942495555482201,1
299.70520137608327,10.73757231438097,46.195145314832544,27.91182146216461,2,8.729675940735701,0
179.92724955713402,2.3122788305884256,59.978782572339654,77.81382036497146,4,25.936551049584516,0
191.54298810370366,18.628867214344552,74.12387048682004,10.28205235991012,1,3.955337013825587,0
78.84582167816602,16.05541520991171,45.28824954016844,4.9108553498816425,0,9.09224986073623,1
174.80902063331058,10.944528335624838,75.86504733339632,15.972275393933684,1,27.238658144960326,0
203.92261296775692,7.247904712626596,24.206798081103297,28.135388233305928,2,15.29000467668402,0
233.2114620948101,18.825262781214008,57.664955779539184,12.388218151596538,7,8.180221487085774,0
236.60339688543337,4.60735370753625,72.4956349378156,51.35342582845791,6,7.945431951280412,0
30.739503387264477,6.714701596056942,16.99070308604691,4.577940351856523,1,4.1646078676573905,0
143.08337546875754,13.936666372102069,75.91832566395367,10.266685852161665,6,3.748274314080724,0
28.537785101755876,18.635650570656573,6.774258239486564,1.5313543787245647,7,2.4561125158349584,1
195.40290871462233,19.913274029075875,47.02774896986187,9.812696216067213,0,17.113154174201924,0
143.98438865981024,9.180416036399828,88.9662934095054,15.683863137456985,6,2.8231756144564626,0
53.44332029542704,6.679429502081979,39.29150659162081,8.001180382062383,5,17.689033473390186,1
277.7780061919973,3.1748305414641886,20.363053338654435,87.49380559501921,0,7.963520661392782,0
0.5699430749743772,10.277340236374165,44.4401995295135,0.05545628167073824,3,2.079309857919287,1
136.53067682573965,13.261947895772334,16.76309856976175,10.294918808213922,5,29.98720284112139,0
49.487598891787854,19.02175900801438,72.69766534227196,2.60163105162553,5,9.79088096325974,1
73.24314326308185,19.031698719908764,76.52359479923378,3.8484816484859197,1,0.6278886797389915,1
195.03571469123332,14.155244540514463,81.58203783460507,13.778335947006175,5,18.790740266171117,0
49.0391708740416,10.535738123311123,78.8507838189145,4.65455483992514,3,16.282110027022895,1
258.2656535572859,6.038180351472803,16.148976148853745,42.77209995794362,4,28.176949133898013,0
296.6242066125387,15.708070686534487,34.39639863689039,18.88355435443867,4,6.9356462164523816,0
132.3931336710474,18.037735304910527,6.284890812401878,7.339786920756353,7,25.243858430522955,0
18.981162125702145,12.002698955302385,82.23560023467655,1.5814078313875324,2,23.292184522670926,1
210.79551140024844,6.221302926048768,44.96849213283518,33.882856036095234,5,9.167361115897098,0
250.05218060094492,0.6366726010417723,89.84690461853565,392.7484553156371,6,1.826937182205739,0
232.51910598385294,5.295283143571252,62.81059646024572,43.91060868315289,5,2.750350945877499,0
263.417545123599,19.76997434327657,81.902507851305,13.324121748958303,2,26.436921532783227,1
165.39519067809056,8.01656950161627,9.350311806368705,20.6316667802536,4,0.24393187202567113,0
74.82556072037059,17.208042475079232,17.19588130665658,4.348290099163418,3,16.073622976400177,1
173.02145029708822,14.934897865328649,84.48605685179575,11.585044093187765,4,16.822924949079543,0
240.48401859213902,9.790765080024022,41.55876853773647,24.562331608057438,4,22.242003959013992,0
262.26688235151653,12.649824725579865,70.45506018566073,20.732847137492197,1,24.199056536528342,0
84.89124356622693,19.175067572339444,73.43536792987487,4.427167896330381,7,22.331286770330223,1
202.19144940054196,0.8684628985846254,81.95111932011517,232.81529899557344,1,14.901855743543507,0
91.28739418225612,0.011851647865825932,64.70333393613274,182.57478836451224,1,11.776748223781674,0
200.43301812016662,19.576019879057206,98.10187655334244,10.238701194546376,7,17.520621080631603,0
65.84955825318404,15.024858966882897,45.832725437969,4.382707245261111,5,1.0187361828932107,1
281.8128306638704,8.663247872502648,52.298299007038416,32.52969726958303,2,1.067771357523497,0
98.22982979100651,13.600521173674094,49.540388730410925,7.222504824384634,0,2.7565024900858903,1
34.369435507152716,7.925091229556975,56.90127790869158,4.336787364537887,0,20.01317109904868,1
101.78419962307908,1.1741681417862737,98.0280027745957,86.68622150506805,0,14.834319677356739,0
252.34247296714148,18.87433026307519,98.31599012688054,13.369612031257706,5,4.977889016860902,0
86.83340183771472,17.287107628442378,38.54375403481982,5.023015052839043,7,17.13234136328761,1
201.4961239205856,14.512855295562776,11.924381770226567,13.883975263102906,4,9.258124469257027,0
107.97831140376809,3.204212493444536,98.72926103139406,33.698860991485354,3,0.3418154085367109,0
77.66959273560293,11.723664226764491,51.893748100680725,6.62502705922671,7,16.05922571528334,1
188.90679688931314,10.830199143572251,77.22530100040456,17.442596796701544,7,16.09265780904578,0
115.88344326567132,11.417421072895017,13.182993824307465,10.149703906495914,4,3.725516865523101,1
114.80732681087639,19.18774807793334,84.43205212439668,5.983366382786175,6,9.64297308109333,1
278.01625439500486,14.263031760954172,47.134904337525505,19.492086889695468,0,6.050573571665613,0
163.86339373147902,13.451154947526117,80.00687925806585,12.182105876463503,2,16.880139994643514,0
127.65403425495172,13.379541071536238,66.12269577420956,9.540987510141445,3,3.609986750388984,0
284.6640790520423,12.773223728652763,6.62401902129619,22.286001177094143,4,14.16828294415582,0
55.4088318932452,10.816287713671839,93.16844786912542,5.1227217100750915,1,23.782700932781975,1
39.49127223736957,15.312619291607188,69.08459946675674,2.5790017687577884,2,24.714116619201864,1
87.72923645606978,11.517967672146142,9.54416924982404,7.616728832138075,0,18.438393833721292,0
231.07936411215653,8.366321411725359,58.3011354528151,27.620187265134224,0,22.195676656243013,0
65.3982160397034,9.00307236212032,41.26254663260872,7.263988715103631,3,28.507540748186024,1
219.0782633385431,13.137641161773942,41.85398036600654,16.675616318094164,6,18.374057569023073,0
62.28108020533628,12.07737371628786,28.118224072085507,5.156839696145396,6,21.099294740791777,1
282.4004877996275,15.37008982522969,7.8149689634403945,18.37337914161522,0,7.476734709411772,0
271.80663931565095,3.493223202626159,73.08719819884648,77.80969710475709,1,28.86307599871409,0
49.76810621544121,15.29351377127594,98.49481494973843,3.25419697263522,1,18.972528575936288,1
237.12156427549758,2.3970016954186324,5.985469043859959,98.92423719545376,7,4.3655890685141365,0
275.09480909019146,8.461864988154481,7.686230715733499,32.50995016763901,6,7.468360887298822,0
174.38973834832515,4.572429896605628,64.30407905256249,38.13940121373637,6,16.214642061964387,0
200.09991213231712,7.606679466302133,58.223122844832275,26.305816226221577,4,8.082556212266415,0
215.84121972433528,0.8995911802862766,31.610458988657854,239.93256543005256,6,10.144337345262922,0
259.7364861945862,2.9151773126730007,24.58270094266515,89.09800617116738,6,19.24991164196074,0
158.68841230394764,0.6627350764777185,54.35694841896132,239.44471620144108,4,11.68347041437411,0
160.07923088079443,5.98833107578767,61.46422063801042,26.731860489149483,0,17.73638176911139,0
273.85324359811966,5.091190401316245,67.36810923301316,53.78962914593006,0,29.70978965422602,0
196.38623063205674,4.961194267656688,53.557537645755396,39.584466972468604,4,21.84458929813344,1
62.5240998318759,16.2374927170166,54.80271847030478,3.8506006389983947,1,0.8535494105040942,1
110.4542863472713,5.072952746777584,29.535014501538505,21.773174689520523,4,15.907237801807922,0
165.49396504837,1.441466690046378,45.20419339763192,114.80942722515869,4,12.283764528704001,0
161.64935964219424,1.7478367559558294,47.35116449098557,92.48538748905872,6,13.295364303304611,0
103.58935843950142,0.6252251198526926,40.35653773553083,165.68329574459165,0,7.7617434011785065,0
128.30166128628417,17.4380977022659,95.32605922028941,7.357549170607795,1,7.479167562649732,1
185.05793645876633,0.2819195994935053,0.2950868752610858,370.11587291753267,6,10.805246224027522,0
224.3549844718881,5.334872814035563,14.369596413551156,42.054420469337266,3,13.496523803057277,0
113.52351235090407,6.78893102339388,59.953557972244035,16.721853847051182,1,8.013369141577792,1
299.51603406429973,0.34183727188191515,60.759657872852145,599.0320681285995,7,25.94994818605241,0
96.54574243940768,3.1955393541401578,70.94339834040203,30.212659504356438,3,24.37353137220858,0
173.15288051460098,5.283337865874554,10.647430912333366,32.77338775417099,2,13.319907244008558,0
228.29824591321446,12.774450792024087,75.0134945470881,17.871472490680834,4,21.974847917324688,1
60.17413273095236,8.168993783760962,90.01392001209912,7.36616213989191,7,8.486614094064857,1
52.52092913475015,9.42154246768956,52.63585594640369,5.5745573842994975,4,10.292702608962209,1
268.3551446773408,0.4143072728233377,49.95574612923824,536.7102893546815,4,13.64921896378357,1
86.02077868869594,1.604482724353724,12.326587075956363,53.612779609917325,7,29.866484119021557,0
276.19211966433363,11.43742502730908,31.669104045013086,24.148103179244554,4,10.632417337393848,0
276.73888225451276,11.99133993741552,15.122504449436258,23.078228429754446,6,12.278551669888548,0
168.5841707528043,5.412711191631912,80.59571277090892,31.14597560894004,6,25.947970525529133,0
74.1507550100991,1.570865635158858,3.1566643185675702,47.20375400064081,5,5.159656419279431,0
234.05011060513942,10.321849951944571,4.826720091068248,22.67520955011033,7,6.625616435233325,0
169.5537889275779,10.516218052284064,20.632868656422165,16.123076574163633,7,29.6730955822708,0
25.57864655212341,7.2764229463423025,95.00110355379877,3.515277594601786,7,29.029261309321626,1
118.3855479118565,9.326442118383397,15.733720634930737,12.693538051183115,3,29.588190380383637,0
268.2289448771865,2.170579764083189,87.48772411984841,123.57479292657149,4,21.836601520389532,1
27.731057109170642,6.837518517599674,19.759100767465764,4.055719489137952,4,16.166066351239696,1
212.25045453487513,8.453161227138906,17.174340451571123,25.10900346410574,1,23.961275422689134,0
98.48765075318526,15.650269008843766,81.40150735242369,6.293032451872307,6,8.16333297187461,1
184.0924022047079,9.55414853555429,83.3775608699657,19.268321140249853,7,4.367226704803395,0
129.1344583531816,19.842709467220214,22.169378766211935,6.507904506010599,4,6.166095121866974,0
42.53560304273453,11.90646460170501,91.30349805543551,3.5724796961680307,3,25.959009794719286,1
145.52919830084747,7.906673087993596,57.755571473218914,18.40587016577627,2,4.761930047639091,0
258.1358440573737,0.5601786512993057,48.253361504129856,460.80985674595206,0,14.689374770291042,0
55.89687843633185,7.4423242215596,83.05772019329166,7.510674995104984,0,13.488962357164061,0
151.57060725982495,6.77893935105188,44.396729796942665,22.359044595421246,5,21.006099133808828,0
96.95843860459418,18.63289776819466,53.44000807767756,5.2036156592935825,3,11.94920150980866,1
187.09517656622683,11.929706461316883,58.68842695175117,15.683133291912865,0,27.606572488080992,0
215.60068573416055,8.47144617951674,10.94020291697706,25.450280998711328,0,10.460184699311558,0
239.6280360722476,17.121433807829337,31.236273041349904,13.995792569817944,2,29.005815698417145,0
221.9759996159398,12.513918380245173,24.84345060929719,17.73832886479086,3,7.535097193006469,0
191.05953591450478,0.40233908667854923,6.3131082675144,382.11907182900956,7,14.05038965857208,0
143.4716197701136,4.494661946024845,49.06486637257723,31.920447297933567,0,16.267590895922737,0
225.62076315785032,11.42368827334581,16.564413278024325,19.750255588142874,5,23.26594740888566,0
18.50343475008738,18.568751009971752,96.62662116560598,0.9964824634759065,5,18.538589657419088,1
209.75053588157064,16.299450944217334,70.3336360321317,12.868564505602887,1,18.663877968711535,0
221.44180233760997,12.119330322202844,39.677692644275275,18.271785358628634,2,20.139683222130067,0
140.62270127950984,1.4353240932984068,26.087511280729526,97.9727867288535,1,22.132411317170746,0
191.58352170769868,5.203851487078433,93.66788219792342,36.81571662516031,4,29.252126640401087,0
26.11087201709009,5.516613974947575,99.77245993524899,4.733133791065783,3,19.32920171686935,1
260.26277100398596,4.05542948781118,51.92368659862283,64.17637682672581,4,12.45167615438768,0
218.68901605835129,4.666590923632976,70.45573119364585,46.86269262446948,0,0.27576938707273846,0
155.0034962071532,6.97556171443543,23.331051696799843,22.220933962405418,1,24.175681090247366,0
98.46960369122061,2.062631977530409,13.719563160356795,47.73978332727991,4,29.23437528629885,1
2.380992016240091,2.9845086761817363,85.23507395479541,0.7977835800049471,4,11.568407323552774,1
199.97248525291616,13.377055580566942,18.81375624037389,14.948916377638389,4,17.7075021708898,0
105.97694567151483,10.030945932371651,31.22632747219275,10.565000189015906,1,7.312206714351194,0
82.34679461040724,3.3507803251406765,69.43515240296077,24.575408298946027,1,4.934143114024295,0
15.512575881721746,16.62512689368925,18.052506915677835,0.9330801491572485,6,23.90931652419395,1
202.33402893642295,13.583704454204051,62.82932383173081,14.895349764018322,0,8.647981891561875,0
222.93981979074817,16.088798773766058,93.5494600178214,13.856834368161007,7,15.480291395453463,0
267.02571370086685,4.825319349771268,79.27259816366715,55.338454171644514,7,5.797528320909682,0
195.4874234355293,6.698161801767717,63.57058717025051,29.185234579424176,2,22.227644664967848,0
119.16370011730476,8.057938598492118,5.378083024661862,14.788360405179043,5,14.916813313856562,0
215.1423457709439,17.62546732426889,82.13909929800587,12.206334266933718,6,26.44617269147946,0
30.08792526617561,6.6099801044742845,2.4345536922291244,4.551893468757817,5,4.544557705722509,1
98.32914035997653,17.09998485227944,59.342787788840425,5.750247220065179,0,10.319537059287057,1
238.10370563060943,13.886001246095944,50.038187622438315,17.147031849615626,7,29.496353817772576,0
260.63025831328844,19.623648442537615,35.08470025800035,13.281437398171471,5,14.10853291827676,0
142.81905063539492,4.066020221222393,0.3152715623707447,35.125022224424235,7,29.955656268954698,0
92.48480173871741,2.3617770992780884,55.92347555527838,39.1589882749675,5,3.6329231495313206,0
250.28981709301593,17.980318618199163,51.27181509965249,13.920210337078217,6,27.34361877543991,0
89.15306147983482,13.149254226743194,41.46705230572144,6.7800850103356956,5,19.958810700995436,1
30.815172819880377,11.349343909773031,40.027768200057366,2.715150150075647,6,1.8530416366546132,0
160.68511777145835,15.73638244149199,85.20257010400744,10.211058251087062,3,28.968868239598923,0
237.41143066410427,8.800161199494656,7.690814728974294,26.978077478596354,7,20.600234884175304,0
128.28170984048774,0.2985460091837311,5.755477590613589,256.56341968097547,6,2.7527488790451224,0
200.47237773312128,2.028600478272715,89.16952421742046,98.82299638606845,7,27.73339332521761,0
93.02782503809863,4.31271471179598,45.07454569457826,21.57059561200566,3,7.401957774888657,0
139.35981725154812,15.79915196388426,63.6291468429659,8.820715033953391,6,7.093362248951517,1
78.66471728386843,5.805429740106862,0.5596230781205414,13.550197109511556,6,5.740599003036053,0
249.47848098068303,0.9278150637857352,57.996035484781736,268.8881553213241,4,9.502371970738094,0
19.35774846127637,11.532158934083371,89.43835698381541,1.6785884214675897,0,12.490455679664695,1
230.71457827005898,3.942702099908506,90.81057978128031,58.516867981330094,0,27.905854203793005,0
59.98573768863756,0.5284510793956465,66.09714965576315,113.512376126167,0,28.683214024265656,0
3.8681261026477842,12.146513000969987,0.31935115547372384,0.3184556837290576,6,11.938564128532152,1
98.72667899042654,2.278979330279045,89.37916180189107,43.32056797476006,3,4.40370093790412,1
125.77114853888897,6.600072295262345,45.93530154187059,19.056025890681507,6,21.059914205015524,0
77.62908783664332,4.353138680417052,55.647415243376784,17.832900244107563,0,5.926063960784209,0
248.08913263749588,7.407882954766942,75.91245142604868,33.48988289263555,3,18.574126800081626,0
56.10738121536514,15.964751683860401,70.92294473889525,3.5144537369840214,1,1.789660260653687,1
182.99343895107157,11.23887585974977,25.757123900302027,16.282183488335626,5,1.4068200459039004,0
61.40611947176878,17.179156283059957,3.6566676219467853,3.5744549068640934,5,21.366033775959274,1
192.70169443389074,18.753860013144983,89.88095057255563,10.27530835245768,0,10.048029533511716,0
242.2976230815357,3.5105033015692366,67.61174522507962,69.02076490662344,0,23.483602784837043,1
267.70915584628807,18.84851960022198,30.372109813597437,14.203192692286308,5,25.95407346374524,0
171.02671031194149,12.067852993219487,78.67553540975949,14.172090960010495,7,12.12027467463631,0
189.68356166156616,1.8718291122261954,51.81491886689522,101.33593949501756,7,27.890396489601574,0
267.5616108171779,0.0687375989631489,5.824462129801455,535.1232216343558,3,23.130733848961565,1
134.4094601561974,8.739429862449292,27.916314299536882,15.379660031796186,5,4.708405139831294,0
110.17435129402772,4.655380457645835,79.35476599417439,23.666025214562474,2,14.52406011992428,0
68.22326199485055,15.674443492051731,1.9851630710677526,4.352515738721156,2,9.758796052922346,1
290.6592169276849,4.731441882629039,47.372863788763134,61.431424952044274,4,22.55402178081717,0
65.72244388615144,10.342083313773694,95.492200164888,6.354855389592695,3,1.011253506585259,0
160.32222559193858,15.338690074569124,79.18503641952516,10.452145835956735,1,3.516484819503293,0
292.1918861981696,0.5175135764235539,25.975259005329775,564.6071900518181,5,11.449288232968508,0
213.70206393970383,1.1275072438159928,11.707485330982125,189.534980916344,4,3.4901297447333954,0
4.992982871504815,18.404980086049818,94.08784764943925,0.2712843397906896,0,24.418260501658747,1
136.808790952683,12.92677024090807,69.30424365405636,10.583369890781983,7,15.17571476615396,1
261.25931778006805,15.804295990278064,89.66222927347232,16.530905137487963,4,15.826025161630328,1
117.55890394913328,10.308202171037744,54.57490181824286,11.404404182082358,4,9.661305704873481,1
91.78977019582706,4.501600360860296,3.3054918586997273,20.390475128335297,7,4.429567390942605,0
259.88652485856124,6.355352200697048,96.61873899398702,40.89254484276373,4,21.89339668100778,1
152.1331285701644,15.224516973572848,92.77817394034093,9.99264074086826,3,7.523127079344708,0
298.21210276978024,9.445500370742097,12.981249516793747,31.571869256763456,2,14.240349709014744,0
35.29106936083699,1.7515497928991075,49.512574334795644,20.14848193520344,1,8.894227648874681,1
126.63261842660035,0.8911822742973308,33.876124572932554,142.09508209355508,3,13.602592056348804,0
201.6474025750505,3.8283431941882506,63.874647012002264,52.67223766175623,5,3.138381799161704,0
221.60557269838725,10.857135167677956,57.720565143408734,20.411054046569692,2,26.10844622418349,0
139.75064596972803,18.07389419452304,76.3204261030506,7.732182365661789,0,8.76073817043287,0
75.02673164441723,0.722566495400101,50.645480070220216,103.83367084142654,4,20.85100407350348,0
55.79893917403941,15.775358381429196,29.133182537247883,3.537094868141069,2,12.871505246556538,1
142.49287916039495,4.431217853210487,43.11274491467966,32.156595292907255,0,12.724150140132101,0
108.48843379243776,3.2218594143681845,62.609627529732315,33.67261566678652,7,24.43513891948224,0
115.65886173498434,3.083069888246721,31.782577401726254,37.5141874583833,5,17.753087086733814,0
171.1670164618069,13.44621333129852,11.91074188033202,12.729756121255669,4,13.080151782321254,0
111.91852817076324,13.72406075291779,62.48945652316511,8.154913489942757,2,11.70715642029213,0
281.3257011266765,17.599799786375797,57.54074465929767,15.984596673903864,1,11.24548992494449,0
22.371060870094738,5.891336362045787,20.21240791175385,3.7972812101202638,5,15.377177773720323,1
203.54443393698142,12.231260963371112,34.03757184096756,16.641328686104792,3,10.48257194158253,1
100.90381904029066,1.376238905021998,76.36432137081312,73.3185340656227,5,16.222098053338357,0
275.82134410092704,3.8954195557481874,2.965931891844098,70.80658197495505,1,20.53748339532557,0
203.2935232314418,3.920586901640284,95.30298546562385,51.852829265533806,4,17.580258323686397,0
276.48556099983114,15.360399883418268,98.69709099326542,17.999893433653412,3,19.09607842409092,0
150.68269309194645,10.02509890067249,16.28006546195595,15.03054429536237,7,22.02250295154761,0
249.11021830332436,13.520411150062277,14.446322248786835,18.424751698632843,3,4.542294173452143,0
297.96309512223684,15.021748628080429,45.517234390255624,19.8354467578594,6,5.846471644151682,0
73.8805315022576,17.78402911563534,13.80592682696239,4.154319081568721,7,14.35784958088532,1
107.6988710396881,1.7618764859206015,10.22193751620688,61.127367270251156,6,14.575696221096129,0
210.74728343777772,2.2520730312713466,22.789969654850108,93.57924033165393,1,16.161325208407003,0
14.103597744184048,5.5308062719101025,14.98255598625663,2.550007548775212,3,29.425436723887103,1
269.55277864783903,16.693263600390704,42.21759650391481,16.14739844170017,5,16.535773919406942,0
235.3269468857999,8.879713023788335,14.262889795071732,26.501638764154883,3,6.828801128238905,0
67.36113245058908,17.595971534553993,67.7171922533804,3.828213311115503,1,20.988906740217335,1
101.40976894609345,4.359799469149097,3.5239049505080833,23.26019113119568,0,26.940994914093242,0
204.26341487882954,18.166985890165602,57.670957583662975,11.243660126879064,7,21.280427398115354,1
39.639618575101835,4.151117202043347,40.32189546948868,9.549144638843158,5,21.200740836504654,1
208.45050056129406,7.824530405980992,50.6440743498025,26.640640363791878,7,21.48088696081102,0
41.258820065200155,5.305809631334844,92.97321184991769,7.7761591410169375,4,2.113032357469721,1
282.30068748736454,17.003380491685355,92.70195066012332,16.60262132141367,7,3.8596603954298256,0
30.33499659601766,14.853882978541911,81.45621065758439,2.0422267120213577,1,0.3431514120924595,1
169.88640162892952,16.496515576997616,58.30345883462809,10.298320323221192,1,15.485630421653301,0
127.7167213027896,1.2452088216877244,45.194005115853905,102.56650858743966,6,25.20678219547727,0
12.474357865749685,18.177803335440462,75.59127503279505,0.6862412160345568,4,7.830103725604332,1
131.67906809992067,5.707971267706502,87.03915863855629,23.06932917565826,0,28.3825935710557,0
292.7444852949769,15.171094092416386,38.88831762989319,19.296201283288585,7,0.008845252701000783,0
266.938943580291,10.142026549956245,64.3064791643581,26.32007935154169,7,3.473689367228668,0
80.45800788957425,17.70613371113582,63.086002569439195,4.544075471370254,5,21.098649770926027,1
9.289246878057366,6.938129472978039,77.68078353688489,1.3388690589064722,0,28.381641352893915,1
285.86562713371103,0.0665602553886302,42.70576838785756,571.7312542674221,0,29.65611335476729,0
157.83275163262067,7.327551746823864,75.02763860058383,21.539629754376485,3,4.389749065968562,0
54.996928643782184,15.701557011348866,52.30654207071434,3.5026417191639765,1,15.023637289629256,1
6.141645192890143,9.30268879428536,14.922920685320706,0.6602010804298811,5,27.855735680079057,0
56.240098654686385,12.934060902474405,70.52537489834945,4.348216625756504,4,2.627961991314951,0
140.2679301680326,6.236855280944729,13.757326218392596,22.490169139660633,5,7.296018894250899,0
289.98731519210304,5.769862532375218,43.84441391220704,50.25896432799882,0,24.191236063771903,0
35.504551009476856,15.588756366289418,30.95136107098003,2.2775743090228295,6,4.764429885221729,1
235.8846533701946,5.857153092387151,84.93332658162603,40.272919223638915,1,28.498786999067438,0
150.5018656232516,16.81728633984499,40.75317361525334,8.9492360766118,2,11.310185464667134,0
147.99231877536053,18.81554319235206,9.404448190071669,7.865428984028208,2,18.1961779657988,0
203.7324188338784,16.343189566276767,41.261579587509125,12.465890945441185,6,24.382645691543214,0
62.93655653491379,17.87060380491765,66.02177634293486,3.5217923928006756,2,18.271980337351255,1
129.7442781472678,10.278841170078277,1.7332796703316,12.62246161804247,6,0.9752015277487946,0
92.26697465327595,18.426029864805578,61.45095141031518,5.007425654373296,7,0.45127956656542456,1
161.27870354439273,3.7089670192429214,98.01075374069809,43.48345582682294,0,3.973832152518412,0
102.5254208131029,8.836712077642899,77.8189606213229,11.602213573586353,2,4.598675470774078,0
296.9214370872325,6.645734725104219,77.77577029213826,44.6784967154367,0,7.476555916758433,0
178.48645271665552,1.1205737553732775,35.73078512527032,159.28130733099258,3,27.06438199287326,0
108.99006595928316,19.369073193709102,74.80846728985078,5.627015029024834,4,11.258325663540058,1
24.467481776493084,7.403740356754058,55.53278438517424,3.304746060438578,1,28.614937740579396,1
233.964337891005,8.679878219201145,6.805221923549565,26.954794984731706,6,24.832855555994698,0
152.3346743814116,13.490213121902473,79.28360615518505,11.292236305302225,1,5.169424822224472,1
24.031578876267478,15.101530263777239,65.95919867710609,1.5913340208912463,6,15.297252766762222,1
290.42740795925147,8.034029139032281,10.538126150716941,36.149658276473986,6,14.19567279074554,0
260.34213399856463,18.98382502743911,82.71142279665912,13.713892412212378,5,24.42504010870121,1
284.233819647134,18.285154003512773,70.6183949203402,15.544513302569378,5,22.692546096061683,0
255.13602756994192,7.040480186625491,7.1512198625781505,36.23844124362615,7,27.928032783400347,0
139.88311778261374,12.611672718235399,40.91082826236296,11.091559455103424,3,2.4079712835095157,0
119.7702671860848,12.342224442380354,80.67785851410518,9.704107046929183,2,15.275111060793515,1
275.915662656617,7.611495904221968,67.7112632372658,36.249860228338456,5,28.691936190567752,1
47.053953151816074,14.071395360223748,74.45600264245545,3.343943649314667,4,12.477263467188251,1
110.40086752356977,1.3601012260049683,23.649054205298693,81.1710668387902,6,7.416670236907783,0
10.898037934657467,2.1456384929289296,21.440323332146317,5.079158474539189,0,1.5847484961654534,1
121.42971695527129,9.3981655838362,17.248391334174162,12.920576454208991,6,27.108321606273222,1
2.719358231041724,9.00452289635745,92.48019200416276,0.3019991466890235,2,26.151115782267443,1
257.15394421703326,10.188700548821132,47.89774886288512,25.239130641324707,6,5.5209142350336595,0
190.62166841712147,11.467477704334009,8.246299315755357,16.62280697917364,6,19.499274214013063,0
162.95350621515715,14.753529803926922,27.27179043455312,11.04505215909647,2,1.9070232188764014,0
112.17108241339892,4.394864455318124,37.383102862499705,25.52321773602444,3,20.596837945607184,0
38.75366594079336,16.548722003846226,12.641744125478361,2.341792069006072,3,25.52205103258674,1
237.35882903120032,17.988518703923116,15.277078021601564,13.195018052233213,4,28.14093054043233,0
146.1895305016409,8.844638824354318,38.08048590672822,16.52860375701244,5,26.144963824609054,0
201.82521902102647,4.104390895387713,17.056392125139762,49.17300134541924,4,28.074226136024347,0
289.3050676818637,8.667810678132156,60.919932513419205,33.37694816197885,3,13.119535134349357,0
156.1622840740015,7.378899803430599,84.28032779193461,21.163356087502166,0,13.267642052779774,0
155.89748734513338,2.8679767564356617,25.381497286822817,54.35800237756588,1,9.521247042832337,0
20.35302142678772,17.995189827840015,73.81909120828996,1.1310256586068321,4,14.126292768973448,1
168.44560739035984,5.348210650426884,72.49546794038055,31.495694242506104,3,4.49183351522373,0
222.92369534816945,10.614677401102517,33.80627539607601,21.001457408871886,3,20.76035749358965,0
213.831710724388,0.6620360240105683,31.258667658792703,322.991050289092,0,4.819042555519993,0
52.010982493456424,4.212189045940846,29.241823857352557,12.347732242354548,4,3.866386819817115,1
279.7885251088385,18.920184572909477,48.531806964947734,14.787832752406052,2,20.786107242271594,0
205.9237712569135,11.265636177934027,66.5565805812151,18.278929658695695,5,7.295162703285014,0
48.73985681181209,12.619330908298338,30.643835309449376,3.8623170408948764,4,12.167143072837924,1
223.11630332438838,6.494893507150243,22.728959325137243,34.35257299888892,3,26.627300136046998,0
145.13898299496665,8.077668630154216,1.3146578739373638,17.96792981246567,6,15.359662798269495,0
51.227915179959616,16.303983253481107,9.380947853586608,3.1420490553449145,3,6.974518937181378,1
165.8502286786953,14.538961547766888,20.220299583844092,11.407295365202273,4,17.840337579329255,0
175.84808217295003,12.713082156775554,68.63603289050533,13.832057403894789,3,10.64589867540295,0
166.66591034689543,6.130824082178248,55.84531852247269,27.18491154090984,0,25.624780172778188,0
267.53867656612016,14.27294815305806,54.34874955375335,18.74445795620707,1,17.639213664196337,0
289.33654230129747,18.706745312936224,66.55898292775866,15.466963251015844,6,15.901920538019048,0
267.1003487318144,7.123628982267585,62.16361943887805,37.49498316050583,5,10.850557664348488,1
231.7199400694185,8.021841111559848,34.254016588753814,28.886129361936533,7,12.019144994444899,0
41.3479372209163,18.69626822372115,16.51211173445687,2.211560977096784,3,8.251329707054008,1
296.2380075309957,15.658277115992776,84.52760435111661,18.918940144981168,2,23.825988780981277,0
72.79973297235358,4.421268989073795,16.18535248076488,16.465800464134233,3,19.626493725218605,0
235.88092787664746,1.1450949841726166,8.162146498647328,205.99245576739838,6,19.687244489255058,0
229.1545081755922,16.092321309677576,18.64019930987534,14.239990848168288,6,28.623138700443405,0
182.55927707228142,18.466004216523523,48.18379081386569,9.88623607639632,4,4.836262474562291,0
67.25362847720459,9.635170945971092,36.40589263605746,6.980014039639475,2,24.92038804393153,0
172.83491859176263,17.025394933145932,0.10648550804909229,10.151595265216347,2,26.38694617161195,0
106.30267958248028,13.02114196526749,81.95855874966821,8.163852284694489,0,18.947911153834237,1
214.15779887278907,16.60985567397556,21.879075956829407,12.893417202193577,0,24.950498571497484,0
33.560272117155876,12.150940857148715,67.9863372165823,2.7619484377138988,6,28.827522823863788,1
64.77728431299272,13.297705635303043,58.32778233679213,4.871312848211992,4,9.718680277200356,1
57.19125924276689,19.35631605521049,86.27716509166538,2.954656200055779,0,28.245041529537236,1
281.01810903623783,4.578451771633583,23.426888016035306,61.378414156794996,5,1.049246802200714,0
289.23438770059335,12.210746558456545,87.68842339684527,23.68687174989184,5,24.384359991833243,0
35.97586968041142,19.27996829181196,67.48862131393587,1.8659714132253042,5,19.4810637887872,0
246.78151786147606,6.5760276893404,71.78906423802945,37.52744506558323,0,3.8818213799734123,0
282.20078371636936,2.2558430670834984,8.923582704254052,125.097701978541,6,26.404086499100764,0
171.6113766828618,16.873487957321156,61.54421479463473,10.170474362913339,7,19.542677525850337,0
266.210829283017,11.197481010743564,44.23807143164783,23.77417108612175,1,13.197951504654712,0
117.43590288400941,0.11423123318559547,53.993001792593674,234.87180576801882,6,0.6719537515881324,0
10.612636180221013,4.6109680236468,91.1250993132152,2.3016069783601565,7,28.812275186214624,1
233.81545091967362,13.987643668713263,38.43090353565933,16.71585697043872,6,18.155807523939565,0
12.194470603593444,18.09500200435403,62.3762689434145,0.6739137470478977,6,5.814269830996192,1
121.39217404590192,6.473462726535639,95.23538362122407,18.752278212446985,5,28.995521503614487,0
185.12623090418754,14.251366491741548,92.62391187283353,12.99006877771794,6,28.55789489532358,0
0.9364100701480416,9.176735105362116,73.68976413697993,0.10204174571857064,6,15.372538536644738,1
256.9632719018927,4.316131349433094,18.27582785731331,59.53555420310453,0,11.267850182167548,0
223.2475963749788,9.658896063976394,97.94810504890962,23.113158573845524,5,6.751893687789577,0
190.4146392578078,13.725389972098778,90.78601511438714,13.873167876824349,3,12.0840342599693,0
10.009965137083011,13.094123653166882,8.731086492800799,0.7644623956687662,6,10.43082048729709,1
214.3421476757149,0.08381109090743966,53.315714799392666,428.6842953514298,1,3.820914903729152,0
69.73001919523028,11.899347813911154,85.88185907698491,5.859986638403082,5,7.747783054487515,1
79.66733609888469,10.834958130683463,46.41338998542642,7.352805164357319,4,9.115180020026068,1
18.420156338678307,8.054903936336839,63.165574005273825,2.286825080009001,4,25.05322013274472,1
76.75659486971766,17.695132385052354,97.4000819481588,4.337723685783579,7,14.224359111970806,1
36.67546781376602,1.6568895334835143,13.399626169939772,22.135131565867262,1,21.126508369033854,1
168.2460362395285,1.6857109049209873,57.122950575920626,99.80717081937281,6,22.849411677250668,0
169.13611894171228,12.39346005049338,92.48132601310405,13.647207337790952,4,0.45462293457730785,0
21.777403126053287,3.199327179696081,19.64333786258915,6.806869664428014,0,2.553326352081131,1
197.517333983228,15.462057810586813,44.06118951129665,12.774323857978892,6,2.015571966713173,0
74.47512705888164,3.7487643091508516,75.21530715167168,19.86658026941985,6,22.98590892072432,0
210.2683047465892,12.741942108696874,10.572963393728973,16.50206090663941,0,17.07086207636295,0
287.9360363623899,5.040496338401685,54.42294703447544,57.124540329235295,2,4.241847460365032,0
208.71009479932889,6.279582984555423,19.14580268477173,33.23629854285698,2,21.3010702126149,1
58.65577165492966,11.442286502198172,24.377685037413453,5.126228192561104,4,2.7151811113323054,1
291.12250722944697,7.6484539504103815,33.23530184113254,38.06292214308575,0,0.325736099124615,0
15.103207078860247,1.0235230330836043,25.499065730610404,14.756098876796429,3,14.858975547869782,1
76.30583101873366,16.190117609009423,30.10236822656065,4.713111594462491,7,22.703722910884995,1
239.03183120507023,8.422482461252256,4.239783609824843,28.380211215011652,7,17.969275678117118,1
4.616679303237358,18.549869490638564,98.662196278061,0.24887934147284574,7,3.1626144273838963,1
251.93112652879404,9.13305328123026,52.03428314993395,27.58454579987492,5,3.1584868969729287,0
240.8718227159067,9.839596788171935,84.79780211504375,24.479846878020034,6,29.46458600549833,0
162.35655909086987,9.62251403669063,50.766262326941394,16.872571811462635,6,7.422193713410008,1
280.248652949571,9.703244947324185,55.092747147449295,28.881951807972627,3,0.7524984505022403,0
219.1984984129884,5.19833650553333,93.02338628523242,42.16704674267705,7,18.071418978980663,0
184.61561067126806,17.24798986591307,86.70250574018176,10.703601527278316,4,20.74096994775516,0
243.26436009761198,19.18108306375342,95.25657743447019,12.682514292287788,6,4.918808759609288,0
179.575789535237,18.301774438841463,64.86072800174209,9.811933271023555,4,7.235586814546551,0
50.09793446778082,3.8869453924144315,97.71775750871888,12.888767247810954,2,8.196236815758473,0
94.60028101975188,12.712238748110353,75.25043089061538,7.441669629892218,1,3.5617222753244873,1
90.27827883886057,15.552133159146095,79.75352843832762,5.804880778413898,6,9.49701188177148,1
135.81254793761255,10.87835537780881,51.86850254144356,12.484658132667919,6,3.2663608359836527,0
189.15462624807452,6.083346739567562,93.36587606481795,31.09384264055951,6,14.532621608972601,0
63.133055055612864,7.546932055980051,75.44739699355938,8.365393326363312,2,23.158240797873184,1
180.28005642364616,1.7708919925316513,13.080357000976973,101.8018361277468,4,2.5256259164890107,0
221.15653075431197,3.8759013928228936,52.47854176020205,57.05938008738644,0,16.22075006207557,0
77.95477349133311,9.084566356134916,75.24282441151638,8.58101206324387,7,23.326614789269513,0
87.87870643314065,9.643956101218125,18.74681741127323,9.112308839941807,0,6.609852429740545,0
164.50842559389176,3.0085434938220112,79.12362818340353,54.680421250916524,7,7.8021426549399875,0
257.1597295586479,2.2730814269055144,84.48662660324091,113.13265178922131,1,0.06627273245900289,0
67.38182292482833,12.075178477008691,55.89485789559443,5.580192711281598,5,29.6493557742607,1
221.17312680024162,14.824540458618465,50.10712556945111,14.91939176243803,4,22.210048466432657,1
230.15025069367437,4.169996967961764,5.245450671253371,55.191946771646826,5,1.7187379734971486,0
221.97570623138483,3.995255901699575,82.56511089440501,55.5598218719749,3,13.134590685985746,0
254.97193212969123,4.7672717010258925,66.98868868721726,53.4838264147652,5,25.07605882199925,1
248.49385194425534,12.90087441222936,83.0178557371252,19.261783659307316,6,5.59025485334748,1
260.1486303069663,6.140000159587835,24.264216112870983,42.36948266210298,3,15.368068674447684,0
55.32695725238304,4.190367815222387,21.60828198571172,13.203365358858548,0,23.78110608282776,0
126.5199393451234,15.479222959144249,58.43057015150597,8.173532978952448,3,14.3055882798743,0
189.67429900212437,9.699175853624721,15.855317061802566,19.555712966193962,6,2.4093249824996588,0
24.083754766071376,11.936120524907825,21.322801422509574,2.017720474237366,7,4.257111705107541,1
164.80525395034493,5.234853844088779,98.11250702413832,31.482302822349816,3,17.794358585152487,0
169.9623888061289,7.782975209790878,93.48430410014463,21.837714270542516,5,14.753649817368702,0
174.9168533605444,7.737642014142008,16.692557144317,22.60596355334748,7,0.3983637608929169,1
263.7327144296657,9.815331665160036,67.94815014988507,26.86946538605485,0,12.402702328097972,0
278.1904671539955,1.3633029253532203,92.66394121244107,204.0562386983206,0,28.023282303476826,0
262.2431868859577,17.989020403763373,8.670445235995228,14.577958165587239,0,24.471305861841866,0
189.86698595512087,7.0216221397839185,8.60071887488344,27.04033087729836,5,27.90193409897327,0
87.62339569422855,13.290235583126531,76.49102400702998,6.593065649300938,1,19.13474982202547,0
89.82597624323968,11.23115466697194,54.827014395586815,7.99792887790921,0,23.785521002272198,1
200.63107090634884,17.752453383974306,18.151869761041617,11.30159683097463,5,13.199844248928779,0
237.47848345559666,14.944813607596991,27.18611548321078,15.890361010248915,6,7.10942436504174,1
183.25346605409365,19.49214257225742,92.7151910368174,9.40140189180192,7,25.564406661309636,0
7.936085491393364,4.552976628165104,51.631362090751644,1.7430543004108692,5,6.412617261513569,1
12.826743283261766,12.304796523286054,60.40500979715322,1.0424181544967412,6,9.861444148728769,1
126.85073900950238,7.063769722281153,43.553014328529635,17.95793804112538,0,29.849130804263925,0
150.08648938059196,13.002311592986196,19.46013196170222,11.543062039949321,3,4.726807375601351,1
136.55207067185648,0.40570443380285814,21.37369572306751,273.10414134371297,0,9.83958121654233,1
44.75309946640703,11.442643618192958,41.54672296700797,3.9110804250910083,6,23.767956066407695,1
292.43873706207074,10.759972108393885,16.092778126951156,27.178391738946836,3,13.60380693147102,0
241.47573557475596,8.578783824180988,98.36255162000684,28.14801497784676,1,7.431100354721151,0
293.59527558688626,8.800448261596435,28.30431330657468,33.36140010822891,4,24.8803819538645,0
59.08305908794961,5.933544607396044,65.20229497674683,9.957464382134038,3,28.93420590861665,1
280.4170579468062,5.063543250640872,84.30633186092803,55.37961148279221,7,26.10694484616979,0
169.76531063269542,11.784496121027143,59.7121756354425,14.405818364162572,2,12.11562183519449,0
243.77410541489544,14.609381068677552,43.41494945018935,16.686135043567727,1,2.2523676472239726,0
135.56578050034585,14.410251472513329,7.518181781246369,9.407592973580599,3,21.340161717333547,0
33.05580778046221,18.72362678244858,33.39573928731089,1.7654596603820651,7,28.930388244483208,1
103.5465876590792,0.8122791531673035,19.147972795518264,127.47660364706161,7,18.692689396738206,0
192.08250127134383,6.427600835941485,16.15297711051675,29.884012118062476,6,8.905790205358885,0
194.63648926668426,16.157594460060444,82.9764446956557,12.046130365989898,1,11.989878661049584,0
89.39244922622478,13.424995878616663,7.409985550287013,6.658657480007804,2,22.992138076220755,0
40.26617411231776,18.77108930678418,16.147946266433276,2.1451165382162936,1,18.65837013908375,1
147.4130616361042,15.932866660887218,73.53877453940298,9.252136779502525,1,3.4802911227143984,0
294.17894718791047,18.677999986244746,98.77358047764879,15.750023953557985,6,23.77586339874337,0
46.640180353093584,12.205374404077906,84.38815979284848,3.8212822326458706,3,14.986173908361662,1
45.98135093519144,6.8388857568075885,58.407959517526784,6.7235149950297854,0,2.4915824421390145,1
139.75694337941636,5.8183512494041745,76.08724352831955,24.02002515639256,0,26.206600963397893,0
146.38914434489212,7.234285980754267,44.22645135282563,20.2354654950521,0,10.688573956864873,1
47.96950980730838,2.8932519372735688,16.441613811310376,16.57979009339644,5,11.043367656332752,1
246.63980848548482,18.519359358555946,70.55401961630552,13.317944952104254,2,22.585276726416538,0
195.21738653240732,1.47795959373195,87.25850763249213,132.0857399351967,2,9.827111769787042,0
100.89477313677338,18.80848719459712,43.082217347279524,5.3643215476551545,2,2.2555684104695772,0
95.29905737920402,10.895604906332188,44.987432389235906,8.746559571356993,6,19.193630587416077,1
66.40928072658984,14.595560650438703,22.793667904852377,4.549964356771301,6,4.524440937639226,1
280.4389254963891,0.6602608433676949,67.5008626970893,424.7395984683807,5,23.780750522224793,0
109.43084162616937,18.082301868666594,87.06081086294124,6.051820305897753,5,3.7477175496835944,1
171.77784247156492,2.762459823024821,77.20243949704113,62.18292879404584,1,17.678776895452902,0
82.28646510261336,4.423419764567895,39.74397513458901,18.60245454472521,1,15.009488176285261,0
2.4685886588074135,3.218444643320306,97.96236658656441,0.7670129308984155,6,2.802807373384849,1
224.37407841216685,1.539633171654442,2.9677357088408907,145.73216694926197,6,6.723938033373012,0
46.29400981064512,12.344876665334017,57.32252869555469,3.7500585113697076,1,19.019758481719634,1
64.57288486544624,10.010511117945073,65.40178649889312,6.450508281209677,0,14.44151996987063,1
179.06568447545877,0.30199597633029374,2.932715730575608,358.13136895091753,0,6.278683019678503,0
156.97860763329916,13.450766330273963,40.88983970344988,11.67060699582474,7,4.541189895862151,0
102.31577130831997,17.77061817769251,46.18709502245202,5.757580872271351,5,29.993495513705277,0
34.73194069960762,3.527155152727781,78.27377256057953,9.847012449323962,1,28.638422547274725,1
83.43067079285686,16.056829620635366,71.7487899883708,5.195961641495921,2,10.255616728082419,1
188.34550987596342,17.32677104653437,30.457291084705297,10.870202495902173,0,24.64917105812597,0
116.95557243727113,14.483593522984375,75.08298106627032,8.075038301211052,3,23.677794720088126,1
85.68357087028889,0.6331394292143044,67.25302078132712,135.33128236321986,3,21.195581041135174,0
117.83693703721694,14.662984739913881,92.61017459709186,8.036354066198736,6,28.096661412714006,1
57.33691186004539,10.057993636287355,36.60276481790047,5.700631153034792,4,9.780676426442737,1
228.95930121412675,11.844300599183837,35.61759070175559,19.330757379621367,3,24.386585359245174,0
88.87143283986056,3.4754148343713287,36.94295392251215,25.571460408390816,7,11.855695294458897,0
118.2476663479503,17.227585486963957,78.1633171687923,6.863856019604595,4,8.896859194318784,0
15.707397415357471,13.140867553630402,3.026995564747814,1.1953090122286498,4,26.891785966911304,1
219.46996882831,9.297156846185393,16.055976728878285,23.606138140861646,2,5.251716525789166,0
36.94417962568451,15.287627685803908,57.85396358790462,2.4166064470546256,2,5.731628137282277,0
151.99696053977613,0.5891438527178949,51.04541998380554,257.99634476124834,2,17.17289486938843,0
295.19926821444074,9.768474676293266,48.00134535683035,30.219586782657935,0,12.472471943042818,0
64.01756213319432,17.50979921127203,50.32536912931903,3.65609915686427,7,25.526529590748687,1
102.67487400059268,2.263461360605157,57.879833637792814,45.36188502601239,5,15.410920328777125,1
32.19148291608305,5.138943645057674,49.400167812101095,6.264221820576466,1,18.848591018203848,0
77.21726751433215,0.1731356978270271,85.31062739838875,154.4345350286643,4,26.108816362030893,0
4.8523812112539755,7.041437151472603,80.67223961741426,0.6891180176534244,6,23.965212965968288,1
90.63727766657932,13.302726574861719,34.68907687879147,6.813436114507336,7,29.114171321459274,1
139.99298917245832,19.0488219250772,70.3413425214765,7.349167823767714,6,25.125650869686357,0
136.77507834901976,18.283567682790025,38.41339124391334,7.480765281808952,4,12.490684647192326,0
111.43828674264543,1.7720107240967065,40.89762992284045,62.88804307290623,1,22.748612796813628,0
103.6089382167288,0.7816747530473789,16.49408361193352,132.54737704244218,4,27.686546761222257,1
142.1640113852004,8.655451514005883,30.11430862011433,16.424794380184174,0,23.843663181937547,0
95.58794390624121,5.992383082448938,32.108762095503465,15.95157428873469,1,18.94471136734484,1
19.33801836223612,9.889870195823542,25.9923186770882,1.955335912336089,2,3.23218072887417,1
124.74649364306138,14.920216333263756,42.308170557620784,8.360903813770202,6,28.79630171654452,0
215.42927794366224,14.314185392633291,57.90668057005165,15.050055035233203,0,29.981669972020434,0
131.7841395039793,2.9607601652435234,95.24049066213074,44.510237962195774,7,24.174757393901935,0
209.1292561769561,3.472847893019395,34.30513699223439,60.21837483792964,2,10.797239027448118,0
77.91316985804599,1.3209953119037787,91.1334184189062,58.98065584029959,0,27.907919010034444,0
102.01952963310428,8.321285354982471,67.92275306497902,12.260068640960478,4,22.055075105405166,0
205.64008089295612,1.6873995186131374,3.2907528167965494,121.86804525224136,6,13.383294680471526,1
285.1480677098907,9.179852133388005,46.60553289566914,31.06238135065158,3,21.611666431433022,0
126.97599517447344,8.976707544181954,91.08025216821514,14.145052019297433,1,26.667295598667476,0
5.628258481324611,2.016969286317496,56.49220112987289,2.7904532406640987,4,24.39669070376496,1
26.102081911960052,15.338704061257367,6.321251543090723,1.7017136394129226,7,16.37077376070579,1
241.9966866243663,16.56498937790214,68.14815554660527,14.608924950304663,6,15.392912020447653,0
24.27817955437591,11.26077407366891,84.45181861968251,2.155995617667672,4,10.899608437492464,1
155.115208397238,3.4600876563252614,9.852589267446954,44.82984935762465,1,20.572485672266875,0
68.4135166753324,15.849129404455692,15.8293524612237,4.316547296036286,6,21.336867548366794,1
242.9976958768917,0.765401580809415,48.60358122591337,317.4773896075845,1,7.579820927912696,0
97.2910785121948,13.94857703372268,89.55088844414391,6.9749823424267365,3,9.496810183808892,1
24.38865140574328,9.362283188086941,59.85569385761745,2.6049897141304883,5,4.936534638416628,0
5.665753104003768,10.680810845493031,98.45769048200783,0.5304609533830045,5,17.41510513007365,1
112.81032647851676,7.890827464407595,37.975305166108164,14.296387417841737,1,0.17217753774690814,0
202.05657443741924,11.300528277254724,35.18621152185252,17.88027687556086,5,5.021733624411886,0
85.4937071284439,13.058360068634423,56.91846869759705,6.547047767031316,2,21.860737778256407,1
137.78455980031953,8.257245448377613,36.20743177680593,16.686504072298284,5,21.591782067718466,0
263.2865514504286,10.59442954367664,48.39082159148395,24.85141369481031,4,2.3270919805834502,0
115.62415799511697,3.8743572750917954,51.20280708267385,29.84344235325522,1,29.4913242823314,0
208.1735105991156,4.3792292718950065,73.47784193806902,47.536563553575604,4,14.221821897914912,0
239.59642719713858,3.3547737110404707,21.457986705419707,71.41954952390175,4,16.777145312173165,1
88.70019326896352,3.079862317978357,49.698528083305746,28.800051466971727,2,0.4357589843776688,0
198.56969115422314,14.593604108414853,73.20882024474658,13.606624496530324,0,1.105787084262867,0
246.57425077227458,6.469203081041135,47.253104804893,38.11508893497151,1,14.699778214904084,1
192.23735194576508,3.4369626215969284,8.10639853049726,55.932337098401476,6,15.925733553357972,0
73.85049802206275,7.510346260886191,99.20515509103926,9.833168199803971,4,1.9115445366511896,1
146.002487485395,6.2223158090984,35.45318953644886,23.464332567612065,4,13.347995508685063,0
214.07581494615405,13.38048477315086,29.753125058510534,15.999107549206014,0,2.5904301677312103,1
137.1461835374867,17.22447132681673,23.824267910770423,7.962286965752279,7,8.136085856693963,0
48.65376723476308,9.997420743044758,27.03412198550945,4.866631952907622,7,22.901016166424636,1
126.26334551295821,12.032782947156882,74.39943048640221,10.4932787425366,6,24.88615494821047,1
231.6981253591879,13.201654355995975,88.01604911169491,17.550688656982935,3,25.14988056173631,0
249.56928290097503,1.810122845704345,79.89783295730177,137.87422411315075,3,4.782426049896519,0
59.58011838715088,2.531890163775481,58.5258832859489,23.53187323825562,4,3.437695240156673,1
201.97402103566273,3.1934579244550143,71.82068554272256,63.24618198003376,6,2.0425791511598446,0
110.61594202873735,6.5199448968477185,58.551788207244215,16.965778665126184,0,28.820097374716607,0
224.98401193454728,7.703639001574764,15.773740807244707,29.20490068246402,0,12.984805229698143,0
287.6414705282192,12.892078830472633,73.39648573270998,22.311488652111667,0,5.905743903097735,0
111.01540633492424,16.522740222462467,31.508165464290492,6.718946424153066,3,11.696620925604645,0
53.070584183927615,16.225130092869357,6.811693293348675,3.270888053295249,7,28.02246156358267,1
162.4213661859931,9.583807922747704,37.992965123436285,16.94747719228355,0,24.928270309193817,0
176.97110447691475,11.460103110043438,25.998590019034808,15.442365812731676,4,9.679744130304359,0
78.4938542477856,3.3865212595705674,12.289339558990164,23.17831433243066,3,16.23853139011514,0
216.182569264219,16.009525862545647,60.135830054387526,13.503371125435953,3,28.766866967935993,0
148.41076132480188,17.960770159296004,42.24566986783492,8.263051083474197,1,19.19285539545699,0
192.58856871077518,12.093405713705597,25.261415535661712,15.925089529785007,7,22.250496364726175,0
273.1743329961591,2.9838334154336454,16.916358943464182,91.55146918832203,5,21.921722704008904,0
100.07588856271428,12.543618765686782,61.550980491345896,7.9782310377985235,4,7.58166055163233,1
23.564334999190017,0.31152533882819133,55.1660307808527,47.12866999838003,2,23.362660749937618,1
114.00909417532733,17.7218069366014,74.4438374515208,6.433265782839604,5,15.016606447693295,1
285.05241882953266,12.276588707199217,57.007753179131115,23.21918780763362,4,23.04510685568617,0
251.40934620265273,1.846639067324447,77.53508874972553,136.14427997936485,7,21.81667066505581,0
134.97829723346783,9.35882189813645,9.251338276186038,14.422573557078271,1,3.9345914990428854,0
18.267868127076593,4.60983874321558,96.47462379706295,3.9627998167966054,6,17.540291463892103,1
157.57494007325323,3.836550217437531,49.46755334379779,41.072038978418234,2,20.165612511395885,0
280.76981347938624,15.327772463709433,74.02186857109896,18.31771799484541,4,9.107103757920635,0
37.69988144460994,7.380691608246286,47.727898749564105,5.107906338003431,6,24.83247043088715,1
104.31042142498694,12.297818024691015,88.94017956500106,8.482026747798438,0,26.16463634384018,1
167.2812790883295,1.3516475725928423,32.61193735208893,123.76101765006445,7,2.953497270629618,0
284.9602711445123,1.821770210250604,68.52703946995288,156.4194372820011,6,13.707873644122492,0
204.94721233145322,12.002125928517211,28.429948396050232,17.075909180764043,0,15.030211542157154,0
211.90897860410197,12.404675721300517,32.20363570274544,17.082992201096026,5,18.06853955724498,0
253.03791827228457,2.405867061808571,62.76568581048695,105.17535332233506,5,22.66284903797724,1
76.34601922922816,11.901202946119792,30.82923527809289,6.414983390743675,4,6.693943986645021,1
177.07108488980552,1.2061092846303123,48.27786499796816,146.81180813899468,1,3.619152223522785,0
7.3508160710558546,4.07995645848634,94.44937603825355,1.8016898331760631,5,4.844632428701431,1
235.5300226826427,2.0769801987198955,49.73536135604466,113.40022539830031,3,24.557271906485152,0
204.0067740544396,16.625130645925555,53.469411724680725,12.270987723301715,6,2.980658316524911,0
116.97351932133846,11.717206631924157,92.38662420421467,9.98305509118853,1,15.26687857810399,1
167.99353807762387,1.5950482918526765,94.08596507969081,105.3219134089642,5,16.629538696876825,0
159.1709235104776,19.904047217316794,33.57671389966435,7.996912475770089,3,18.255978349802035,0
1.59074611549338,19.506252473567585,80.77292269841718,0.08155057552182095,6,7.335191629834442,1
103.74243220477481,7.965334573454399,73.3556754162148,13.024240381629555,6,28.072414725702163,0
288.12388321685637,2.0569148385767777,44.78750365236729,140.07574733439878,0,6.244316780124997,0
190.23668611745137,6.351085503673815,60.38695438287891,29.953412846891776,5,5.685781869920884,0
267.8328853414648,16.0731907700796,8.954420945167541,16.6633302107033,6,0.5211532387286555,0
299.66736542525126,12.120550520541027,90.20781431748559,24.723907129251003,6,5.1846985479475745,1
71.71028243578886,0.4887796991374871,18.1207655265191,143.4205648715777,5,20.90804029075949,0
261.14232742813783,7.812004748252126,50.48220194868968,33.42833700742007,6,27.056740295324797,0
45.864495908461,19.70933575809999,91.85683992828537,2.3270442226654935,0,2.4143414193734234,0
239.03115298790496,3.9951779890016215,80.7617660739697,59.82991337205426,7,22.868288714477664,0
142.7260800736181,18.90802645078873,70.6438491622441,7.548438777843176,2,28.10695881501957,0
19.15538828635829,11.719612596018168,16.955243816818744,1.6344728231773193,5,16.364447999345305,1
268.3803955454373,1.324051563539177,19.85307333296805,202.6963321791329,1,12.425876972920193,0
136.85633162466246,0.8164347590179521,41.94293974440818,167.6267823154418,5,14.628943262516227,0
116.2619206833746,3.3734844203272996,59.21336034010854,34.463452679024,7,15.496457150201174,0
192.93661955444784,5.320540481016058,47.433145517272436,36.26259780239524,2,14.155697452767239,0
49.180940316737754,18.64820522036732,67.04437449441352,2.6373015384356124,1,2.5184508989903707,1
129.42948370841665,15.473080968186036,29.240505065124633,8.364816546525843,0,9.579900055935429,0
130.16302002898055,10.838249881353155,37.23089277123408,12.009597624513313,7,26.605254396816388,0
68.40752472631684,18.55305041701852,48.65022165250598,3.6871308592773144,4,29.238693376006747,1
225.23102445564527,0.607956009892987,62.119459425588694,370.47256839403667,6,19.77222956980181,0
209.79054983678398,5.630737138495185,63.292236399775604,37.25809688442507,6,12.062932373724891,0
82.11574343336781,11.263356305028136,5.114759153711034,7.290521689055515,1,16.255505480696268,0
289.37504060711825,4.1372526983027536,29.62190458747512,69.94376744882662,2,6.198144012491466,0
191.8372329201709,11.394504313410787,88.07179779953181,16.835943683341068,3,28.687676932309163,0
249.51731964792592,2.202618270773362,31.06033629108047,113.28214378259824,5,18.627662049874036,0
85.43351205531175,17.243232674852386,93.40272958927336,4.954611102586837,4,24.28457697461421,1
44.9461733235426,3.921875341933019,93.56448790081154,11.460377856219539,1,13.125125114420031,0
265.2424549934114,3.4540804854939977,31.59689445838716,76.79104644704792,0,14.364944763744514,0
286.0289615515902,6.5518852035548765,90.0010677098953,43.6559788007883,1,18.98916090857126,0
231.0460160321642,4.210391217432328,41.41080636003364,54.87518952527782,1,0.01248085437358104,0
254.75806805916068,5.575129283690352,18.25212761576266,45.69545477706454,3,4.423063049982451,1
253.50081096067225,0.1469867327689789,1.033700015548844,507.0016219213445,5,28.39865894291511,1
179.8225638064643,16.333036630903003,40.66672663020169,11.009744719866124,2,10.326759518597278,0
101.56904137134109,2.7046980216209993,80.98315598168682,37.552821261158016,3,2.783267977128191,0
49.710612692522204,18.84552111182586,24.08652659520738,2.6377945400155594,2,1.789550154025915,1
256.9901515647807,19.440623475122802,84.77110162069287,13.219234038128366,7,5.084749765215553,0
141.5564747578048,11.918022882970389,64.42653830034675,11.877513254322933,3,18.07057687957107,0
236.6366578818672,9.380650331366274,10.103702625781786,25.226039722493475,1,16.088351293224957,0
287.34170929599156,18.29170846209168,92.21670714722589,15.7088502635764,0,18.650558563959297,0
65.43697192066334,18.641773097475493,36.85787881176347,3.5102332583119438,5,27.36746778304908,1
27.988870577955392,5.359408807149999,46.94897184459239,5.22238022608303,0,18.173368025624022,1
27.287109968072386,2.4299140869224845,78.41765695630123,11.229660387965337,5,6.012650733951821,1
13.57667336150097,9.927764359893509,40.18224439763226,1.3675458914343734,1,8.1566404488905,0
96.78033890246316,14.162865971655103,86.85421697758406,6.833386625006181,7,23.321115052013006,1
268.56229497031444,11.086346899188388,34.74414628065833,24.22459782401139,6,21.838088692986194,1
84.07501519554462,12.187117281275924,96.20976128285699,6.898679421483538,0,22.337288148025493,1
296.832133713187,0.31118925688788934,78.51588703195875,593.664267426374,5,10.125831016192864,0
267.08392583774486,17.488022632677204,99.49160698477525,15.272391364515151,7,2.074940278998707,0
96.24001949403115,12.421617209104994,47.89630254738132,7.747785000449668,0,27.391080293727008,1
64.3152318130928,9.95798913943956,45.70488546164505,6.458656553296109,5,3.850650273945766,1
151.00092793391553,3.0197316907009086,56.56674462696759,50.00474989182459,0,26.70350332292112,0
147.91796088134757,10.116117422677835,37.64550467397869,14.622009087177267,3,19.10099706099378,0
222.82006421347114,0.9348051685085967,32.40074732623901,238.35989756984534,4,11.325039954859326,1
269.822750563114,4.236951355163539,90.59021090855951,63.683230687622405,6,26.729011526011863,0
166.27001119301582,5.311919645473065,11.426563997430694,31.30130391462431,5,19.216263663864375,0
138.60811764126356,18.080465006363326,49.25845692311006,7.666181018711695,7,22.184906520025063,0
247.58199918551105,8.242018941686096,84.07512842958496,30.038999053169174,7,25.139103646702633,0
214.05713705210715,3.200880849789498,99.97892284618804,66.874447096706,1,7.7272507372135735,0
105.81846354723199,13.404738765026682,0.11697681478392008,7.894108598618509,7,0.40810852110485074,1
44.420887480067336,11.339411809529397,74.71043466619673,3.917389034476813,2,28.216846352627154,1
20.141531218459143,15.579983865303106,29.1687030712541,1.2927825466696845,2,23.118534859774606,1
188.4262486679622,0.2440326117248226,30.954246471797354,376.8524973359244,1,3.037932584112273,0
50.72630826337158,14.30639720491241,86.54379321086248,3.5457080868657562,0,25.306241625264143,1
155.23792098966183,17.934777352676413,36.52834484373446,8.655692676691949,0,15.337567088026011,0
240.17151193027763,17.31721647832526,25.678939575674075,13.868944367062882,5,22.079372745963873,0
127.8005366950222,7.029612838938338,7.699344186189572,18.180309445651286,1,9.745250734331897,0
30.912894001770052,13.210560188263178,25.162464731189736,2.340013864759072,1,15.397520199562596,0
262.0949059660422,11.725052757442754,23.498426894233283,22.353409523012274,6,7.407280754464524,0
15.91531689105894,8.328662844219682,32.90466335480507,1.9109090124958774,7,1.7135157154680314,1
65.27708668938405,17.816973046819186,90.77130944779987,3.6637585137413553,5,20.271322030847724,1
125.4504592638672,4.007396471949345,88.110172287069,31.304728679077634,3,17.62481661650665,1
138.61822843807218,14.073725109512154,11.709029717183906,9.849434130583015,7,5.940707237523224,0
203.3166013921471,9.736029937708071,41.822770064267885,20.882906348171034,4,18.376900541195308,0
215.10287708905432,8.282978972025699,80.565419787374,25.969265141868203,4,13.01845687948078,0
105.28491355451236,15.67384792477342,55.13743101748364,6.717234597389673,6,11.67867544763807,1
291.890570634362,2.7931107694047874,50.5530684074264,104.50375754219155,7,22.129367639298643,0
183.78280943601126,15.509205587814003,83.26503141508196,11.849917676016515,0,24.636034951386982,0
251.167378568721,3.7698606075010477,79.57214368634322,66.62511024120172,3,4.227133556405932,0
191.22255122064243,0.5748882408802003,32.72755955866001,332.625608984218,3,6.418522763569156,0
219.91514060913514,19.96967551425175,24.26367563912084,11.012454381253635,3,22.741366999024642,1
16.366989444451676,0.20614590723435633,22.49362466824698,32.73397888890335,0,18.165072792459597,1
10.24080803506343,3.6747271193104125,60.61563645775415,2.786821361849907,7,0.5778735638214494,1
160.38230471115378,10.933485618323623,90.83646863807039,14.668908919801956,7,5.492224048421617,0
135.09279071335422,1.533146823242113,26.55383016222669,88.11471195412085,4,21.716341056966904,0
189.18119159984332,7.724470778299777,71.83412152839288,24.491152472387725,4,3.596458675163018,0
191.16060288657945,2.27725611938961,33.25993807213745,83.94339189999307,2,5.088737343777128,0
239.05480844912032,10.457060657937658,38.72195377130282,22.860612199629976,5,12.633130316182493,0
67.60727507059207,6.343218531935209,7.923410451876533,10.658197369398565,5,17.677820844525478,0
98.8145498039492,15.034209893819831,92.10504899518868,6.572646683918473,2,26.62735551025742,1
189.00357274825237,11.718927342893595,50.07760105700638,16.128060804376,3,22.928761036696972,0
201.5272624683595,19.823216757658795,98.56538814841447,10.166224025699487,5,5.460562801336456,0
124.6207005288357,15.05864588213811,4.942690620923617,8.275691021903581,7,6.785050476709941,0
55.06125584790973,1.9868540106668053,19.38366310036691,27.712783904757398,1,3.395506492742669,1
25.999859997879405,9.178570583328106,72.81131720780913,2.832669832610469,0,12.41902011149399,1
178.5443317194369,16.8589569207632,20.82774142449907,10.590473216023511,2,18.278959644599436,0
225.00853883065284,0.26568851500460955,29.678857942464575,450.0170776613057,6,27.22341150438123,0
202.63825440403497,16.50810219349062,62.191514352724,12.275078747933735,2,20.666735549333385,0
232.090248759831,19.364507402812382,30.216753348703552,11.985342251779855,5,6.139882852839791,0
119.33176080959853,16.893742900746005,23.961308079935673,7.0636662053338695,7,3.8666065478586296,0
94.72310653852564,13.573824056329846,76.90491206319038,6.978365576674295,1,29.800464224973066,1
293.0201100813367,8.423582796667628,30.556638697399062,34.78568646553288,6,14.233458345931597,0
147.98850841280336,5.967103545786225,11.595932189373649,24.800727401036646,2,2.5739007747458666,1
135.83084310165026,3.5991604187663495,25.77910817824889,37.73959126506723,6,25.432704785162297,0
158.67956894222436,16.148104210780943,93.76772588883811,9.826513804405923,0,2.4240029891365875,0
204.83664226776264,1.193582131790214,74.77990368418779,171.615037467539,7,12.980940332900154,0
282.36038004708706,10.581863286129288,42.16518881786202,26.683427333370034,0,18.884503109526626,0
132.8850551695021,10.322012946180264,74.67618264083261,12.873947733099596,7,4.1759139688351805,1
203.6901466151582,7.08578302166819,76.9485050740981,28.746314414691728,3,11.897564851028573,0
170.73162720791973,11.363948968940928,75.95884759219268,15.023969895900649,5,7.378060893301911,0
276.1588346510231,9.297963832353206,19.230305890331522,29.701001168675283,0,18.734395760965178,0
226.83548113737558,11.261128637874691,98.30882018810091,20.14322795092288,2,24.126672554713167,0
31.528490520732543,4.5195818180819884,55.591931264301905,6.975975165355574,3,13.992158882551802,1
223.27338229576893,8.79324234632644,88.40291466252076,25.39147375928357,0,2.5608894595009035,1
112.59267289557556,7.501464651374777,47.028286761897974,15.00942524270123,0,23.142678021990974,0
226.69666180333547,8.201265476893791,56.565829715834546,27.641668525672,6,21.892288967883225,0
66.68513406459421,12.002167540583734,70.96459392962707,5.55609091767027,4,28.359806783740254,1
233.1091944311123,3.109351191431373,40.86217956250755,74.97036522394298,5,6.601173899083888,0
152.36564531478695,11.70134369209107,50.90746319003393,13.021209300754988,5,29.405204577606234,1
170.13862799561014,16.26527447796926,47.0107185955937,10.460237128248705,6,14.682420533833199,0
82.8803663419244,17.631800970676373,26.13082280654838,4.700618302110123,1,23.07637488395382,1
89.97291775527981,7.556447594444576,45.55168246522582,11.906774530061849,5,29.205770403186463,1
124.06598656680168,17.94087363358599,40.67749742470683,6.9152700755076655,1,29.363621917780602,0
299.4039678257296,5.693559075195951,67.7254436238435,52.586433875795905,2,13.532784585314642,0
215.24705067100524,12.57547675384075,12.835433731482448,17.116412751927307,4,23.085849122780008,0
160.2998030327894,11.893977036191444,87.5141236180554,13.47739301539116,4,10.825106951097249,0
148.14699372822173,11.46017073870906,15.58371018389424,12.927119246821087,2,3.1111524976894267,0
211.30012489276407,15.28489985584436,52.29074285879708,13.82410921141698,2,8.420911663166534,0
280.9180149282373,2.882937136583563,20.37421135930234,97.4416026501155,7,29.994386081557256,0
45.856970194544125,9.976963780589433,75.44415399874276,4.596285122710441,5,22.771852952254466,1
1.9408034968735555,7.843932721842517,63.92981260831105,0.24742735126591783,2,8.983498423010225,1
6.736241232397921,10.671396934561347,88.02492171844669,0.6312426830063198,1,5.542879586361722,1
208.0091852032627,1.1707340688367784,85.91915759888792,177.67415396900262,3,22.86823076240606,0
241.29790728605255,1.3429826615344087,68.37115546182702,179.67313666608362,0,24.420658168857692,0
2.745054066787078,5.555544399444288,47.50440870931703,0.4941107242454334,4,24.237069850906735,1
3.892799666431024,11.126882802404754,54.0238621586718,0.349855367002671,0,17.30068048166072,1
196.23987784337743,2.1341544726742323,81.48536576653616,91.95204956156537,6,14.175380766709873,1
93.93883994002704,12.5240769994853,1.3854772593905995,7.500659724775536,0,25.918715527586677,0
34.99652725308201,13.230187776072842,42.25832863730095,2.6452026112867566,2,27.47515014946198,0
77.28199053215901,8.172778323412818,13.276184536229218,9.456024313147813,5,1.3629240068231852,1
224.77758023138279,10.507737506856634,3.7531796363414083,21.39162498917662,4,18.16148027309977,0
74.39382985181085,18.397457851333915,10.61551678427939,4.043701605568125,3,8.762277588202245,1
197.58771239987917,2.9585383486117167,82.61735987094495,66.78558433849487,7,14.740307532241111,0
163.12740565683944,8.682431975369427,52.456774969417594,18.788215804005603,0,0.8391112287433333,0
112.07117359298768,3.4689300098349785,92.77771592631797,32.307130231872,4,10.786757969765667,0
156.3339464645584,12.953360333144591,84.39415139278914,12.068987694609,7,19.43256664401923,0
202.59108656408927,17.75782420752783,29.890988897090377,11.408553446441239,5,29.515504952011185,0
283.162678714508,6.580347305917742,25.367199252939265,43.03157045523391,0,1.5129130894426857,0
28.972857660789142,12.811685181705714,22.708059982128614,2.2614400252482456,5,27.503291663203726,1
203.05920857003954,5.205721172882509,10.166715393326886,39.00693137923131,6,18.11927740244541,0
49.68573449948479,16.95561207489756,1.9264066440996097,2.930341545914672,4,27.761742246926527,1
245.16723193198712,11.217750541253174,28.68940700258107,21.85529362864568,4,23.69906245722511,0
59.25927966088661,19.140453198198045,27.62264671284975,3.0960228081989984,1,17.965614159074825,1
23.09467760412336,9.548408517791954,34.809404205044146,2.41869391753506,0,8.994081473979259,1
267.54172494882215,0.7044512058619645,16.07617782523125,379.787446912606,5,3.4044425915462173,0
279.4717431546122,17.607188042795187,90.82965574294948,15.872593765417943,2,6.3228866545264495,0
237.545548764773,15.926809638059547,83.34180920003222,14.914823129242507,2,2.2114728810599726,1
92.87991121936192,10.716228413525968,9.47256608157343,8.667220185613939,7,20.24418101607888,0
169.79061325974357,6.579844688186192,90.09809065798906,25.804653651566394,5,9.3240743541459,0
2.781433990772386,7.21884044588961,71.47025446984911,0.3853020456153908,5,13.42785641489707,1
134.34040471768773,9.89617142295864,84.11963672079717,13.574987636736413,6,24.97890362294942,0
103.94871086335552,16.05654278559846,73.93385458246131,6.473916100830241,5,15.772831532907635,1
269.73056906493053,17.330446584950042,50.619281168553684,15.563971057685706,1,26.486222434680165,0
164.97377965562367,3.423636071142926,96.48003778701245,48.18671617761926,5,21.899956148002982,0
30.31435288619405,8.45064965253246,45.36284260048091,3.587221590367263,4,3.281447578161468,1
176.50972521879436,0.6082370911138457,64.90102983928553,290.1988842797429,6,27.054970825952957,0
175.062720967725,18.474680783251976,30.86600889893757,9.47581844696479,3,17.266622167230246,0
1.494471107860318,12.99674296109499,8.737053038133746,0.11498812528138258,7,1.7863821411172032,1
156.91394756726848,16.46102270699291,67.7167437276224,9.532454353556592,0,9.64046451652526,0
243.58421316681927,9.443050656639736,11.377639476699441,25.79507640314804,0,23.98370879971717,0
29.80084505179522,0.3470159624554503,26.94852801035781,59.60169010359044,1,10.8551288982708,1
30.014539717065425,7.694891747754298,42.71077352321294,3.9005798523189057,3,14.184934651199306,1
214.9466178734926,9.616640360535445,60.077032033440695,22.351529205104285,2,7.646130789379364,0
264.695736450581,4.036195132798312,66.28100599199578,65.58051029288723,6,12.685303520592212,1
70.39116544012106,14.67390233335977,56.461826953616956,4.79703107196599,0,1.6395766865665795,1
47.27286860238462,5.908217798001816,24.81824343159892,8.001206153634435,0,13.772325644519928,1
164.5161878858139,6.955737172177936,19.91384074098218,23.6518695018923,3,13.643457970803702,0
43.001051518087564,19.52686187031674,97.85225693733433,2.2021485993842416,7,10.568767843622023,1
6.240109215631417,17.642460278793017,59.39546213390392,0.3536983570898154,3,22.415385168741782,1
213.90115861289573,19.87664275796128,26.616432615944586,10.761432965193325,5,5.256785414665829,1
180.28151601730767,10.444303478710786,21.466852011563688,17.261229184386078,1,18.942082258975514,0
295.57451650123164,19.604265305385255,23.139305879358595,15.077051442475526,6,7.55035201769236,0
150.19189668678294,3.062802591749245,20.90722596595167,49.03740681537183,7,24.74718156768088,0
271.7496599013779,10.94407812357369,19.430251039733104,24.830749272158936,2,24.046224649252686,0
39.91905007190345,12.329673837855745,75.87321276998881,3.2376403947799623,0,6.305584492735516,1
232.49057120083987,5.936092905692069,37.48958050814625,39.16558835827967,3,25.303411745168997,0
43.95970309857727,4.316156007676415,36.67521883019109,10.184919873237574,4,3.1753773566556,1
89.15962096724063,2.6715706300987474,65.11779667315156,33.37348448240168,7,18.137579519144516,0
241.99311079921296,15.748193178690963,43.61966491013989,15.3664047712252,5,13.548985349930632,0
107.44698306188224,7.168275051553898,80.9063102841637,14.98923831593076,1,5.661696909951454,0
94.58028656851526,1.1798149905364141,56.397553221994855,80.16535416753217,0,12.500461518993971,0
15.773160431192046,3.2038848869276126,48.61962216779101,4.923135814132769,4,20.702856281711167,1
109.6964336556696,1.095396621141469,47.14830881096527,100.14311851844069,3,3.610292118069939,0
169.10831740211566,15.036587196896754,43.05626767016042,11.24645607329143,0,14.059783300437726,0
17.73345670817834,3.0660245490089033,74.80198877121737,5.783859987001965,7,29.25454319957643,1
244.73269881568393,15.11782063898665,17.061708982925815,16.18835840561265,1,14.830868473089732,0
4.542049259882752,12.432301202971825,23.996751697709527,0.3653426011587475,0,16.70992012277063,1
192.431646503764,16.398384395288012,9.47326298575505,11.734793005526702,7,8.32304840286228,0
122.30204503160095,10.235664221862153,54.348886458042514,11.948618319305398,4,12.092036772316629,0
164.30711929140386,15.696702371573213,48.012310616951616,10.467620230155136,0,6.018855357459964,0
250.15280075406542,2.251549635972534,57.517799692323536,111.10250325261626,7,16.215018372947327,0
254.458308608821,19.009142590106613,92.11911921301709,13.386101314283101,5,1.2667635779513686,0
85.93489811158699,10.306485332615349,4.89689419056104,8.337944055442648,3,19.422836224312174,0
72.27244033016838,9.942835860427227,18.55616879198969,7.268795476933776,4,23.608769643784385,0
250.0161146399154,0.14177431176197297,51.564551683908036,500.0322292798308,2,10.495776739072177,1
54.78558240052447,8.185157457354697,37.278467078162144,6.69328387217492,4,10.020774055499546,1
166.95895399779067,15.147438333192655,80.35842713488346,11.022256722572866,6,25.81962476318317,0
92.39695510239507,16.985837955766453,39.846276544987525,5.43964656574553,3,13.706714129741744,1
259.9279238057247,14.400638506896248,25.852409672675,18.049749924716817,5,29.61155295336527,0
185.8820193162711,4.9445048246181305,10.582206586180376,37.59365718297726,1,20.808068688618768,0
14.241152119347323,16.138686067276428,15.966696215189913,0.8824232691546906,6,13.73463500405618,1
70.64115208996274,9.41053116091263,31.670393955801966,7.506606256549709,7,3.0721607404041884,1
120.10470365295006,15.082385589587805,82.3833049179313,7.963243144762517,2,4.517563932372575,0
89.88966221133978,5.867207031282975,52.76212607339163,15.320690361199633,4,7.1641209979955605,1
129.6545707983874,1.88200398594647,20.151796771336773,68.89176206137705,6,20.949855009069964,1
200.9769970337351,14.983648230505398,79.00091254372134,13.413088317474212,6,25.97092464521162,1
257.94206029753525,18.1710188330702,63.07155495844189,14.195244783308224,7,6.564183038368505,0
7.293242016485502,12.567698170836955,62.14882261108503,0.5803164523324802,7,16.30744632380247,1
143.96276364442807,14.12896584459401,42.79256045763184,10.18919326636427,6,16.991241797148096,0
134.03783335982297,15.473349981258465,37.41115976715067,8.662496067249267,4,25.14065926148607,0
267.5844785162408,3.4471272943930598,85.50492948579634,77.62535458190985,2,2.388077553383509,0
244.7414840911502,8.076752612093669,3.9345321355652496,30.30196612988842,2,6.843347076759612,0
82.39102681610649,18.45846811396288,87.0843708984689,4.463589627666985,4,7.481151220003791,1
17.162079221768966,4.6951145039995605,94.65529155216981,3.655305787995021,7,12.575267961881679,0
183.26086430655525,6.504051093360566,98.7682909929473,28.176418308526316,1,7.457370226512778,0
58.9252902480484,5.8170716092259696,79.08401633092676,10.12971718529164,6,13.780089316574145,1
81.41704885551417,9.122372171246527,84.72851947680276,8.924986541564104,4,10.853085290233789,1
198.47256150726037,3.0811672069529794,14.067175714927005,64.4147325271365,1,8.999100369724706,1
90.45242923338265,2.374002124315009,58.2411048690899,38.10124191000109,5,3.241539293664145,0
290.32267040432555,10.91330184952515,55.08065770300878,26.602642757192484,3,18.148683052297788,0
85.28065512671185,16.90846791910251,57.22321980349292,5.043665430524618,4,24.470330642135718,0
63.634658849299996,16.65528148909287,57.484882749922875,3.8206894846522257,5,8.75184613847657,1
218.50743173139796,16.277918112195064,8.022210293826449,13.423549020540712,4,3.8327509632937575,0
16.763286047413896,12.93929520382818,6.773338162621567,1.2955331633870104,7,5.755775184898821,1
90.99555691261513,7.6747713446720045,42.030145326562895,11.85645185061914,6,17.077751115999888,1
73.9778338462919,14.851938965128985,16.706093236773288,4.981021940635845,6,16.987290011249755,1
168.31661777273902,10.157989676885109,20.11127737303886,16.569874859761857,6,7.706552945788301,0
256.03284912808545,19.223932032939505,92.36248011826115,13.318443317911369,1,6.139360973593257,0
37.376055020749774,1.7553252976680933,29.888150700122353,21.292950697174447,5,14.80106643977936,1
3.6950118816547195,1.5427650770422852,8.087868758110972,2.3950580270708604,0,6.382298764891949,1
239.9597951936682,15.10812695379296,11.071176467927057,15.88282888590801,5,27.073820804814254,0
235.64960726072468,7.3721359374236,52.632020997424576,31.964902609090935,6,3.1568462695037693,0
269.34785901075173,4.52648835413719,80.25497394540405,59.504816523954815,4,23.14805345608442,0
150.62235410577694,7.485114724393207,26.151526109868573,20.122918572632482,1,4.844183748640876,0
292.9631064559139,18.799135058538138,17.090139408754577,15.583860935285783,2,23.66887116659773,0
61.93958027459951,19.754100581976807,48.01054221847701,3.1355302671239698,2,8.617791194094577,1
145.43215665629634,8.06333428176208,88.83024818428143,18.03623061805086,4,0.005192309299414388,1
221.61165781664278,0.11278949274865724,28.242368971922026,443.22331563328555,2,0.17685257291496392,1
72.3094595276232,9.976666571564419,56.94905551086963,7.2478576896335545,7,8.34053783058237,1
130.5590228771628,10.54549450857133,36.14014404309769,12.380550079566682,2,6.755828437870263,0
152.29468819370175,14.530215157249732,84.32702240991378,10.481241092821366,5,19.101649269719676,0
186.25332789600407,4.249935736361177,31.40371616092744,43.82497511726504,5,11.636838611983226,0
190.71025779551158,17.82785782564338,64.55897995674668,10.697317628436334,0,21.365320106276616,0
297.2216335009108,19.426819344740604,7.958414973150862,15.299552038166103,2,28.914935411300185,0
251.30943397838143,15.226689429939732,90.24116419860833,16.504535351212986,0,4.998493024002243,0
66.59891687809832,11.7572538899831,88.10957045867914,5.664495935980341,5,16.212664011979356,1
43.80549585996596,5.108445425487698,65.07360920298451,8.575112820312432,2,14.712417065663463,1
107.11761303697556,17.411452230368628,99.18368922171298,6.1521354807006645,7,27.409284182594373,1
266.32309746460163,17.35528718305448,57.05945138123683,15.345358141041695,6,22.717883901540276,0
295.7191887257009,13.460642075620582,2.900291372427599,21.969174060522462,1,13.762835786129804,0
11.899627699498428,13.230664270346056,59.77937722762021,0.8993976006306134,3,13.186920872317673,1
86.99835065412476,15.186444949164565,25.164626611453844,5.728684425179489,7,1.2779818869668425,1
85.54138215700841,18.45890577140261,74.99357094834109,4.6341523823981525,3,16.456400230382073,0
178.6485114849215,1.4880737804094712,93.00836365846293,120.05353083753887,0,22.21019260488017,0
129.52035548613546,1.7863071361877925,43.90741019051635,72.50732691050456,4,19.72461941479755,0
103.26471197074291,13.08421904399279,21.749148185311796,7.892309936385058,1,15.051311935412748,0
246.43761810848613,8.623014706536893,76.3073220649424,28.579055758964195,6,29.255395444430256,0
146.44884755370927,0.9131126059342609,71.97171717929746,160.38421395340234,6,0.8157373184323957,0
87.87995833433592,8.623342110408727,54.61580242152255,10.190939569504174,6,23.33572267780766,1
286.49968269880304,19.677020694057525,74.1885969639381,14.56011492559573,0,6.973301720479449,0
184.3502754407181,8.068525380208298,34.62053470867099,22.84807529922635,0,26.93767679622026,0
118.0770687401092,19.76129317095365,78.66957998854497,5.9751691206963145,0,11.72182976114678,1
59.73549122106181,4.800470658214888,56.197380422814426,12.44367385494554,7,18.3847272000961,0
251.21587245172358,12.179105562904411,29.698985669939603,20.626791610780234,5,14.716477881079836,0
279.8382309306714,0.9892945174239731,99.40435331519876,282.8664528125992,3,21.116076623973854,1
166.2841227150301,19.122915702785157,7.547398643642278,8.695542316845106,7,14.507005936079455,0
249.8766147688629,8.030785447240827,64.57668083393744,31.1148413079214,4,0.9015290834467182,0
114.31444106515379,13.915561090247074,27.481888502942986,8.21486394431287,0,29.859225351840195,0
280.9720326253009,5.5732943001341155,24.54179287479825,50.413995295123684,1,7.2710176307953125,0
130.99069896428915,18.886684501632807,44.54573885893801,6.935611115490633,1,14.680510273321751,0
99.89837201528965,5.755053981293763,16.359717087029036,17.358372717267205,1,17.083235088498036,0
113.77879573675956,9.596613708764767,75.91932503355268,11.856140008307644,5,4.236538558030405,0
206.91791033830137,3.079294596262676,76.21720160404921,67.19652955239702,5,20.855361413345257,0
39.370246920446284,17.720433728101618,76.97693655437418,2.2217428492177205,0,22.167796875253888,1
22.635315081708164,9.009527603062423,38.77156415483049,2.5123753518457734,4,9.071965799533807,1
101.06916739290702,11.07264719955092,97.28842694271151,9.127823326386318,7,7.577283097362128,1
230.29249856855344,14.786639442605571,1.842905450559007,15.57436356397511,3,22.369393022370765,1
18.474065904734893,18.56001843225925,10.539835543283893,0.9953689416937775,1,7.438144754328327,1
177.91857650891356,5.127753040518536,25.305488273478883,34.697181222074185,6,3.2184027077961384,0
78.54224862278765,4.323917408922034,65.77646428992551,18.164604268509486,2,4.263604254731335,1
106.0337285789155,3.2450566348833254,71.14699538386475,32.675463176539566,5,0.061486379501524135,0
249.63436160915407,11.2922298981745,12.324608197102215,22.10673745222898,1,22.569821405372437,1
142.72134580635222,14.229152408709949,55.493899687213165,10.030207120347495,5,14.107489888845784,0
239.02447405322772,11.408408145535642,92.96915652839914,20.95160613154984,2,25.765999048548803,1
63.917332274387576,16.950874111070895,88.00021926166177,3.7707396005402525,7,15.328520670839595,1
156.73315385947865,17.541225913332763,50.300966363399226,8.935131138146318,7,25.0222771568624,0
274.032645409035,18.663506675204097,72.59750237060081,14.682805872334187,6,23.42489310943669,0
31.340533992349652,16.263946217269083,81.80354591246126,1.9269944436407582,3,4.763503434860221,1
94.80747624029989,6.703929411786915,22.297775107299266,14.142075552527215,2,1.5031300000709724,1
189.09237904433525,14.010608287701988,71.72889291842213,13.496371832071972,6,24.050574386578056,0
273.2689780586318,17.55720235041818,0.6469687545615721,15.564494422548078,1,6.968320626899562,0
44.20741488622355,3.684264115232301,27.158409058160405,11.998980937184028,4,1.1613843179618766,1
137.43674342143157,17.546254555152377,38.6699181265038,7.832825118855574,2,18.62008148069528,0
241.0508419525511,6.976025353978466,7.474030194560022,34.55418088683959,3,18.879467833230315,1
27.219234565702454,8.312755410548515,37.01619890232863,3.2743937745554814,4,24.841909894377384,1
118.11057165358935,18.70223337609062,39.02809000520154,6.315319100048484,5,22.905086520466796,1
28.21732070279882,10.467823481428564,67.62306979243542,2.6956244297451555,3,4.725714876824883,1
233.6525035095327,18.81012006743039,51.82376828924451,12.421638068865951,4,7.144231530233118,0
266.1357321138517,15.23446928898996,54.84952243058664,17.469314294144105,2,29.881890582370186,0
150.77283615885705,11.285940059733658,6.351023841597215,13.359351136090936,2,9.39841181546461,0
198.44153191113995,17.910003616939907,52.9815005469683,11.079926959001115,6,20.994478733914576,0
103.55537344670188,9.418021133988494,80.94292377488085,10.995449253451248,7,8.020181321065088,0
249.52218526769803,17.049018924533264,22.435807525280715,14.635574420569128,5,14.735517630579976,0
69.6404744723454,14.543301556014441,23.54980418678717,4.788491403009195,2,27.940047062087103,1
146.2188176503774,10.087731810327556,61.60173857570892,14.494716988875775,3,4.14833330174023,0
288.9807493363396,13.488793824047562,35.499348237407055,21.423765023463424,7,10.115906944408685,0
155.4852176699511,19.582177247936396,50.82423299385774,7.940139428895038,0,29.20034322673337,0
117.59292473278697,5.151299734172985,15.737174241593987,22.827816434887747,1,11.014378696343956,0
297.0519007614695,16.478184765224068,38.94890035953051,18.02697960933018,7,10.694341641191341,0
141.67230521893043,18.80176760613593,15.775712787583862,7.535052458189936,4,0.7170748948483174,0
40.25829945970132,8.543709945958096,25.15556793857171,4.712039584015482,3,10.190079453665007,1
72.90314211495253,5.718886430076675,12.88839489080329,12.747786305309631,5,6.886012015882117,0
66.55598075009337,17.539157443467076,13.163897488882625,3.794707982103434,6,24.94171025520242,0
292.54082370313887,2.658775803092246,20.709619543173275,110.02839102225319,3,25.618125347182946,0
90.58982821066702,16.313202699990143,14.194840283190302,5.553160214868277,3,24.29753091478731,0
113.41428991624164,19.307633008239296,1.3913741725860795,5.87406492902799,5,2.8897047949554286,0
281.64795286996485,8.9231722648775,85.02463439272596,31.56365746502053,4,16.550513207851967,0
187.54735429983026,0.9810682834217088,89.71864766805855,191.16646360813365,6,17.09980021243719,0
94.46791046344524,8.51521690705904,41.251590982400025,11.094011050397574,3,7.172258884569791,1
52.22598095791368,19.52352788208198,61.05489481100632,2.6750278573292525,3,28.255105521166872,1
35.754758703092136,18.313903625186345,18.037440776965685,1.9523286479415625,5,19.396775851278313,1
212.08453479160997,19.232959840179014,2.306937315078472,11.027139689053495,5,22.78647746968825,0
59.986110408487846,1.6557419042837207,3.9618123008953177,36.22914311300108,7,28.547913477144817,0
265.67330146470954,9.17292151988203,35.92534529669763,28.96277929434703,6,27.919323136887076,0
13.40016795020107,11.302045214048515,67.4135913968323,1.1856409788154603,3,9.17463148388314,1
173.14732205165527,9.436779463859967,96.43041071939814,18.348136958668743,7,2.2434663166538504,0
236.81266222187256,2.1070634725519577,0.8905574228928015,112.38990438909667,0,13.069521763748735,0
73.46691814980589,18.962823529193376,52.79432685063974,3.87426049906034,1,4.508243461577608,1
204.98314072719495,14.809996087281366,88.65954132571076,13.84086393535457,2,28.171812281118772,0
283.12865405026935,12.934086655600847,3.822482226575019,21.890115752987178,4,9.416638241163445,0
182.31225259175275,18.10901464834555,1.5216741838426362,10.067486063268987,5,5.614938237491004,0
159.23266026790859,7.6538431372560005,55.056039480575826,20.804275370215585,4,15.953255404239673,0
102.23224611131307,3.159455579368291,7.987571261643611,32.357551338561194,0,17.32475713466026,0
68.12502139874466,16.77780390820128,68.54199717582581,4.060425415119077,4,16.43892601383167,1
180.68055151067455,8.661031788178569,75.63286865776236,20.86131952053163,1,15.419410010792012,0
122.59464474794967,2.0118429367942214,65.32849479544804,60.93648888083608,4,9.361020684848265,0
173.6909624695767,0.07694182759795165,50.14370882017004,347.3819249391534,0,19.91932428174661,0
34.53132637126388,5.686935257889858,34.05470808109094,6.072044924963109,3,17.5138056376054,1
117.48875049929795,10.65468161877096,39.28786213378066,11.026960232421334,0,19.94506325702997,0
160.20001477720515,14.285377495915842,7.419021976005213,11.214265413917552,2,29.807315557649463,0
250.02808916714997,19.959908498482644,22.195670251629597,12.526514797708474,2,24.063250467609706,0
41.04794232790493,15.596511038921397,75.65195260304975,2.631866974957988,6,25.620941870481698,1
93.21477364979651,19.27355935462622,40.37009322821464,4.836406806583042,2,2.650514410210323,1
49.18153151761414,15.033100293588076,55.45125390069695,3.27154948461237,0,22.114068677382004,1
181.99947618119305,11.14489023009204,91.63985680699153,16.330306752576245,7,22.33486612127305,0
75.41470722840512,12.26995456299553,13.879880552193491,6.146290668088157,0,5.866911760453258,0
29.470347313761934,10.803885047166094,11.945090650851952,2.7277546165202984,5,28.87073135787485,1
280.2462936534863,13.54048137847666,39.050150507805384,20.696922496341468,6,1.417454657267142,1
29.52028205207594,14.52388274967117,7.916641474740893,2.0325337625535638,5,13.588070154983086,1
34.65809283883069,18.240487509735065,66.18525297300505,1.900063954997554,5,13.915075841760451,1
23.684429189462854,12.0927822506696,70.15136798793596,1.9585591387086625,7,15.66962482574925,1
25.759893542253575,13.180582561475216,56.05734162188014,1.9543820177983422,1,22.384234819109505,1
180.98984886039975,17.17835725487822,18.923718333352845,10.535922974183295,2,28.912643588348047,0
20.65684339043209,0.32924615164970916,92.90716014447172,41.31368678086418,2,18.941533125192297,0
267.34926130009717,10.708507898757457,94.87834660414194,24.96606098886275,6,25.510333495850436,0
277.09267152887594,3.578827844840937,36.66272789869831,77.42553806501734,3,28.917097717817644,0
149.17562308820666,13.794872930116409,71.26969164853168,10.813845393423847,7,19.677728937072235,1
36.0388386101104,10.645685926838983,53.715510939494514,3.3852998160740775,3,11.14625817014138,1
105.80177554249144,15.23722858856422,56.237873077657675,6.943636431489736,5,2.0774778088600088,1
29.959082255802592,4.981023499854604,11.633235126521802,6.01464382905985,7,6.474367619667131,1
60.92612973936611,14.483453849217325,20.57772268456771,4.206602263082332,0,7.933221280879169,1
99.90556414170797,6.030465716753477,51.947639696384606,16.56680741325771,4,4.452605247774558,1
278.83701728439144,14.563922932714853,67.40146059832261,19.145735566757327,1,27.475605883272188,0
236.0639174083588,1.637396872344854,10.568844751113337,144.17025059434772,5,4.768474569666602,0
160.31343231657496,2.6419976628930453,0.8544461909399281,60.67886984465696,0,3.6667483447523654,0
6.154301999272905,13.899449267500007,76.06799174222388,0.4427730826474562,4,17.647429332105887,1
98.65597545268253,6.569372666591786,66.4049992601239,15.017564151047866,1,11.217865197253522,1
35.167186309788804,19.280187563384747,5.9999451006575555,1.8240064415439226,7,12.022197892800769,1
122.80036952924297,12.211028144797035,4.088788838092439,10.056513511646163,1,18.309626288262518,0
76.75729699547753,2.7767037302322417,4.475310857120296,27.643315402993174,7,15.231503521029342,0
282.974996826444,5.556650604021181,41.46519925431472,50.9254615760191,1,1.8603803316489897,0
249.6044591182437,5.113692780450747,11.436770911254657,48.81100015872332,1,28.443627647695354,1
114.39713974317364,2.2258988528788493,15.401465355134103,51.39368286893134,0,29.209369022657718,0
67.46557276775093,16.84871218919656,42.114450465365664,4.004197591493671,0,5.1290627180428405,1
176.22295978652923,17.636407258486035,46.03478510500656,9.99199877864789,2,22.602110436074042,0
59.56856206720563,6.171166834949487,31.928187713683876,9.652722679582721,7,16.225165850124807,1
4.119083756658148,2.3009379309648614,51.64294772063348,1.7901759544338847,4,1.2275620071343885,1
64.57482205186022,11.468099578412073,84.20933377064382,5.630821533274614,2,26.83638956994553,1
161.34275358661077,11.634137167971552,86.08178793348476,13.86804635850287,5,21.415940098417767,0
209.40656843555143,16.476688583518943,32.87166851382399,12.709262991412821,6,0.45675882546462043,0
118.68902330373615,9.702196174061266,39.72956721115564,12.233212066052651,6,28.338131770626102,0
212.77022751266736,1.787446878097807,96.74985110980445,119.03583268393211,0,20.970053183525543,0
140.79682238388514,6.888642677965042,83.3193444725938,20.43897890570768,5,8.36965155230028,0
28.111606068613604,8.702497292825733,32.84170165994092,3.2302918487304306,3,1.7679106964341695,1
185.26065570539765,13.686578190765633,30.552968998441767,13.535936676297473,1,10.06938275634472,0
34.53035335130797,18.118189584089134,63.08272204170373,1.9058390569900827,4,0.9916919644112443,1
8.771265833810372,14.363048572849307,88.29624637873643,0.6106827383701,6,6.6191438272144785,1
120.64179594228082,17.294675367408114,71.8909312284715,6.975661200882138,5,14.269580812835464,0
25.851745549366566,2.4642257312007954,60.22839285296718,10.490818767958096,7,29.674056176223196,1
232.72575585853002,11.385521801443225,6.992213818870264,20.440499778326345,4,29.316727838911337,0
18.404424662549722,13.854089709629957,30.735286832533426,1.3284470541400375,5,24.689427392912517,1
116.5996661190422,8.453306291158375,48.21351448324035,13.79338002232311,3,10.12120132618601,0
162.16596809914356,15.680188681403857,87.90251438571455,10.342092904243339,0,19.56069040777583,0
152.6682792609221,8.99054062303309,94.24774739286784,16.98098987170999,5,22.641663165614737,0
206.7200088883993,1.1050529249186591,42.25016931867124,187.0679713404818,1,10.188857960363407,0
16.53973040051501,14.218775650941753,24.17126924040994,1.1632316879139684,6,11.926829441860354,1
88.30211586178481,3.2459569584851256,59.320153760516334,27.2037235832588,3,16.124480533729177,0
187.32849970806603,18.240096581960465,32.20502507184623,10.270148453782571,7,23.647879603551758,0
265.38868458507847,15.189573072780693,7.713006501822184,17.47176719934597,6,16.744864098765852,0
262.9529317482637,16.125805683977465,36.86478036477917,16.306343813229294,7,9.846329795394245,0
266.68738066178366,5.121074277155653,21.355314737917286,52.07645236692547,1,1.8661313493686527,0
16.055235613605955,18.209290613018755,99.63426444477975,0.881705715769468,0,6.440688364190345,1
223.5980791638594,2.813442030629152,78.41854136031773,79.47491959301455,5,17.02419148348583,0
67.70628002133952,5.273198478374783,43.237905158130594,12.839698770869482,4,16.2874838663027,0
260.1469268683725,5.863946482602782,51.74166625580134,44.36379623180039,1,5.395203265031655,0
26.553945700803727,16.833183262020878,87.43545740587332,1.577476184241093,3,3.315776131652135,1
157.64887038630087,6.542419110647762,84.49769965305151,24.09641872831533,7,27.211259490532658,0
135.97121644155396,18.87446984265953,62.17541140563232,7.203975400370492,0,7.727442343004384,1
214.42402383605366,2.8045317489038024,30.070209851079944,76.45626544248067,0,4.881032939536947,0
82.40970794109172,12.154215173807861,70.26445904497078,6.780339722690061,3,5.937344550994215,1
186.18710024234608,1.4486443557160555,27.219694883850575,128.5250582778925,3,21.26941534902241,0
207.9241022815835,19.821343843386444,78.89763307191089,10.489909459441575,3,18.03341198486794,0
80.05367741838675,10.26195930036561,96.17696687876756,7.801012952325256,6,21.365106804331294,1
294.46634993419207,12.366046414141469,40.87889380614128,23.812489462877036,0,9.22315021600127,0
53.110864521547064,17.482441155676224,87.90231057886056,3.0379547140247602,0,26.990426592701375,0
146.6791260329785,11.00255614890601,40.4351766262384,13.331368097363711,7,28.688111493448815,0
197.74744894637274,14.378049474276903,16.006129322970853,13.753426659169136,7,12.206193590704551,0
6.91078915586113,8.653031796560297,78.96183616689562,0.7986552364927477,6,13.927254164208815,0
4.423669972164546,14.99841241203624,87.63968899992027,0.2949425479602459,1,20.36994080075714,1
215.2828819326573,15.328777063000558,1.005344122772811,14.044361206889153,0,4.756288921700543,0
230.27571936816918,13.018576491365355,52.9688004264757,17.688241070051003,0,16.494915279056414,0
158.2888165506309,2.747761080096829,78.23336488075041,57.606470117501246,7,22.169889878482607,0
20.285140208833642,17.66798966998625,45.64830375232256,1.148129503567308,3,23.467312247659965,1
8.991740686030825,5.653239661474576,51.72185037492807,1.590546522785387,6,14.633577866188281,1
206.92211035533637,17.710988510451088,45.119326891030155,11.683261509273386,6,19.34234729801911,0
166.89688658670138,3.087945858695853,53.4895029317476,54.047866842195134,7,2.2296985570451833,0
132.56030579834018,5.594481010558459,35.476387792013334,23.69483523997297,5,2.0492671466919354,1
169.3109311198732,13.076631099947402,27.71510095351988,12.947595586798668,4,23.89763857506705,1
40.769635705712574,7.291126588493915,11.08118810555977,5.591678489035001,3,12.430020395851308,1
195.61043157540217,7.06963375013374,48.26347362389776,27.669104014292355,3,5.5022544977423005,0
138.82051615935887,1.1440718482246992,49.82624703942099,121.33898441323599,1,27.503640394667094,1
203.5753668186756,6.98410558417728,3.3345827129631744,29.148380471206256,6,5.907647225098468,0
237.91037720328146,7.178890363828126,74.34945875595352,33.14027170578161,7,0.10823027435978516,1
230.61997683010463,10.349561945126576,44.84951677985192,22.283066476905283,7,13.40764871132432,0
278.9993327851936,13.974789046019051,2.9068316138765926,19.96447544692427,7,19.135714685770168,0
160.23948537825635,0.2615944043233198,45.43631841496272,320.4789707565127,0,13.69744153966894,0
264.7382987818683,15.17023792064579,80.78456478933445,17.45116326894091,4,23.003544380993112,0
115.23183204211858,14.386418609292086,78.69998168876138,8.00976498540722,4,26.435513523042204,1
282.98659492629787,14.021737159020546,58.888622417951616,20.181992553201248,7,28.827805951400123,1
134.10746762601485,2.453406112703491,84.49578016927359,54.66174838793293,7,16.034850854451467,1
31.092093109626127,12.409235412941237,25.051629441821955,2.505560743670079,6,10.15165704435992,0
282.384724182385,15.63562525652738,24.787994656616853,18.060341019269334,2,27.907530259440648,0
296.65768118028217,0.15286463133998174,84.98266821431554,593.3153623605643,7,10.452424371672041,0
213.6572779551748,6.892472724105245,87.96871557085304,30.99863960403427,3,17.785334860509636,0
225.6866449532873,18.369244493927297,48.118078948716445,12.286114708087053,0,23.552673348493485,1
19.327682273209014,12.993650855397119,41.68201864631453,1.4874712648740254,5,28.103864529348957,1
31.0951984319598,9.361629669398141,78.97912905881006,3.3215582681726517,3,1.4848455557056461,1
17.980913311564294,12.711985470442372,36.60740572557675,1.4144850427475013,2,21.377319067150697,1
33.23192564834232,0.38885461619021955,46.72976550485165,66.46385129668464,7,13.132214082629556,1
58.41048185293338,14.338991995431327,18.68197937422169,4.073541701644304,1,17.042255786382505,1
124.99370768143366,8.044258230187753,64.57503271538731,15.538251521112135,4,7.645342281291944,0
225.64329557736866,17.274040854248366,98.74649276095158,13.06256581660649,4,19.952311360352635,0
75.79750927011874,9.443809513044418,67.79546184347655,8.026158211410573,7,3.0915541646994313,1
274.0180032569328,7.488217917491018,54.063832754748574,36.59321967872758,0,5.97262298935023,0
13.370560497867912,0.7972935836895978,3.7667345632882543,16.769933649777542,5,15.554292709093053,1
29.750764552801122,11.089763726337296,65.31931242607932,2.6827230306219647,6,26.743129611204054,1
51.209030706830426,11.416911779116788,64.47248706035002,4.485366244179908,1,0.4562154770342619,1
295.8974621434839,9.90643454829414,66.93422666047817,29.869218910292666,2,26.347406414933317,0
192.0008901554679,19.01216075910224,63.85536648986816,10.098846343046294,0,21.954951950583933,0
209.24623797507434,19.665230497120085,75.85601339993033,10.640416241534409,3,9.014368306817866,0
286.156602764046,1.9702811505338391,81.401133714543,145.23643119993972,1,24.03357268909509,0
197.97338507921748,17.660444087428523,1.036109327919288,11.209989063646683,2,19.662675128742777,0
45.36740890970571,17.942120363740173,4.163101404834524,2.528542222991114,2,23.17337218293806,1
31.681560930658737,8.730140485389235,48.18763582388759,3.628986381568659,7,8.098985295977771,0
5.3439503406379485,2.561572868772899,60.40543628088775,2.086198837356489,7,21.12164110830537,1
97.8284694350516,8.22561823303934,80.06742018522381,11.893144887530758,5,16.185361788490397,1
107.46476987543898,1.9486231304785795,73.71637242256546,55.149078441374016,1,21.450539695780893,1
167.78840355437805,6.779229029850262,97.37060075922265,24.750366570530826,4,12.871337786669374,0
155.95192760451425,14.278492941980137,52.78342340287563,10.922156017320333,7,6.087279031807026,0
76.86294630263998,8.115677716921327,11.414250783737767,9.470921466284869,3,6.9789884779920826,0
281.13093653233824,15.067647121905026,4.095932361551069,18.65791880164462,5,22.198639610749755,0
181.90560292687258,2.447074646836287,84.32519297210067,74.33594359781797,5,10.705335853360472,1
132.23160058866515,12.895271558354345,87.00525027936207,10.254270333919214,3,26.96370253890187,0
6.395195886440064,7.692311414671627,2.3657489428884015,0.8313750629287368,0,28.675497512987153,1
78.13041922269615,4.617428246224247,71.09263651071316,16.920765208768493,5,13.51505489229524,0
190.63185062265592,0.873358736645824,64.90995606087309,218.2743958740101,2,10.649898790179023,0
205.08152103021297,6.9369359815644716,23.96954934200589,29.563703856462777,3,26.61454001540826,0
109.82539063912485,12.201974699036338,27.853258529067904,9.000624353679278,0,9.384617478628064,0
82.8733019129326,7.279808450631398,41.94179742243189,11.383994850269003,6,25.77492231841683,0
206.69132823931793,9.367511924049614,1.555012714234183,22.064698707099634,2,11.42121557213472,0
80.9474102121301,13.531649121486822,71.97134552244945,5.98208019476312,3,7.225145224884422,1
122.15147934105552,0.7818022944859293,20.679102895307956,156.24343929736827,3,4.612120087540889,0
76.10378672421564,0.5920164111959036,70.52873851639727,128.55013017372622,3,4.6451808039287465,1
150.4930044808701,8.733662396715086,49.12986508910371,17.231374152666316,4,27.88443524515513,0
82.60822920743507,2.3510753347275704,59.26895298570505,35.136359940166386,6,8.551069119034313,0
230.02026207084418,3.5362524528709316,44.15893740529555,65.04633510656193,2,25.49525073690212,0
176.70331783766997,18.697473571120252,74.79378388047101,9.450652098292169,6,22.587995067197454,0
150.84331829504578,3.8692639265270556,45.3529144854125,38.98501657146934,5,7.972482366271637,0
161.12540594471164,4.407775290982707,71.13558673041375,36.55481400658902,3,12.071805976668808,1
216.13331971476953,10.080323684749583,22.605396029964798,21.44110908281203,3,1.8502697666144563,0
239.6181479276488,16.033571092633714,8.341582248575596,14.944777214212516,1,21.247402972297305,0
134.8966311330748,13.046338660485514,23.120786361119595,10.339807561614737,0,19.571862163010476,0
69.95061479442995,17.08231420560557,37.46914541200699,4.094914421576183,1,15.665587876036394,1
272.7888388192867,18.22457863552715,13.519516267724807,14.968183587384008,5,14.762645169199777,0
54.89345722042599,0.8637455047386755,56.0134449061938,63.55281378515989,0,8.206843756563636,0
143.32134987448913,9.468195810950501,52.885704922293705,15.137134121025458,0,2.970234509540809,0
30.365827397822574,4.591608226520658,97.65249094796388,6.613331516925305,3,18.923378079304317,1
27.609858771656437,7.685731296332056,9.693309203615563,3.592352855847691,4,2.7302166356362823,0
153.3473592037414,9.040937922447235,82.67157100091259,16.961443659844615,6,22.760979120301425,0
102.26155043953565,6.895593298512079,63.79899338366446,14.829985762298582,2,19.62816758264281,0
40.90440003433774,15.495593800492944,68.95435851108728,2.6397439530866182,0,6.89260408472421,1
24.87854875237079,1.561435784147449,76.58235108134362,15.93312322219808,3,29.42478619401005,1
149.05883948343782,11.987134948250667,8.631414779563363,12.434901260971506,7,18.32987879311296,0
166.04141862237793,19.238172495410815,74.81842186736175,8.630831159351878,7,2.2428390364735717,0
13.392820774133096,5.464697885650409,31.71547820938422,2.4507888733064114,4,24.27163066066953,1
152.90339555919186,5.6099884658128225,9.26404320074382,27.255563267372587,0,4.182339011407276,0
175.42533743879594,10.161654391922223,40.52979766760073,17.263462293920007,4,0.1030321857022054,0
188.9613301326783,5.598770048377153,87.67291382685579,33.750507432869156,4,8.932291376106045,0
191.61578392403032,11.325333913057891,73.76781835974832,16.919217163486987,5,25.493033002951925,0
95.28475353126883,6.369345604097452,10.090255464902553,14.959896895839876,5,26.56713142104699,0
139.56511030664228,8.177335656532057,29.207081202598506,17.067308493709398,5,29.8505167393195,0
98.91502033744406,4.066580303279716,82.13773586045087,24.32388222056469,0,3.1762319884683157,0
162.379274607338,11.331292153106592,48.389222231088524,14.330163975413875,6,1.1944486200832005,0
155.95364106916048,1.6601185927158046,59.748194233547416,93.9412652526434,6,27.720700613319092,0
183.80900609462128,7.233239729844554,54.273787396787135,25.411712173207818,2,18.103590276690607,0
21.324379559582106,3.8295708761839453,24.335237506524155,5.5683470156403585,6,5.949123971392956,0
177.6049000774396,0.9706039828546542,50.443273086392196,182.98389787674665,3,21.67984614189093,1
268.3063457651007,5.16135485567945,63.86928517635031,51.98370452476481,6,18.886890803232717,0
106.18970417155735,16.996044447928913,30.931856587607808,6.247906946636475,3,3.019528420967373,1
23.23526660372813,6.71036386017412,76.89138250901618,3.4625941436095578,4,20.35766479722254,1
113.39460294343327,0.5693198213807937,61.840439159070925,199.17557528282236,3,29.02484390318106,0
170.54887211349967,8.306235664421397,31.255509878843046,20.532631026112345,0,8.774898736948241,0
263.5902454425507,1.8682228073406915,83.07025094886109,141.09143963281147,0,25.083585460349003,0
112.89325793676885,3.612487028307545,56.431119093033956,31.25084105552055,5,26.57231657500016,0
240.76139073883243,8.550814076523501,0.6743654522353482,28.1565461000783,6,27.853098035727847,0
288.75522740766405,1.219853504757682,0.7273086847056298,236.7130366732224,4,17.850780837009037,0
207.75324260885444,0.8632239483242143,14.747255432259054,240.6713147986313,5,20.026613941878296,0
68.0166032836571,14.67852086253876,11.44468091026476,4.633750493024345,4,8.149643757483512,1
210.672387506194,9.69928904669181,44.66152918592763,21.72039481368474,2,7.0342087925993475,0
86.40351953084021,1.7804114330808973,64.98814611537003,48.530085757382494,7,6.984425911992861,0
220.2690549427199,13.27548259869399,48.89195379176442,16.592169309490068,5,21.73839895166595,0
117.94485386544883,18.76398657375869,89.49273638666317,6.285703381945174,7,21.05916643466984,1
230.63118379110495,16.51996919840474,45.10670580322691,13.960751440951594,7,22.85943902773748,0
134.07461510198848,1.9690754326643334,72.1208423073945,68.09013655742667,0,22.185026852875268,0
52.82852072687625,0.5654756396158112,36.93424564941091,93.42315924125111,1,3.9453198820604185,1
80.09891021143977,3.5716336382439784,85.56951030042215,22.426407163871666,5,13.002639915629912,0
51.789420032558354,0.3785929867994198,78.51184491670065,103.57884006511671,0,18.931924641658856,0
124.62455932670578,4.741938109489549,41.95816788689301,26.281355101895482,6,14.475605528145017,0
136.25144357218258,4.050496779445741,7.293051987549271,33.63820563037872,2,20.033213134731216,0
187.1712897368689,11.9238689177552,75.70861381968629,15.697194511939164,1,13.305885742900015,0
162.63512302361744,9.45205397522532,38.610526576848635,17.20632610117321,5,26.518205359120934,0
85.59550704519464,1.3013593293840886,0.7897854485222733,65.77392201560929,0,6.053869504872239,0
220.25604046885115,17.785685477779705,20.17769501822323,12.38389381978136,3,6.890157626958357,0
51.916685080524395,3.3847580065570337,46.15075770197511,15.338374258942636,5,2.401795171941977,1
294.9944781647939,12.297450911494092,60.1047928179102,23.9882623063834,6,24.99341438314985,0
76.81799893940341,8.73304005933183,54.429142413566126,8.796249463818537,0,23.52817197772093,1
93.4280663180227,4.700464097007955,54.28962482631016,19.87634931144217,2,26.365903882007235,0
103.78887409114319,12.059804407678367,39.32804529674245,8.606182205165927,4,22.63569671112671,1
252.9291276676253,15.137981918379351,91.86971862356857,16.7082461210063,2,13.313683579805144,0
38.40183818565982,3.510633649937549,18.86651324748557,10.93871990497868,1,19.76847238336767,1
134.9052167386223,15.436082725240357,91.14688328279098,8.73960182385079,5,23.222420319556498,0
60.11722073061437,2.928031336999042,3.1613669173221948,20.531617941025488,4,1.0765496895647408,0
123.96222451781672,4.24695709336495,89.0707797737227,29.188480550341268,0,14.852327640252557,0
236.15548493815874,16.802266369235127,17.65154071699122,14.054978045733066,6,9.054754075873483,0
278.2506575231835,0.5025213609526791,28.632540310627043,553.7091139681634,5,28.962546806954066,0
63.449112763634965,6.442681979193072,65.51498527371052,9.848245337663212,5,6.499999703924163,0
95.15315209643114,6.506824539763139,98.81648774518904,14.623592739430915,5,7.042281457697605,0
192.0551865308195,10.141279126697178,78.87910268380726,18.937964741077806,2,15.855050616496047,0
91.82559407952985,15.387287157743215,36.595157531184555,5.967627245672167,3,26.09008043849678,1
14.163756119583137,0.035980579374526034,58.11068196293454,28.327512239166275,1,15.192711004721382,1
164.6358598690243,15.28415595259988,46.926573566262476,10.771668411366822,5,26.308439112522763,0
225.01065185709328,12.680503130201535,83.17598889853461,17.744615457818757,6,13.72718705598195,0
28.379913726166862,2.705730219139295,95.3687493585102,10.488818702403611,1,12.812816734213179,1
166.96678837657223,18.629747796796288,10.992801184716605,8.962375132382903,4,25.29656819901523,0
280.2533589344676,2.4088180851432828,26.534368679823817,116.34475872751403,3,6.557379403043047,0
19.741229739328592,18.00294422822923,79.44905739807716,1.0965556238503296,2,15.47536469011218,1
6.023144496339183,6.485859856086966,47.781430340491326,0.9286578233241464,5,14.792809963128606,0
23.55761312156277,17.975928011279994,17.023961212180218,1.3105088709067059,3,6.276453150737822,1
223.26480270667744,15.400487434337268,91.28247531855013,14.497255600422184,5,2.384453116227693,0
290.555819963098,1.6989526823624224,97.88227229635875,171.0205487059682,7,12.4413092098842,0
255.44284668784852,14.022247114790716,57.450848276759004,18.216969405595947,6,16.47852910383995,0
74.64931390417931,18.758212968690543,48.357660035016394,3.9795535976042586,4,27.21468776803447,1
212.3289151135968,12.718664773548713,66.96249499544174,16.69427718192415,0,29.690856042811177,0
173.22216966503285,4.936248062765958,20.73619691762467,35.09186885716805,0,27.584288219098852,0
233.04882233684054,12.284987856796167,95.57198744996664,18.970211859665437,6,8.01209692146259,0
56.36022614552333,9.708228705509809,53.1412359134504,5.805407747917665,4,8.417391388334364,1
59.694135559785344,10.98818556067056,4.035028304623456,5.432574398219616,7,19.12977989822371,1
62.61927638374648,4.648329842890099,71.2326105801895,13.471349603024931,2,14.614673166438058,1
185.6922616279764,1.5668451714028064,95.90178115501556,118.51347217780614,4,17.789681526870353,0
17.444573099397843,19.54843831383578,76.84136139730741,0.8923768139090227,7,12.023042299525423,1
95.55477272770692,4.575550017710263,58.28839998577466,20.883778421796222,7,15.680400128387875,0
289.28667280695015,10.057156386204527,45.01506973805947,28.764261158727404,1,19.65659212763349,0
3.960315424357297,19.28632902045909,64.349010005607,0.2053431433299807,0,11.614297173207179,1
176.1971891967228,2.989566437209643,59.140199741325674,58.93737198935746,7,5.190460373434073,0
57.29991434787999,15.157578871624564,31.80418436231285,3.7802814574263657,6,4.766587774960175,1
137.95762186851576,2.2049007037935775,67.34657457969968,62.56863251535854,0,13.123227369338064,0
50.733646873209196,13.867113090626857,63.947192173778134,3.658558673434443,5,14.582823878218175,1
72.03453483344195,9.357296105167885,50.402445361330216,7.69822115532482,4,25.515844920272848,1
77.20993491948138,9.572623776274565,68.21353275321745,8.065702436864143,4,4.516969511917307,1
272.94852436062865,10.97744850168553,42.83073828853294,24.864477780853978,3,19.660710794972648,0
141.33657182377723,0.4198827132905003,67.05133225910313,282.67314364755447,1,11.426114630418182,0
14.474162299112415,14.261196058017047,37.62777224355426,1.0149332664826276,7,2.3300614728200477,1
121.67742796057502,5.980568542492248,97.1327699370986,20.34546165570223,4,17.55314762999812,0
258.15883966245417,6.877317619715527,31.43402105271663,37.53772239955563,4,1.5517090997154814,0
114.30396660841762,12.844627143559851,22.114137257482792,8.898971167545982,2,9.56881793554729,0
122.47006885398625,15.993672745785839,32.53255287497421,7.657407451096922,1,3.4797159693006066,0
61.91794771993905,8.326740740044956,71.17721906995432,7.436036458078164,4,2.1521710749095346,1
21.48258858591565,7.864797979956677,75.46125172008769,2.7314863828242903,0,21.394910731332708,1
36.6070599365935,9.119092499342125,51.64689628968237,4.014331463271639,2,4.224091509768271,1
287.4314148282548,16.977866370603024,76.36848463013621,16.929772478710216,4,3.957271884418423,0
287.6546118989603,3.502240944003858,74.97082791210956,82.13444377419266,7,22.412614924576395,0
138.03003704435946,13.118584936973699,89.20767502571545,10.521716915925335,6,26.194140038819647,0
266.6081985658361,16.15695284551848,98.5978026339983,16.501143570508493,0,20.059284675835862,0
35.77980420331649,17.658601426260205,48.24006168631227,2.0261969416280126,7,17.925325410779706,1
144.74049488134867,2.4816325484343826,65.43804881692874,58.32470845559422,5,9.192967388487807,0
240.89614889018748,14.49494174291595,93.8378376978759,16.619325083380872,5,3.6466328254245104,0
20.552386119487064,11.43027629242628,56.09645721381068,1.798065557969505,4,26.468141135280415,1
89.88390630719478,6.428084188857732,4.486121564845124,13.983000792521839,1,22.195919565498762,1
77.75361871659577,5.690936544294272,83.63513527315548,13.662710541826632,4,21.333587701370085,1
38.69083055298312,2.143759770512099,33.19487768448506,18.048118583613824,6,6.995526092958933,1
274.4619815419778,15.503853228708728,80.289156698171,17.702823775044017,6,7.303971098876907,0
224.88409498341002,16.56116662611812,3.2120855130487347,13.579000807150388,2,11.130273352703986,0
66.24404537746757,18.302494674352143,80.83070555258604,3.61939978981649,7,20.74057444370429,1
110.62301025999085,18.69597608063734,8.342824856589704,5.916942222372577,2,23.175752905766085,1
62.4567167237623,14.362428254971814,29.112247772997623,4.348618187327883,4,1.5697509258565268,1
63.04561481388149,5.474727271601769,38.01173146358875,11.515754426875024,7,0.7825802720503305,1
133.93536574272142,16.9831006982825,9.935158317665282,7.886390602174684,2,11.276118606136675,0
59.619915355602934,9.666211045022957,61.450818441676624,6.1678681623965455,2,4.349231100266514,1
289.6146324008543,16.587929879793904,7.460409963699332,17.45935957648578,1,21.285208908647448,0
39.603628971623806,13.416254298503066,57.24793769114359,2.9519140059862035,3,16.293260573342685,1
205.84604989420296,0.37514206813476836,97.28387169045321,411.6920997884059,5,20.232493309469092,0
128.7413861551618,12.687544579916496,25.682268455938782,10.147068673867006,2,14.378411699710218,1
127.93341937262468,7.284361162915043,39.74829913633323,17.56275073563603,2,10.641737516532233,0
64.92375252357235,11.609024924617756,91.12957468922677,5.592524173662247,3,5.726239669223193,1
290.7263854583794,8.879735821442843,56.06283232121632,32.7404318444172,7,8.594875413670366,0
65.71400971219573,3.240971926473588,17.4583472776914,20.27601941732872,3,17.43340376535672,0
13.487390032283297,7.7984319537425195,6.487764654700257,1.7295002523950482,7,3.096717222658426,1
210.8525836633014,0.7222062816724018,19.335589101234728,291.9561751457401,2,22.929871045156684,0
220.56219483424545,1.7993494601147364,54.37575884931317,122.57885403771493,5,22.018985304531057,0
40.43642858488856,18.230734363022233,73.83790387756186,2.2180361898589553,0,14.72431810360103,1
73.67633663410757,4.5127151798494065,87.22248615198107,16.32638748465535,7,29.970184557131034,0
49.88320645901098,2.3143078877415157,55.55924379339088,21.554265412667693,0,19.621242038856643,0
106.27597730667505,7.753895632084829,69.82852342437663,13.706139771460927,2,7.243994885717927,0
33.666057203065115,8.533754734764953,67.95081888598818,3.9450462603425627,2,18.449181732527652,1
182.8450117439241,0.42769095947287283,33.57162784215109,365.6900234878482,0,1.4722503804511,0
112.4827263271495,17.4399806777934,85.71467107642795,6.4497047562888365,3,3.5711969861148694,1
265.09518238232664,14.391159048491113,69.59507917531784,18.42069714392611,7,19.46289337309124,0
42.158394072906745,10.590620133247663,15.25085440751609,3.980729508044273,1,3.7594000549778572,1
127.89087316964097,3.0123812037040176,6.648670561326875,42.45507607482965,3,26.88281698343753,0
172.14873452866428,19.67775632610794,27.22274362543924,8.748392432335478,1,27.46169736385081,0
210.2672612679856,15.363230934666491,34.820448764556886,13.6863959255814,0,15.319909721064198,1
17.10825515354123,16.93220390815284,32.13471328921017,1.0103974205805317,7,23.62340632453261,1
189.0079785983278,12.021169572167025,97.71047329821859,15.722927579022231,5,11.03662455280525,0
69.69646342741063,8.732650928724947,17.09574016260571,7.981134708837721,3,1.4874470303481813,1
271.2515787347213,6.302088209424046,58.080581904279946,43.04153952162965,2,7.294935128451209,1
149.12262019182947,2.39626102899521,16.44265416472903,62.23137562536704,1,1.5524438186065515,1
95.17626585385038,11.712252460275664,58.39200535566679,8.126213653322349,3,12.129782710392515,1
253.51323815897413,13.344732446183194,12.56416207202471,18.997251475917224,0,29.553477794359814,0
214.703165430749,0.3775452911862942,99.2076055675285,429.406330861498,6,18.863054212790367,1
64.10939128244493,5.0451450392468455,90.7431353522602,12.707145341457888,7,24.12021045892403,1
286.40303108286776,18.267422905795343,8.899626907827985,15.678348969082352,5,21.099806076844445,0
248.5797648929029,6.977103614933993,6.204746556621565,35.62793081656916,2,11.077139474566035,0
43.14349908374366,4.751462751377313,50.69779964629817,9.080045733545443,0,18.749327799677058,1
113.18674557781611,11.771729455986078,99.82463323144397,9.615133103510052,5,14.174511544753054,1
12.108741700739046,19.18929349880666,86.12799729016179,0.6310155035927749,5,1.6350120088194853,1
199.05817848911647,14.76797437135038,83.09983130675805,13.479044145369453,3,9.635700340054564,0
61.72717713503212,19.134038096135168,40.31777934188394,3.2260402548012186,2,7.284093487019013,1
83.30761712379919,7.045881190552519,85.48496588865217,11.823590956302576,7,20.60667169589244,1
255.61868557424594,10.566681862805842,77.11176232395187,24.191008009241777,4,10.28015765456397,0
297.2143568435387,12.29005960734926,83.70356076485565,24.183312883674645,4,27.21424756248014,0
166.10100243733447,15.5027113347459,67.32059072214365,10.714319505198796,0,29.490816828603073,0
176.96109215788067,19.874153994843443,22.46219778980286,8.904081763872568,4,14.17114574242019,0
168.2988878122328,14.0030094163995,98.36196182784069,12.018765595853349,5,0.5481125238156948,0
274.66674720940955,8.225092854143593,49.9442649194239,33.393756408602655,1,24.21791688061167,0
163.96956247517585,1.0888730423164739,4.200207878248263,150.58648355031931,5,13.37986927664635,0
183.7412594436413,13.995443833061763,11.495740517958353,13.128648268344662,1,18.828414727336742,1
28.959185198121407,12.375706625717767,3.7329161914564035,2.3400025609803783,5,9.434119556142665,1
233.98791066684092,1.0087573547408213,6.979698136069567,231.9565845712809,0,7.784720297066874,0
16.04639022353995,9.052847844475762,74.33479872418185,1.7725240166641922,3,23.631099045006273,1
118.43784613627857,4.851551307489448,4.787848480990209,24.412365989707958,1,6.098425906910378,0
32.14722320055351,7.6872392012155615,95.32904019544155,4.181894482413161,0,21.72345122507708,1
172.5385140237242,9.84855108358479,76.29333160714717,17.519177446447443,2,2.8179446458963886,0
27.372682427658944,5.58414927643933,4.044441926821585,4.90185363474252,7,9.975824643039092,1
208.1416252937055,6.697598404912151,17.793678425673175,31.077053700480207,0,17.492348797696202,0
43.50456262110784,15.01896886282103,84.44895786348255,2.8966411088847765,7,3.2126841439748044,0
225.3474291891269,9.951798633108226,37.02621444202959,22.643889561775083,7,1.2066541053119617,0
298.2345232172096,16.98814005866382,6.4297556414622425,17.555454698827507,7,28.808054025550156,0
33.01579555284643,12.254992325346839,35.751259183170724,2.694069051725173,0,26.42142848855087,1
139.36086242234836,7.994701620788924,56.209259391270315,17.431652741105815,6,12.312348665136671,0
35.998159062886884,8.454948139141598,5.212072497267428,4.257643982017571,2,28.431733505245745,1
125.96659320475857,17.400891068745306,9.094274570244865,7.239088659718931,0,19.325229966350786,0
274.53449562327967,11.742581222436945,47.45996024191038,23.37939933502162,7,22.854348276803886,0
268.01407941908514,2.219350447989461,40.04306825561484,120.76239679131461,4,17.413631408059004,0
15.59444587642732,0.6572223977279612,97.80422619953131,23.72780649341504,0,2.9639312065439283,1
114.17968542958943,14.594274354960959,34.15412454413034,7.82359455855898,1,13.571281396985853,0
97.56551430899364,8.881670298590539,93.4736246288794,10.985041217357127,2,4.421423543432206,1
154.19920620106618,0.2171220059158352,33.12073697606356,308.39841240213235,2,2.0569507812802468,0
11.510382131814056,5.135519453419855,75.88420636771089,2.241327724724914,5,1.2440316742504054,1
75.69871898116911,19.265797179425018,32.093124947140815,3.929176575263226,4,11.108327239490505,1
8.338680223750327,4.8689422755463045,1.581304462983646,1.7126266346656802,1,4.134451148393687,1
249.8957376112507,13.621540535048215,42.64439872548865,18.345629627446993,2,14.758516192286166,0
210.68253844715287,2.48344224070159,81.72326999831428,84.8348856253784,2,5.739942942105065,0
212.00149734336944,8.490662684878473,83.06676973739955,24.968781025883356,2,17.319643802862966,0
72.13165043649472,16.271810392209318,89.75336554442272,4.432921027092978,7,20.12203286278494,1
121.69727339238054,0.36736429942952453,34.573851461055796,243.39454678476108,0,25.334838814742845,0
82.40469009720576,14.087890286354286,49.63942482819391,5.849327927903017,2,8.687879212717666,1
44.18772334835559,14.43060488988742,9.630618502130783,3.062083931029195,2,26.72951316251111,1
233.43517290023286,18.84721126137656,71.70932640126017,12.38566118153563,3,1.1296534456763774,0
157.05709273005527,11.465846677579645,37.031825593122235,13.697819022572947,1,9.093217132442721,0
223.9645021078528,15.282775217818013,80.89758126802771,14.654701054997862,6,19.729306850083233,0
29.773502500613127,4.8083871662893625,21.09603954176751,6.191993587652254,5,16.227438790646048,1
38.146930662335436,9.040549417627732,71.82704822338874,4.2195367670857005,7,24.13692047410172,1
85.6277076365461,19.794970577764964,45.534487667465505,4.325730482910082,1,18.406712746786603,1
194.08442528201854,8.659138697221245,42.341213483230135,22.413825678101343,3,19.170818049241824,0
68.8071255146537,13.695478394390024,45.21156962262716,5.0240760879765,0,27.317567128666457,1
263.5000036977052,16.745811545343187,39.82929689388245,15.735278220719106,3,3.240784826608485,0
53.423969614185275,7.816534626197487,89.42204740410205,6.834738431930219,3,19.978331832016206,1
289.10148263593743,10.655912554141908,68.1061738954241,27.13061703228457,4,17.82163832542506,0
198.71668243157956,12.478414476962277,62.8190561434987,15.924834264677735,7,11.026069472386865,0
4.235928222469387,13.839495918425566,76.77365214450441,0.30607532582380953,2,17.080651000023302,1
130.4831477779929,11.797111806585189,58.46465246805839,11.060601096037486,0,14.681290987386216,1
16.564310699586393,7.1051997593804135,8.441489892561037,2.331294159283543,4,18.996646691427678,1
132.69197713214933,0.48107145863099277,49.75291453979314,265.38395426429867,0,9.673109381304345,0
206.73315270117308,4.527266085126895,75.36816685596341,45.664016387359865,6,1.8344283763703673,0
265.73572731032306,2.3944931710592154,60.6795193291249,110.97785975007545,0,25.641290401130828,0
61.30980120788667,16.394795862221528,51.00531563857885,3.7395891795861047,1,14.180752652386042,0
80.04611668978362,17.120829809916874,98.64372034857837,4.675364312272914,6,12.749349557710058,0
149.92680562653084,3.775091637662531,60.29441665668431,39.7147460291488,1,12.404984756575603,0
238.98573212826068,12.494818281385378,40.00853238204443,19.126787340660936,1,8.341193989298352,1
81.30454677935775,0.2457240848377995,1.3651061237185735,162.6090935587155,4,3.331425428640812,0
14.08891526678293,13.623379787514247,97.026453496766,1.0341718051268998,2,19.001672451623165,1
59.29052756381943,0.8869233492089146,87.9076994120186,66.84966363407078,5,26.832964781054834,0
25.501324393744262,8.020389572976711,63.488838109718024,3.1795618107711974,1,24.864954016681423,0
292.24446338155815,4.483972415461142,14.836697902115748,65.17534817428245,5,9.816873707530446,1
188.1329783428062,5.391930586675333,33.32242904980469,34.89158017125163,5,13.963471857986354,0
68.20801374541897,0.0904497733682108,99.7934960093118,136.41602749083793,3,11.854973885824435,0
70.71349998373634,17.518523675559912,11.833241336952693,4.036498810820955,4,14.421521719459141,0
109.67191498448317,4.44726622425037,25.80492620730429,24.660523893635226,1,14.99052216672045,0
287.55900170275885,0.8648120198625153,38.67577634446727,332.51041278135096,2,9.342562676633237,0
195.66960351481208,8.826044266131252,83.61373802046188,22.169569697907324,6,20.028589064729683,0
169.42928795751527,18.84084296146837,63.44717257682806,8.99265963333048,4,8.439194757615295,0
63.19443871373493,19.08094632008313,4.906354473944019,3.311913238140676,5,29.629142728487786,1
45.38310546125018,10.849383388055307,75.20668240973846,4.183012419969875,5,14.419057461457852,1
200.7213567731857,0.7818479660561217,40.71989341190786,256.7268388324716,7,9.251894219937832,0
182.85793165511473,9.56739199063904,49.71055349988247,19.112620433450118,3,29.332870589286017,0
291.8011022551684,2.953738661204346,52.72266724741529,98.79042654917568,6,21.802315276283057,0
7.962414217128499,12.737264983462644,71.69302749473266,0.6251274686886434,4,19.19580684732157,0
140.15566907921072,9.354657756268846,60.48080359719138,14.982447539065559,1,28.146170202597574,0
55.54663564171148,19.75754851459151,88.421848893059,2.811413349216312,7,11.319272742053375,1
99.33973019294382,14.492913065945054,69.55341827228894,6.854365974661705,5,25.570930175007284,1
258.38711047972106,7.709497626627984,2.8228033915540296,33.515427722199796,0,1.092689082442323,0
252.56496823803354,14.444633267020595,82.54367573400214,17.485038461632648,7,0.9237062677116059,0
192.52660508364272,6.746935880844164,21.089249820824396,28.53541348010471,7,28.881424255734753,0
181.67370252406806,4.798704998966878,24.385368671328965,37.85890205027834,1,7.671731389737742,0
167.38089666878045,18.527213392336744,45.559621916552665,9.034326594306558,0,27.022178448436783,0
284.30063879061885,16.870750397440407,37.86198009991158,16.85168899385485,3,13.420008407998845,0
87.246041505698,18.03921670725475,38.963443459091565,4.8364650706042385,4,15.077349779326475,1
69.27528105204823,13.740897401573282,63.531076651432436,5.04153979376314,7,15.143211854579716,1
57.79983676646657,11.03954374756658,54.13137580713929,5.235708837985922,3,25.8092695812013,1
181.2631215167328,2.418051004201718,26.187283237337866,74.962488881236,4,0.46483912464868493,0
245.5572017615959,17.583479571088624,16.35473560684152,13.965222342303038,2,28.375659713190593,0
264.4530348482611,11.60797331245398,37.548798519776106,22.782016096171958,3,29.352457492325136,0
181.37757908572536,0.3350690614657914,94.34225442125957,362.7551581714507,2,8.824865569148557,0
193.9432553213462,7.015357501256842,69.51274753388707,27.645527015066605,7,19.682125219216704,0
90.40495846238808,6.231444785080004,0.891496421462068,14.507864801890785,4,17.866457770679926,0
279.42071381371625,13.767647181777836,81.87534387895136,20.295458630254807,3,7.684976187129944,0
29.205932936693547,18.237321104964906,0.6114399037242757,1.601437665575925,6,13.16065738703642,1
103.36182306405229,14.667502977264986,46.868650013642224,7.046995199132792,7,17.901499186546847,0
75.89876378268858,18.13201838033421,52.905899449360504,4.185897134596309,1,22.84071233860213,1
215.68920178097193,18.51278618538727,63.32542745577703,11.6508233618137,5,17.765686673550825,1
143.98270190559083,10.712866159573444,58.86570393477544,13.44016622264268,6,8.824282211999456,1
176.10573623574302,8.760841734071473,5.519230215505411,20.101463030756115,0,18.63381197208269,0
135.4444518097392,5.802434534580168,58.42123155455471,23.34269365773021,2,16.646201052623233,0
78.10048164152232,11.746091151922837,12.867226038350177,6.649061430852021,7,27.38627086452865,0
12.182301172659681,4.688747110301845,7.278241860935464,2.5981996652993784,2,16.86867130947377,1
55.134329935282814,15.17683249148096,82.48393106193825,3.6327955761672106,0,22.809145010230914,1
285.9628141784535,3.903512913424285,68.35097552914245,73.2578117508001,7,4.716668117435803,0
125.90416111930551,2.8132058205895594,59.622992529654,44.754692386112,6,22.662405328945052,0
234.98552955214524,14.229419745228588,46.793788007336765,16.514062678553046,1,0.733515065500786,0
233.49751235271765,5.315821694873613,51.58842809599445,43.92500835343937,0,17.65130749607679,0
272.662418172968,11.311392957743342,87.96758065063167,24.10511412622385,5,28.519385858268297,0
167.31239336023498,16.516144513407582,40.70513234369088,10.130233071308686,3,4.6613797019437895,1
168.66660413853054,0.40129487742827097,42.71649448401735,337.3332082770611,0,24.02377554498702,0
8.356145534362147,5.194985023933089,96.5005265157101,1.6085023336671265,1,15.69225479491433,1
86.5697218756988,7.808318623537631,94.53477091630985,11.086858266098469,3,20.972200994962257,1
253.3315226039045,19.512139351680364,6.684456874765454,12.983277642596779,0,7.399369353661413,0
292.98446594833166,18.126536312800518,14.73298157108822,16.16329015606987,3,21.31347623646119,0
35.57677264254936,18.48763165374786,54.117751468580465,1.9243553370632598,5,0.09080029137938261,1
186.8371340207793,6.795747326549597,35.61063372503502,27.493243206798578,0,27.26200798523533,0
156.21637551176758,0.8735544121341121,94.34636297133177,178.82844313055168,0,15.510131829412913,1
185.76228124573055,12.100809128290464,42.21135945632681,15.35122811014655,1,14.956599336051449,0
163.44893145506916,13.644572867441287,81.15080882925982,11.979043466072243,4,26.746550378424054,0
29.090836330136604,5.1404319738160975,19.092403403493364,5.659220174163781,3,29.962736679091027,1
13.09780460347012,5.48645863982358,4.441314691938258,2.3872966996232177,5,12.03503580344268,1
133.03358464563328,19.745897809193057,73.13032226379855,6.737277075529942,2,25.379244491779055,0
84.1026780908606,5.247665563259223,69.08836096774789,16.02668407066438,5,22.329420847132397,1
99.7597218204077,5.975788346844024,31.310051580857124,16.69398513303998,6,7.638894647716604,1
148.851100587737,4.804352927974995,46.602646906896226,30.982549121443665,1,16.784639884154775,0
14.951303510620894,3.0488073417422834,94.64899367301773,4.903984356740877,5,10.810743748101897,1
202.3627944244731,7.692024688495436,25.6043757824577,26.308131164365175,1,23.465531893563522,0
243.72898847709604,4.913406246639673,95.03627458647415,49.60489246004942,2,13.762526409517076,0
211.37186650826172,9.806759257879046,14.293075839744763,21.553691790531026,1,0.13465993387517194,0
215.11344349663423,5.464044275311579,26.206150762508873,39.368905641667354,7,13.228939930711633,0
268.8675221541467,12.575917195564724,74.86716373805221,21.37955569944202,3,22.474902308759685,0
139.20830402193675,4.873437538083724,63.07675598241607,28.564704673874736,2,9.950387454246526,0
110.60945828475981,15.940489338918818,11.788264376118573,6.938899799939393,4,14.364698129416293,0
87.18836683571341,4.594327221364498,11.870705040392938,18.9773959569686,4,29.00833314278576,0
286.86017275895324,3.2555759830400732,91.00412241084737,88.11349335827259,7,12.401593854839795,0
33.002176201959465,7.457129282382362,60.584340076773124,4.4255872403778564,3,14.764664626182888,1
4.479369485895646,15.552155076576767,73.88346577289543,0.2880224292929063,5,11.410729414387246,1
220.75446007145837,15.13547530401622,87.65556966175302,14.585234730810262,1,5.1340315796264075,0
166.76594458059813,19.488456513877228,74.30464286009419,8.557165338458097,1,7.365846571409509,0
49.85092315028818,10.067276351394696,5.065801345393961,4.951778555615189,0,4.1734255292516025,1
93.531028842056,12.279125358130383,77.875299798907,7.6170758188510765,7,23.181873127883446,0
10.882163961473745,16.399924227674262,14.480770795389164,0.66354964879109,5,27.152688809837898,1
273.23886585021813,19.639127333778138,65.00910460769565,13.912984075431062,0,1.3075830270594202,0
273.87212896733087,9.42944652540891,59.44078781404817,29.044348279545957,1,15.539957426416851,0
27.69819846180259,7.743849623896626,45.054862324755504,3.5767996290022404,5,11.786945000902318,1
107.66898656370462,0.9907568295463487,56.187389542791635,108.67347400774868,0,18.256278241946926,0
207.55904715536576,15.708105773051212,70.2028693566343,13.213499460352091,3,11.830315676679536,0
115.4552160573686,4.090429816678613,12.928206074101745,28.225692954467327,2,12.027407418028199,1
270.9742884072258,10.911396102560902,26.810432424480656,24.834062099865314,1,27.8264510379101,0
146.67605418533296,6.676105299326056,30.63029613754934,21.97030268533058,4,27.406739026749936,0
270.4281839057575,0.5500433525487414,0.37130714585760227,491.64885395427785,6,6.917368927088976,0
89.54798449064155,7.719772479446066,53.34706911377669,11.599821721308954,6,1.946546925218,1
80.91149746287445,10.606834015771156,3.903775461652481,7.6282420694590165,5,20.443878549463648,0
88.87230722290933,16.530539463494083,49.31516505064321,5.376249663186991,7,27.39560790609603,1
296.22869092675575,1.935366352787149,72.69251521627187,153.06078381498807,7,6.926441915602275,0
60.77139205095764,1.6887097573861398,34.97157215396427,35.98687802042567,2,11.15023210792248,1
134.41129839536225,12.66985621354927,17.144640441910685,10.60874694470656,0,28.35599083653973,0
179.1314633416996,2.0564167067279127,70.84480487086468,87.10854310589917,3,14.444535621462768,1
72.03528183710135,6.616153972965653,3.417614247006129,10.887788000618727,4,7.751470787087843,0
198.148792164991,10.389392713979216,3.987213735744932,19.072220833309757,1,19.17984381245541,1
294.1042399494089,7.827173841855062,99.29105258742179,37.57476783979355,3,23.82849440901304,0
120.15243051213787,16.638619433757903,38.47046432492595,7.221298076471537,2,11.75248201045502,0
186.1780425208401,12.753907252406563,46.91017449913033,14.597725923223235,2,13.41516025832324,0
41.71071950493614,8.924859061759703,41.23940602275784,4.67354377433856,7,13.141385106945744,1
66.52364935324137,16.207065959522623,39.246165457146255,4.10460780004136,3,4.866350251448861,1
134.46143343173713,0.6323539789871968,85.36553831793174,212.63633645050498,6,29.50019814575877,0
72.5282187175047,10.504769623063208,21.795891428456283,6.904313118706487,6,6.159467011733786,1
271.4824594345905,3.1453852222541623,26.186573975023553,86.31135465182567,6,19.42483897196252,0
58.54452922235481,13.984477643816025,36.15105835861488,4.186393708330133,4,20.225474794558444,1
140.49644936225718,7.46521906193583,94.64721203953465,18.82013751995974,3,20.807232062877247,0
100.25787440518046,10.01440417176443,7.7176472388062685,10.011366895681833,0,1.6921834126134039,0
169.5002674464411,13.60980712908046,91.62286439006405,12.454274027459586,2,14.258684832198401,0
222.55274084104428,16.724269372223326,86.6969493093007,13.307172701408009,7,20.000870929109425,0
179.25191154901694,0.5269273093334803,37.16285418754931,340.1833770501587,2,10.382469246245963,1
146.11494039564607,3.8618298703829557,88.34723815605554,37.8356751332385,3,10.78805331855916,0
64.04048086859989,3.7435952288839536,69.84771419860213,17.10667872810911,3,11.939300738179874,0
91.12903477090637,1.7363938858648043,41.27402249587221,52.48177588780204,4,26.45553890587679,1
180.0963024684229,10.531138709805068,87.49559638355768,17.101313298698017,3,4.017941777996425,0
213.98914079569124,6.346416544334836,31.547428912497967,33.7181052174569,2,7.959285928507237,0
82.91900729345356,18.55844645848905,48.82181272555053,4.4679929151895434,5,26.617568298616334,1
290.5464718690015,3.7508343788452825,10.57949366830685,77.4618238298349,1,16.786975892779225,0
151.01321476376327,2.694498303474935,39.32893948509262,56.04502128244448,3,22.403855884197,0
56.32792118919253,0.10581130984219866,72.63387802960757,112.65584237838506,5,15.728466232254517,0
227.5567262646646,3.6148147092051564,83.32491940281295,62.95114537549863,4,27.56043368451568,0
266.50541367975876,0.3267287350548065,92.16165224421609,533.0108273595175,7,9.61634620380182,0
166.55391852606294,18.68932098565373,7.8008827457962004,8.911715875280478,5,21.26196144490556,0
268.95589782155145,8.545763912402172,2.8420432671707574,31.47242313015751,4,25.073619785514808,0
237.4736054059734,12.295712771651674,46.22452474451585,19.313529017486452,3,12.487823051803698,0
284.53135352625327,13.23953810469909,55.0080619123682,21.491033242712973,7,17.583704083807,0
40.29923036778763,7.502021043987506,27.724929585820313,5.371783167695249,0,23.16895899555827,1
281.8642119178077,6.364661119894994,36.15350364851706,44.28581610366366,5,11.410281804883184,0
128.18769046139568,1.960110817472418,94.3922361890806,65.39818530602007,7,10.186930156170318,0
10.77197147241733,14.64113823133401,27.41864403351898,0.7357331993057658,6,25.923819094921267,0
138.9654560898147,10.659908038863385,30.17114156784252,13.036271568495811,2,16.901323228214096,0
44.360231412676,12.621245929891966,62.12914265364498,3.514726807407651,2,15.312585485596687,1
93.11964034857895,14.828819963579274,32.832626337931856,6.279639281971726,1,12.25037412034663,1
155.51080602134755,1.9082200853683307,59.27270397523243,81.49521494599003,0,27.283528855545015,0
230.43581937465282,16.847082790172085,23.42573139370273,13.67808434520663,6,20.803349835098302,0
64.21343605645706,17.183473502712037,37.02190503983136,3.7369299080492873,0,26.16537667292749,1
153.05344873280046,19.555401798381318,64.84230684257962,7.826658347949124,0,6.610438003788164,0
244.83764234779628,1.7856189673661982,48.384673755292255,137.11639875159577,3,26.928812238615496,0
215.83384700645226,5.019847272408717,16.024615305903822,42.99609834601338,0,28.967393249729792,0
71.43880073035864,4.247392387094095,81.20564623943207,16.819449257249897,6,9.253969965848833,0
275.7211138703523,0.982543926884043,23.993748586247797,280.61963066094256,7,13.762669292799592,0
104.20963595114652,15.884824564307022,18.66910428377303,6.560326526067157,6,14.625226677939503,0
237.44147072481667,2.655690992824604,55.507329491694165,89.40854616232023,2,9.84544035366244,0
184.1979459549038,14.05796744499442,46.61615654173278,13.102743812405869,6,0.3500952206374597,0
99.96094168247681,5.707164013356179,66.85504671943832,17.51499369013111,1,21.91586373924736,1
237.3739447130039,10.33740376985545,30.137171150248555,22.962626786930965,4,13.819054999473483,0
195.4312246476307,9.066843146674369,22.340396729249555,21.55449493127197,1,6.294983362791259,0
287.1094443485331,18.001754741013237,11.377987695817737,15.948969890941477,2,8.877886483648636,0
44.02347962769196,6.973829004665868,52.673343383595814,6.312669782731678,4,16.621670135292728,1
267.3135070889887,0.1233031336258672,80.7823136331567,534.6270141779773,2,29.530683102827602,0
59.82638180821442,12.554702850147814,3.267586374829068,4.7652566948257205,6,12.036396553422476,1
63.441757939414714,14.233373541651424,33.045535085080935,4.457253774290666,2,26.189349637020747,1
54.76158349851368,17.723878062435872,93.07176235364676,3.089706626597472,7,20.34078478024462,1
185.1753312542006,18.169440263810287,16.423028739098832,10.191581499790667,6,22.783353328976037,0
144.38558779183282,2.818844028822687,18.41222813417437,51.221559729977905,3,10.890765319614058,0
132.43938398165582,13.331275000157955,20.432676493347536,9.934487435004275,5,11.287043860076484,0
269.661085250845,8.057739875655113,62.93770864074213,33.46609463846969,1,4.089005348857503,0
255.5484874228637,4.382276952924629,40.84069446609624,58.31408881000016,0,1.3570348258581444,0
33.813658153009115,17.245622555567824,98.19827514166771,1.960709626112757,0,6.5014987949083105,1
166.4318482615549,6.0502658981540725,90.9059073074486,27.50818741905757,1,15.786899361901275,0
76.05805004885859,4.377495252042212,34.853967920663095,17.37478755993524,5,27.987135810576852,0
117.0838857866349,17.387489904107806,4.9855046473387565,6.7338003606244365,5,26.63429358471078,0
234.2612085020787,16.141857822585944,87.57975842381782,14.512654681810956,6,3.638236489899882,0
127.78225265712491,10.070283992989207,11.327828122185368,12.689041614524989,6,22.477004792611275,0
184.46703729841036,1.6705526547145388,18.93707136684387,110.42276146029756,2,27.73562284264333,0
218.59933244377285,1.9884225163684555,0.43473848229027556,109.93605767601673,3,6.2242700106443705,0
228.99223867255955,12.807146645354289,74.81186477452508,17.880035656156483,3,10.75772792980026,0
64.11516783734285,12.155007951391719,65.83494035278623,5.2747943969877715,7,25.797744723499342,1
148.7997919357284,9.858424849014497,27.059972929290332,15.093668026551244,3,7.310515888780862,0
151.985906135069,14.49817114431676,8.057967681373723,10.48310884332794,1,9.544259536470182,0
239.03320259289112,10.517372818822796,10.788251029533969,22.727463094690027,7,16.59034762340283,0
6.051745059513358,18.62688852738591,38.43935667558153,0.3248929659194486,6,13.737003626600286,1
64.27027405155886,16.853049231603606,9.420550152597084,3.813569471513577,7,21.202725425864624,1
14.84364754726133,12.91719586726203,93.59251400143344,1.1491385359326936,3,3.2443995764761855,1
169.83843708225314,14.576787932644766,17.86378115933662,11.651293677799853,5,23.282021078759005,0
132.52150574573287,7.618816103941342,99.88152050260524,17.39397616870911,6,21.235801889629997,0
237.97153369059882,1.3363762652303413,21.209479525721065,178.0722539617848,2,2.601997295208942,1
29.105383893935,5.604046158558318,79.227511397217,5.193637430963376,5,13.39926157076366,1
293.8268720794891,3.424423271507311,45.0697322308637,85.80331599900524,3,3.7242025139705226,0
166.54463305593399,12.940742208442234,58.2495930439603,12.869789875520757,0,21.05376869595572,0
181.375148395573,14.986127587679789,8.700862908382845,12.102869626219045,3,12.382289911084824,0
85.06145714429229,13.871913149828963,18.10260825211285,6.131919672906911,4,7.981254028517192,0
134.68415812800177,1.5805400940208858,0.24903599835457424,85.2140092095772,0,20.191701570218545,0
138.24348985464783,13.792204941359948,98.82164956970767,10.023305950166417,0,27.72715178462568,0
32.95940447233462,2.767715048108914,85.47142825224162,11.908525227282578,2,4.640879947295574,0
280.5140820464109,10.782049014923762,25.498092657829584,26.016769322616028,5,6.104983940669875,1
239.24707248436468,7.761256643740461,90.57042501800849,30.82581641947378,6,26.53912540073566,0
294.51657736488556,8.909926690222274,9.65465549497776,33.05488222345164,5,21.28394550035986,0
228.24458540270183,5.087987854100453,90.64288187434026,44.85949887218335,4,4.19291264798467,0
52.693659197635355,18.399356649761216,18.29547707398145,2.8638859608343537,2,12.196913346652265,1
277.3610567286157,7.111903280496817,9.325272221982562,38.9995540981598,0,10.808112666205817,0
89.84987925034382,4.128507508556389,37.77875413458772,21.763283478140394,6,19.25308680473251,1
266.98833584331175,6.990857182089556,52.52360660483092,38.191072838296684,4,12.074525238436873,0
285.4025043943949,16.770658281992002,56.56718985795227,17.01796671278279,2,11.110732999532217,0
277.50155924744,18.242224333003414,8.869626894927729,15.212046194684195,5,6.13360588240234,0
115.64585215709121,12.869308244138136,9.041006063605117,8.986174700552919,0,20.522650694628624,0
268.8298249644095,1.0481039452273322,39.039179325451,256.49156859733097,1,12.939256190273962,0
150.90014413698148,9.678074962667104,42.135547235677926,15.59195859910927,6,18.770553500645864,0
142.90166740003272,14.225742499332977,87.24005622575724,10.045287084785427,7,13.350226625223861,0
72.39802546374669,15.398165915540927,26.94601645205239,4.701730443797689,3,19.44575692496744,1
285.9280397902573,8.063297047830424,20.34790139893031,35.46043734891193,0,4.17712400812312,0
283.60470482706035,12.572393564406202,22.574877936732886,22.557733606906467,7,3.9925260638424778,1
257.5006279460136,3.678586452558499,78.40121494255659,69.99988481089495,6,5.2921583153661365,0
267.06443961220924,16.967582869714676,34.78059798078776,15.73968676993414,2,23.764397449957503,0
193.37188194791236,15.02954726055812,84.8392337992073,12.866114899906274,5,12.290918404317368,0
184.82824123716583,3.009676347915786,60.08623873803377,61.41133459920373,5,4.817421427860494,0
108.16195875435116,19.251317084731667,55.26511732100461,5.618418640049051,3,4.942184115401677,1
247.25868493291955,6.194919280698683,76.92543004378543,39.91314070924148,0,18.95818466688536,0
151.26162876357475,10.593915661973698,45.40562894407244,14.278160558377898,5,9.000716533623203,0
109.95481768187452,6.45761985384357,42.913188789639634,17.027143153437486,0,8.780190654187903,1
47.33879186651653,16.01178910770169,98.03634126200319,2.956496088481862,5,26.48162190898177,1
266.48428912737427,8.488148942337286,68.12723168691139,31.39486488016261,4,9.78222799176455,1
63.39944207357765,8.202503514033488,82.82798482907599,7.729279477309446,7,18.925386455853673,1
224.51544085071293,19.411056875624844,50.98145270474612,11.566368708787051,2,28.03891122901392,1
268.4466706740089,5.031539563713103,22.871019323358222,53.35278939472444,4,11.649804057900994,0
30.81369781830383,5.425262623724638,18.794437985169445,5.679669346061835,1,16.597713099527073,1
277.9410060611276,18.709920832092507,16.392213835938296,14.85527429834896,2,20.766805873463525,0
273.24625230280856,19.67622328930001,39.30140839441704,13.88712906360443,6,26.29344464641241,0
228.0079476721249,1.7031746536371561,40.92873482269105,133.87232318494782,3,9.284347699146654,1
49.67785607628813,14.36626263664008,60.84057943094271,3.4579526584449645,0,18.097045503871236,1
61.675017501294484,8.273667291535208,55.222653240933525,7.454374865229862,7,11.317448030069153,1
80.9711687371897,7.199787663706885,48.057758050461764,11.246327325089593,1,1.1601111251691254,1
121.49247121395229,15.549020415816145,16.9230493630004,7.8135128750858565,0,26.453871544927974,0
121.2353666521182,4.719134116696495,49.358888857270934,25.6901718947089,4,12.546678207278742,1
179.27309359317118,1.7794654045814373,77.01546713340758,100.74547846314522,0,13.160635749018969,0
269.2182493650151,19.884012732401942,35.10534212995986,13.539432557610024,7,14.885940925317813,0
0.9862324090237906,13.264780813024593,83.22746905926873,0.0743496951005339,5,6.6101532001289875,1
283.6803235816054,13.080015500946969,28.73671290167854,21.68807243088263,1,13.790935509027104,0
105.28558911086596,4.978398544788982,81.6686533652343,21.148485434351393,3,12.842533520002908,0
149.68568259243088,7.964041944591815,58.47284316778574,18.795190135089474,5,3.40829377370913,0
272.05488987653604,8.645249704693468,2.78662053932891,31.468713937648168,0,4.477436230534245,0
203.17870915922182,17.502626066345435,45.71797768489232,11.608469974108619,2,17.100874876372174,0
10.1245636742752,17.798629314297894,18.918916708373544,0.5688395154194257,3,10.126684647229286,1
93.1216553271873,13.709821232973562,99.81368869581786,6.792331843337236,4,18.72474904330803,1
27.601298245196503,4.271199072775933,47.613560069439345,6.462189604114588,2,28.781832196818883,1
23.844801537065052,17.962815198446293,79.2271635911875,1.3274534795151445,6,10.758353536047885,1
190.80243563574936,3.148606780822323,44.6946845939984,60.59900423193442,2,17.27207690223412,0
226.21420929557414,16.85302372869235,20.878334190575476,13.422766913360682,7,7.534940015405764,0
237.58324791104158,18.29199109030222,96.3051482732047,12.9883754446502,1,11.560363736552487,0
246.63280032012173,17.593221345610836,90.13485988738715,14.018626576403063,1,14.790483776332184,0
157.91659225952145,10.65934981358657,0.9767614936165736,14.814842839498386,5,23.55155579260962,0
225.72530329620974,14.968269160831156,42.966659866682214,15.08025416104127,4,18.145696740312207,0
100.03314755697737,14.877273941053373,34.0192646114308,6.7238896019074454,1,19.481897627271202,0
163.08163346735893,9.440222978286002,0.7022802060687949,17.275188715613215,0,1.2340410758622289,0
119.50514308607679,7.028223873069514,94.49577063096962,17.003605070691066,7,3.0460905752028555,0
234.01905719579275,4.089466057841236,19.784136228442463,57.22484399817411,5,12.809323358281272,0
265.9478787538345,16.755960680456734,4.4373290173531865,15.871837122655823,3,25.62924417034353,0
238.717082534444,3.004183147289048,23.736224131986294,79.46156104026497,4,15.802816283322263,0
206.36510183665828,2.981982389707145,76.93679911801196,69.20399749809556,7,25.87823536434949,0
195.58520189425562,19.474438369331327,7.539043845130921,10.043175478799249,7,5.741041645822581,0
33.55444415466178,10.697112073838968,8.583945279061044,3.136775974958987,0,15.545536450192944,1
113.02777848833462,7.369846996831231,78.00107527947972,15.336516285471394,6,7.076849297410752,1
255.5230558166833,4.489196401485103,68.18510134071862,56.91955373842675,2,11.7606350440334,0
290.4968645513804,18.885042976056184,19.706588902876042,15.382377732457014,0,24.25886059764416,0
164.83965054513365,16.716958167175086,91.6699693832411,9.860624695993307,3,27.42139313303357,0
59.37900969215802,13.24091700854458,45.37164143769188,4.484508863988784,5,0.0012042642900023104,1
82.88749609412915,14.929953576066492,43.12084406432255,5.55175846139282,7,26.138007845066102,1
142.0573586577967,18.966641137644615,56.752932667933244,7.489853244275501,5,17.34126182783745,0
202.17169613487334,6.96742519273434,3.005979239030643,29.01670136992627,5,1.5580557420186925,0
212.70525409391516,8.062632156017422,83.99408336086852,26.38161458664164,2,12.22733403175346,0
108.5034724257993,6.116598211752098,71.91780379201008,17.73918584636255,7,16.34132945636169,0
186.9130131499493,0.3094921529733963,70.22742503405969,373.8260262998986,7,10.819506003134766,0
240.78279577150832,16.45503652126323,81.60408144260688,14.632771884788484,0,27.19772473575316,0
271.99092135927384,16.73011284120634,48.24231930362339,16.25756645761283,4,6.730891079257633,0
170.6005917450328,11.872843263360881,28.037877623958497,14.368975312888985,6,15.386513665468867,0
140.3863522442882,17.99701680080396,0.8022492948175697,7.800534599601912,3,15.003484938078609,0
56.25351297376542,13.30079310853198,72.66709717675636,4.22933523698529,1,6.734167135434,1
151.31601934018232,12.147550723868417,30.877153911863076,12.456504424621606,5,11.539211519006445,0
211.2497497081254,14.09231236515825,96.57410263899877,14.990424866710876,0,4.77642341568103,1
55.40306719431353,4.785590323172921,41.27100528599844,11.577060185457,3,17.672024233150367,0
138.30922572605016,5.148289513563076,87.38554378876022,26.86508312356502,6,10.069101629172678,1
194.88859763140186,2.756097455376536,13.34230036205215,70.7117947702529,0,21.826418026183717,0
273.86766088817615,17.166916784616877,11.614007838760221,15.953223535957637,2,25.054257757571094,0
192.3498609355755,8.145677215558745,87.89503020260912,23.61373472646024,5,23.160869926398423,0
200.3769759578487,5.562005761258191,87.73778776725672,36.02602811984882,6,12.223665094530446,1
157.25756255681577,9.331098841087439,70.00178960265899,16.853059348633916,7,5.870478454712982,0
91.45089366575702,1.9651775860925635,92.77740026900261,46.53568935090099,5,27.291219410080668,0
192.8688477643723,12.220439229572701,9.201041330858317,15.782480820954595,4,8.17258628369881,0
286.3934575089405,12.021745728205977,15.002376382919502,23.822950841240214,4,1.7910492230134079,0
287.82460072606204,9.128975152958796,47.68227963419358,31.528687054512915,6,24.32949805706772,0
232.65485729811635,10.096740606344905,8.590761575873385,23.042570505566264,4,10.900467829734254,0
11.442453789445238,2.3104687882613173,76.54045030882685,4.952438157823355,5,24.389224083758446,1
204.86899704620248,5.26048117139343,31.218409370080657,38.94491594424536,0,21.888804421079907,0
208.6394010659698,11.275913362838555,25.114338760188648,18.50310430315755,7,5.369161859520901,0
65.83055863590884,7.9409955487681705,77.7563627910591,8.289962918581494,5,16.91783270771309,1
64.64008285256172,15.141063995205919,84.73662761974214,4.26919025459694,5,10.175031324928277,1
193.16154494226512,0.3744260772190189,4.009535593492275,386.32308988453025,2,1.6251637811206132,0
207.2442104816228,6.2082069496582815,39.13178914537333,33.382297362530764,6,2.104239388402905,0
73.12465843193884,9.592860866711877,82.83107839242733,7.622820704685526,6,2.6362734805464347,1
14.899055843897857,9.563316033671859,36.573634846887536,1.557938249812009,7,23.650691748782947,1
204.26617505805683,0.30179855593813976,62.305535398192305,408.53235011611366,7,7.948878804247307,0
79.87330039396076,5.397858032808758,90.33193869526562,14.797221399392557,0,29.47192759616482,1
222.20740117374132,19.205465373779806,48.9928596180222,11.570008684981369,2,19.787647969025098,0
264.3962577649367,5.579311294432032,39.875055354605685,47.388690792140494,6,3.4075414496982113,0
258.7525266494987,5.62892505528684,48.484992825155494,45.96837302114571,1,8.468415714441358,0
296.0819711302771,17.432186473632218,80.21278393259591,16.98478682396659,1,2.8490532452886907,1
93.20642445365831,2.4159851284520095,61.884414050777316,38.579055539707866,0,0.6421803357035794,0
127.12057799522987,15.63935702139253,33.73169015150713,8.128248355820899,3,25.263811531314083,0
285.47453427185485,6.9061091785941535,12.774265745016445,41.33652204003639,7,8.692601703481188,0
122.75507147509312,4.366015212244121,89.91768223845256,28.116043006638385,1,1.9142882917345405,0
37.23993554208669,19.804257087859295,18.693013074172615,1.8804005308997973,2,26.632693426294264,1
262.92879780117505,0.2588180270300233,29.591308898799596,525.8575956023501,0,27.319123373074284,0
72.99162368424005,7.723400127310622,73.94854986995479,9.450711148077808,6,8.069783569526187,1
149.87664805104282,4.455017324360762,24.101288326721793,33.642214415529395,4,24.850998729371614,0
284.14271024127686,4.403949439312946,49.87731693087611,64.51997557120129,5,10.749048791852047,0
293.7007523835383,13.050605258131435,56.8696764093334,22.504761011029913,6,28.146256164358036,0
235.94547733984496,12.43962953763608,1.6517006543756985,18.96724308597714,4,24.539562455567275,0
153.43327594561404,19.866730260562516,46.42693929602159,7.723126751773276,4,24.715947934173627,0
253.6561991242613,13.73819824351121,64.03197832599128,18.463571032254357,4,29.23583274955808,1
11.236425673047112,10.472973227405681,98.27847174390718,1.072897393038648,1,10.913884623520989,1
19.046448762176095,5.158630080169575,29.90489498801,3.6921524641576933,0,23.149578224647147,1
20.994965348633276,14.566001562327724,55.497356296110155,1.4413677809106433,7,5.261980928185766,1
46.61646317800808,14.129302934014369,65.13283172349816,3.299275512437723,0,17.437025059712376,1
121.83918505935554,17.722427452779456,78.78708212791715,6.8748587282408185,0,0.6811041234607018,1
295.00391250743405,13.702552916232749,45.8075789582065,21.529120471993014,1,8.281493949389167,0
256.5902478062332,7.7930565719508404,13.746596748307027,32.92549533513791,5,18.868018628443448,0
165.1159759154276,18.741014111723103,8.078128154542652,8.810407746939495,3,7.4064805976528145,0
283.009235729185,14.722148294538478,78.91949581483063,19.22336537217016,4,6.607890075195263,0
219.89725634759708,14.927597329555905,73.27412779576477,14.730920957534899,1,21.743768703827097,0
296.04036759450287,15.347500867355922,10.540160651107666,19.289157899588698,4,10.52302636451646,0
284.3079292596654,8.222257073237255,13.155083452742078,34.57784483351456,6,5.086289128840049,0
175.41922240135173,2.0317596054727693,98.725748050187,86.33857171332703,0,22.216122114564484,0
242.8449298617377,19.474421096477432,25.858496529643247,12.469943453449506,7,13.73389165364758,0
166.94960105358905,2.649721531898672,63.67918515354732,63.00647031915101,4,8.952620237282314,0
34.321418441271156,14.770731824205496,40.03948526860647,2.323609882688888,4,23.862616681673597,1
183.3774566686959,9.15874768983716,61.45622142874273,20.022110323246203,3,26.766727850127833,0
214.67305795397348,8.041602779290177,26.42502275103936,26.695307371663343,5,18.831354810367067,1
182.031756876216,17.948089323698724,2.3135699107708074,10.14212452329734,3,21.450818544000597,0
21.374081418656754,16.626409015957446,55.95593353677645,1.2855500786816119,2,13.342424183391907,1
17.221233148447258,13.41165592646644,32.853156864212906,1.284049728301114,2,5.572904098767964,1
195.3735782778141,16.385926610748026,99.85911005322534,11.923254809994244,3,20.414430644381635,0
149.0179121099358,19.677235998301363,25.917324818306795,7.573112002254776,3,15.558981164079535,0
240.41185042043202,4.398146355258412,97.73283926924309,54.662085115243215,4,4.761322015972748,0
166.66546070766296,0.30626665375870665,69.37335054670328,333.3309214153259,2,3.8902641268016778,0
172.10922252487555,4.034445312406669,3.198402134855538,42.659946832246725,1,12.376259087491736,0
29.55903345493922,6.379345385751423,77.0641185940454,4.633552765611462,7,23.23169419469887,1
218.58849796769053,14.150126153361528,44.95264582719598,15.447812662487273,0,26.866028171937305,0
161.57363883531517,9.620174680415394,86.55381205460986,16.795291582827943,7,23.48776030884621,0
299.10607510420385,14.258349778541163,34.27469348565334,20.977608190981464,0,27.692452940500242,0
67.29476573463064,17.650477004916453,79.39315270648994,3.8126315632085195,7,24.38013546457102,1
74.88478741443157,0.04490018481016822,79.474085454455,149.76957482886314,5,7.263604028315261,0
251.71353784545795,18.594104384458323,26.03976130797896,13.537276797039492,6,20.01974222363807,1
148.40643994992314,19.882510032043964,14.54453593641235,7.464170253692393,3,21.408288765672182,0
201.82024999687138,16.85544864385864,55.21015529081161,11.97359110760932,7,14.533674380331586,0
185.3120815667404,5.041866700381494,93.43360860413065,36.75465707031063,2,19.599425281549433,0
235.01031784882272,19.998235012731296,97.72398113592924,11.751552959509187,3,26.58047589826102,0
172.6134271104047,4.546500515184548,42.789500009618266,37.96621743116598,2,0.23143349892680298,0
51.84636168783937,7.827703885404091,50.463182770633395,6.623444428514288,3,27.86200380657877,1
29.074155946808954,6.481930628625836,45.47810629717055,4.485416091682649,1,7.0627392085946274,1
206.41908154404715,2.6335087914777344,93.13599466074679,78.38177043951302,6,20.585533265734977,0
286.37382759729655,4.353019739554684,50.468896967976896,65.78739466653388,5,8.058969235200145,0
95.23946262962866,4.524511556261106,38.752157220083014,21.049667228241347,4,25.873203462813635,0
130.94939615308294,10.964352140915159,73.99169946659636,11.943195044276736,6,0.025134096166994357,0
161.37699622053563,6.9033613910241005,90.4076092300033,23.376582374835756,5,4.859801453553777,0
99.49546527254189,16.409375569143457,32.5908579014095,6.063330371914658,6,0.11805605336848046,1
66.4980798068348,4.109486502188567,56.398190272133974,16.181603169014007,2,18.754778656624648,0
54.721608029440375,0.332118314043115,19.567990935076672,109.44321605888075,2,23.21350117296236,1
269.08514342258286,5.9415044512034125,55.5334209368292,45.28905862690744,4,22.570422285254686,0
200.72703951801324,1.9477857193649784,64.61762296111824,103.05396405896987,7,4.934119658419355,0
280.5482216240821,1.8419642645588397,29.073317118540366,152.3092640949117,2,8.823774246087883,0
257.42932957295847,14.818587200639325,86.9880184511045,17.372056194523868,4,25.646300276084748,1
291.34050186085017,18.79346433527558,27.75285585733488,15.502224425647814,7,5.749587531006149,0
56.529553124190876,16.522309300497106,98.30649320067684,3.42140751005612,6,12.440834027846245,1
7.163566384455899,17.386680743856452,43.2962637141551,0.4120146041668782,5,29.80620490671243,1
235.09335194510516,12.235148881914032,22.85012164512813,19.214588577064198,4,20.931563629558685,0
116.97195415545696,7.247142574634811,45.917339399501,16.14042402930803,3,7.634140969125072,0
223.8085648481856,19.797987350232976,48.50702787062263,11.304611973375764,6,4.086122084959179,0
121.95470502236874,13.931721773567942,45.153669292250484,8.753742502505913,3,16.496484064864077,0
136.31360591762578,5.833417534694392,54.120690428279985,23.367709427089235,7,21.65180454373332,0
131.34337539298966,19.45773889955574,22.559255401090194,6.750186960109147,2,14.549854970932598,0
113.19138087171876,10.239946052296226,79.49622864583358,11.05390402387291,2,15.469778470892647,1
21.331311431338808,15.33374272042052,65.82023052460265,1.3911353425104165,6,3.5333717723671256,0
283.4836868006927,13.12387904845865,67.88655298785108,21.600601906948143,5,5.197378228071333,0
237.6974637231549,0.6097668400883416,10.425511028791679,389.8169728099971,5,4.598348299879428,0
128.61820705103332,17.436886371707573,61.104894644083764,7.376214096326528,7,22.774460893596633,0
76.0264250869495,6.123710910803641,76.43585626496962,12.4150904891381,1,28.152475370280623,1
202.59678099676879,15.313830933020203,75.94809663262025,13.229660290941487,1,2.6526902684686515,0
192.0209670157819,0.7753609371940207,75.48909800189935,247.6536510991809,6,11.423440226006953,0
170.46713372457137,7.824904515809569,17.408448458227856,21.785203050101977,3,12.11755263903314,0
283.29850282629656,10.20176223405828,4.709756447649893,27.76956532867556,3,11.243455547499577,0
239.36766752381988,9.398672391258295,25.93205338611324,25.468242487785375,7,19.453659191613283,0
270.4762144525955,7.830258378585637,6.608371686629688,34.54243798548204,2,21.840222475899907,0
289.8205257486953,11.624110154442544,21.211938112138938,24.932706409180977,3,22.50482441446949,0
270.4647404007403,16.78812236605723,21.485860416381563,16.110481833726368,6,8.270197872905229,0
280.7801178124344,17.839555760486853,22.06623777234067,15.739187768023868,1,24.34253992873838,0
241.8445257310244,7.73522848704893,9.039606037484893,31.265337040262477,2,0.9849758751462834,0
55.7230020942289,5.053034584477052,42.65091060648803,11.027631250617253,6,27.689589089665684,1
208.64677295207773,12.11326972428215,4.480745608328762,17.224645178487712,6,27.12382087529786,0
297.0375133573717,5.68716835329422,68.86353769714795,52.22942155129213,7,5.753780360750797,0
209.83570947536128,3.4084555356223545,58.46479232318844,61.56328204441344,6,26.283252466715933,0
209.68446550336418,2.541962328778662,30.796612590536444,82.48921045344972,5,27.676163646826843,0
206.98513192507605,16.88405556412293,91.1295636534899,12.259206986081026,2,14.161090931141429,0
15.884443651578783,9.164254912159427,65.82707430458808,1.7333044316022674,4,4.332635670106868,1
40.82193473437744,14.428379439875034,14.443997036386113,2.829280648217483,7,24.88573437772055,1
73.91114557705097,18.009376038355896,20.212290132139277,4.104036998263402,3,13.89808899411966,1
212.2955190752643,3.8830461149876605,96.23319859152785,54.67241768153426,1,15.714985577855229,0
65.66805926517402,19.32251844371769,6.7618606345165695,3.3985248587781585,6,12.155625222630684,1
143.5119019972444,8.863079785634081,94.19079297322332,16.192103136638668,0,18.61295205992354,0
70.32232720069443,13.326593171621681,27.49011862474886,5.276842047706712,2,14.64536118881847,1
143.26780535123987,5.822282536417001,30.930938388544927,24.606810895062825,0,17.79615365445535,1
255.09891522265963,1.3638893344690994,34.994968191601814,187.03784007663504,2,3.428812194078228,0
52.83108133214937,7.600609246342511,59.27026043778748,6.950900858055848,4,27.797342290379913,1
127.58522500919761,6.405785341999932,11.131727875651553,19.917187073484513,2,16.1743722671006,0
222.16726136345613,5.028916594502586,37.80306395396427,44.177957058647706,2,23.499730867745367,0
99.62327886584768,11.218680086691277,42.53582186233815,8.880124764768969,5,29.34188194666824,1
5.829403116023979,11.844382198382826,39.358071426867134,0.49216607657425115,7,5.681889475434651,1
126.42024422814045,15.310455066678532,1.3573531587396936,8.257118660259795,2,3.3151812180558893,0
20.296751256249777,3.5677465433711864,61.000427763487075,5.688955481986467,5,21.081409607801564,1
216.2547055110055,14.63285004976036,40.495196179222745,14.778713974079647,2,0.5413602535844408,0
228.72471315883215,12.928247832645987,8.74868515857653,17.691857096153743,2,23.898270588111114,0
276.3583258094573,2.179204724498487,60.10022733255942,126.81613742052494,2,19.099012528957502,0
57.25198808943107,13.819119387518512,43.387616120536585,4.142954878958591,1,26.198546411598652,1
14.542677301181916,4.858323519038912,28.22378566706848,2.993353004218787,4,1.5704336364235494,1
128.78839991719875,9.81135118781513,2.9830232774927246,13.126469275418767,1,5.011805330365256,0
288.35494427020893,14.906078412846941,42.72483953049145,19.3447891714891,0,17.530948444714817,0
69.64080595907487,10.057787039690027,11.333764402126045,6.92406845405042,0,8.864499438170357,0
0.08049141943257121,9.960128729765454,63.85792640353872,0.008081363365518134,7,13.971135094178091,1
261.3512607905704,7.188179648682809,79.65918612660543,36.35847649390085,2,16.46797503087256,0
105.17102302484051,15.89021145563812,4.837460718130082,6.6186043727897665,7,16.899964806702258,1
54.07763979312933,8.35852426934262,86.323744600696,6.469759260193237,2,17.379381674143865,1
254.33714056506224,19.256580484375515,52.44452175642264,13.20780399050742,2,13.568365247621943,0
217.76670184018198,16.897010281525237,42.02540163510571,12.887883608515205,1,18.997442406206098,0
80.87908514991567,2.7022149068203527,52.83284543063162,29.9306635256056,7,16.95430451987275,0
66.12507167045771,18.329490514040014,51.0051261720901,3.607578269554588,6,6.347896355705177,1
92.64441789738551,1.6014704389413814,8.42992195317983,57.849595999178206,5,24.54098033123268,0
132.88696263059853,12.629579743944202,81.87168373225221,10.521883176225,5,19.46110520239006,0
16.9415943098168,2.516858534472046,67.72588714838335,6.731246145850858,6,19.698982238010142,1
169.37486863903888,2.7072137812668973,12.702451245065893,62.56427542259938,5,6.490699935811085,0
224.34734792681635,16.10834560348107,75.20173717531205,13.927398470910266,4,28.808995433674312,0
157.03308372961342,19.32085523464699,3.2253037152226605,8.127646619287065,5,16.131865440208063,0
158.95182043624575,3.070444845630942,6.902607434136865,51.76833599939912,1,17.559854848476192,0
261.32600807190494,19.24913247912588,81.46125849039197,13.575988858474103,6,18.10013381485522,0
156.73345423077768,12.8283869053733,26.02501352777494,12.217705576460926,6,24.492460655676165,0
257.6224710516707,0.5391806785834352,10.894511050255263,477.80360329029304,3,18.48432028959549,0
111.27197593200133,18.360505505578118,69.63742001382569,6.060398277062454,0,12.620480315440549,1
152.35712484815014,4.344114654270532,25.22664677071954,35.07207727548666,6,28.03709720765753,0
197.39816394819124,18.79246211739936,12.821420330688692,10.504113974795585,3,4.118561641573924,0
10.121529292014342,14.461751607045176,51.704899514582294,0.6998826675382493,6,9.970913226772488,1
182.8966454051289,4.597717804275874,28.49216656729514,39.779876275798216,6,7.777816516931201,0
190.37670447364064,6.744163576938009,33.092678938293055,28.228364021988273,3,1.8145276280718137,0
215.4357917220074,4.151690585767294,50.57270568371229,51.8911000883732,3,24.34265894806792,0
29.420620579152757,13.84050377700467,23.753731796826816,2.125690007616175,2,3.3092761692537342,1
270.0717364622959,0.3118686692647854,35.471488646750416,540.1434729245918,7,11.34042493856778,0
173.63495887971814,5.403367663712597,40.48571213633636,32.13458155842303,7,4.298882101981688,0
176.10800342689564,16.852514116156772,53.220006664126274,10.449954363667205,6,4.562309914768275,0
124.98623048698093,3.4099125177911938,5.582233655995694,36.653793853908624,1,7.836350057815111,0
180.122888563693,15.046358172442185,11.757828309759565,11.971195055930078,0,22.863170936347284,0
269.0481326865707,9.584689741498451,78.54046326089595,28.0706146931062,4,17.446823132881182,0
129.80432655895925,13.951373541091671,82.67961577382508,9.304053552622625,2,11.082955676559514,0
4.393201341884801,12.280932589562571,36.484943907892664,0.35772538525441744,3,6.705414519034171,1
252.19227595568688,1.4732465714060705,93.10133189360366,171.18130858094847,2,19.165046245476088,0
160.72149698520576,8.251876856576619,33.85929086818903,19.476962608465637,1,26.033449055415158,0
132.68846967085184,17.577437846195693,93.74974786698414,7.548794701018942,1,6.576398850971415,0
92.36406540997618,5.764883217391099,91.92216049012592,16.021845010032237,0,16.615189565652265,1
244.65836163558978,5.51317745723352,59.446957102197985,44.37701552932742,6,23.05189458651716,0
141.51361849661615,19.899547839395794,17.525593895512582,7.111398693012358,1,16.048379729582216,0
196.84563271108206,0.9993017481338162,70.23589865810976,196.98317658173707,1,23.025571878248094,0
223.3027328512712,5.315341313340749,7.3190424960047125,42.01098663049411,3,0.8188498003312106,0
172.0099662632702,0.3594421549199045,95.88430246978244,344.0199325265404,5,10.881801752078026,0
238.92302498195156,11.624820389368907,75.84045737967642,20.552835827076578,5,14.973263008381803,0
62.38165244330794,10.562086174491863,91.27497462828771,5.906186657893755,2,18.34228300170885,1
140.32892439055595,15.584396954988382,94.12489957000929,9.004450078874456,6,11.90774520891567,0
99.19361608679793,16.353882765400037,74.26904098399295,6.065447423694524,3,24.080524227948278,0
77.91883600831643,8.721371230146719,91.198652506446,8.934241411370998,7,25.133527221866103,1
194.06729895130917,18.64673181765637,14.554339312369024,10.407577094424083,3,6.890050209804191,0
120.34215338387915,7.395194744901838,56.54044601416028,16.27302018879782,5,29.547789823028406,0
58.58407304067348,1.3045074152153124,27.186622912193638,44.9089613116565,3,2.0041864842404356,1
288.110430445957,11.438163766202694,57.878683697679115,25.18852119404525,2,20.91124085716428,0
128.57119077811825,19.046637348919425,80.9806750808956,6.750335422615294,1,16.63078460850661,0
10.468750250138715,2.18615078902062,6.768062561386667,4.788667965044003,5,2.7236550967906767,1
295.0975605034524,8.989340314082224,8.946488812647802,32.82749903696139,5,15.517637340586084,0
3.1332072629500107,10.645245906921348,62.04952183862553,0.2943292517942545,5,21.614669097559965,1
274.03925589493787,13.291782733882291,40.9271686453442,20.617193448127924,4,0.4028925104072223,0
41.681694091631115,14.292758000525703,8.219568462433802,2.916280684952339,7,14.106098533974302,1
167.96374734581465,2.628270018626049,21.259760719199218,63.90657967236531,0,29.4292289441934,0
95.59284483101669,0.7769401081015204,11.55724668144117,123.03759818063848,6,14.241785919322702,1
48.421282022431214,11.308012886511307,50.58919052227665,4.2820327946557475,1,12.349106802547565,1
140.5859968855612,4.948042505434255,31.93458962169008,28.412447292269764,0,19.810382131290535,0
106.42053003703683,18.999513925166397,65.71336187168929,5.6012238237355225,5,7.418559426851815,1
94.68005729052219,6.398327873005886,31.327856799241992,14.797625124834719,6,1.0908471072068537,1
116.74860163478465,19.24122226098509,46.945276202454856,6.067629179229048,0,20.432615574721833,0
176.80274800977557,14.109491852275479,34.152215274983945,12.530766512421359,5,21.019993571463417,0
36.067989826252465,6.130203181986797,61.60985457092697,5.883653242071308,2,10.010792217589389,1
288.31611779968847,5.675203614215896,51.98883938881082,50.802779494550904,7,19.399840316159906,0
250.803046737969,6.251175060299127,14.454799194988988,40.12094435345532,4,13.709843656801805,0
232.65148114044865,5.324770490360953,41.39533936304668,43.692302149285275,0,4.001530482413606,1
198.69498166102613,15.577555855299384,40.71951265945025,12.755209065318896,2,16.718617272842465,0
138.62197796660766,11.792870217879685,36.41792379353961,11.754727679139284,7,6.532575834218594,0
160.29804495154224,14.055394085531056,34.62707927015144,11.404735006082591,2,27.309230991266887,0
158.4533763294648,8.226821593765967,67.45107733756673,19.26058253767602,2,13.807910606297854,0
256.2758630797741,12.169720119449893,27.50485052647671,21.058484547248447,1,8.032251195436807,1
30.064258279879063,6.524568271109015,74.6009712688255,4.607854041930177,3,5.650976126898788,1
222.57757051824245,6.686842935531708,5.502222032417203,33.28589779423974,2,15.246591276809367,0
118.18535615084036,14.362265127366465,63.55078973856636,8.228879992310198,0,28.729238677610784,1
202.62754318235167,5.696396437029765,59.81864095712742,35.57118002973937,6,21.942579205152317,0
185.48525652689108,10.445179196677952,24.021124746261368,17.757977439571736,6,25.237727997517137,0
90.048829167479,8.843201802539323,46.36586214985856,10.182830967582523,0,0.8108231923802423,1
126.1102330913675,7.386404259725772,95.63121984181228,17.073291503821572,6,1.8659024965124138,0
267.0299327715742,11.348285359648777,38.62232233129579,23.53042105559448,7,7.7230084584300815,0
126.0351653353804,12.521262718425652,96.0963739979438,10.065691310023666,4,19.257332719725863,0
128.79735314458702,11.906069138163529,46.68224798648152,10.81778978854927,7,11.930646186775903,0
129.1979695081373,8.757651321472512,51.54091247094985,14.752582029768908,1,12.833897415103259,0
8.41164252146861,19.190623753299278,81.05158683506936,0.43832043343679583,4,10.32405247300379,1
143.17129154445587,8.970063889397586,14.323689238707505,15.961011349504558,7,13.880753266895153,0
16.82796390760679,18.621414981886026,96.76193199403977,0.903688786484603,1,16.556750347352494,0
78.22223284287936,11.826541695444735,81.68743802017782,6.614125655432176,2,18.76613523910002,1
224.04821386394863,16.421700572619596,5.607579273132856,13.643423400223913,6,5.1554614267747745,0
260.2707772748353,16.02444337110855,9.028510785155708,16.242110334022176,4,5.5764065843624735,0
186.8448154705678,6.891350599977802,26.32338033964161,27.112945823880974,2,17.662879969338125,1
289.0788889861673,0.6675751471804681,37.679154376318266,433.028236906518,0,9.544871795881233,0
193.9076387076356,18.607719534863733,94.58616517948137,10.420816927314872,3,7.389706654675464,0
161.89117710186608,8.298742528243766,11.432852594261,19.507916597109627,1,12.743455693310061,0
9.623885628991868,18.13332623574318,33.029734271013744,0.5307291946262963,7,5.2832237285185455,1
155.96160903110865,17.40163643528765,48.28669677442876,8.962467961624817,5,17.446322428618156,0
238.08304763944125,18.146333823815116,27.052721824365133,13.120173471458063,7,19.90901825930625,0
141.28462393059993,4.6384645845526755,64.8209242509149,30.45935165725215,4,4.896543035679217,0
283.863688138796,17.0570684714248,14.624211020143429,16.64199734053624,0,18.216998361413694,0
122.49496022273695,8.723269173951834,35.01446522405903,14.042322640749605,4,2.1210753893868564,0
115.51049824773517,13.484852887887195,32.42563805367599,8.565944264137489,1,5.26127966146783,0
164.02108099089827,3.7841735499964435,89.39211149835724,43.34396370141439,2,8.328726873454466,0
70.11744089300602,1.3304742361997923,56.28162024274659,52.70108881873662,0,8.927245611938181,0
19.173947582368946,14.457289213760223,13.03948325664237,1.3262477701642352,3,1.7184723559638904,1
151.10833785236977,12.655270528182811,69.07385619154229,11.940348293294655,7,25.25752593766381,0
96.70936283224901,8.293443133053582,4.12705067993816,11.660942419296648,3,15.412952731716784,0
80.27081777548985,18.285770725180754,33.620885020044234,4.3897967978430055,5,24.984403936867484,0
238.12953867262632,8.52359219422766,6.4408620675002854,27.937697304886573,5,2.25505497747186,0
96.44740666353643,11.32614863947958,19.02091081503179,8.515463617292598,1,19.364578263652337,1
41.17951203066406,6.335343770272028,87.54754360030172,6.499964883341426,3,21.244354566423365,1
43.36046028458663,15.749897249884267,98.00454274680209,2.7530630579132986,3,17.162539757314466,1
258.1749959751777,4.550302196739391,97.00663457947857,56.73798899778087,0,0.7163125546010951,0
100.85366986999078,10.28529718527917,98.71114457357557,9.805615535770574,2,12.99953068016456,1
136.56965210226505,9.72253220654521,3.6399397741407102,14.046716349299038,1,24.289889843986792,0
58.792174609310045,1.6567770500142998,62.82495767704385,35.485869754655646,5,10.177656117311827,0
65.28773040408393,5.731663498323392,26.686430252695935,11.390712386235112,1,6.52940786098328,1
276.6183876860747,19.14066392075019,42.757684929616445,14.451870051706809,0,21.198248603763584,0
149.11150617889695,3.6267433614212963,10.751418648572342,41.11443554706368,7,2.611646203570036,0
133.2973420487048,13.258166825849063,69.83607203235177,10.053979844997789,1,26.423020766306585,0
245.9619433500277,18.32068073338749,26.301505872891784,13.42537141110637,5,5.4469644448210985,0
274.8008761778817,14.658757021669803,89.30882775606985,18.74653326824696,0,13.550583553817457,0
98.59617458880498,13.82722386566774,5.540914530594221,7.130583517463259,5,9.122017272870078,0
218.28684367374322,16.772948570547857,80.3291494223586,13.014220055324076,6,28.00913001412509,1
118.92002169514977,19.327921457397853,8.244918182008732,6.15275791332609,0,10.360671814611935,0
119.20426880313664,11.118793611347204,60.47838180733394,10.72097144437357,5,22.45787963576987,1
215.90915921028312,3.8322966850663187,27.364956582688148,56.33936434296364,0,7.232967920338003,1
63.81504704430885,12.247207434958016,30.57212942521422,5.210579422551245,1,1.2034553808508852,1
15.785858510411154,10.902550981714029,23.632425849600637,1.4479050395533581,4,3.0673058288754964,1
50.13492796198109,0.5692436923441546,22.59712256433759,88.07287394880856,4,27.74606306727025,0
90.5343180735544,17.49514254797472,92.55808079928963,5.174825973854947,5,19.3879240567153,1
17.2273757811659,5.4187687985836845,37.6225026772662,3.179204801221388,1,16.702721095543556,1
82.65402482880293,13.305904337877188,62.820146753928455,6.211830682828243,0,28.42992996243167,1
177.7927226090396,1.5645994482794934,69.43896388730974,113.63465761447685,7,0.07411148144806146,0
52.60393509400772,11.743458159562618,86.30518949425795,4.479424576582043,3,1.8354317037734569,1
96.05554627982765,3.408219255739582,38.42455237456075,28.183499673052474,0,16.52239230708836,0
263.8228784135825,16.30352126343428,65.3350276052361,16.181956900641296,1,29.96602427795689,0
289.19986238988866,7.246408137346014,18.75200620568547,39.90940848327757,4,18.979379218318737,0
210.84758856511118,11.841484845542203,57.570900472329164,17.80584034142357,7,5.124011003100099,0
3.4276959227861337,11.201556831698037,6.362139007151457,0.30600174371177397,1,21.555986221688013,1
87.08691048206515,10.877959154587733,39.93688185051513,8.005813337268933,7,26.361349293693888,1
249.09625780508657,10.343955693530319,87.02353041753219,24.081334567286007,3,8.11637598966514,1
143.9165653589973,15.65454588788343,99.83239918425355,9.193276278322982,4,28.518343502914988,0
45.92199958500368,19.89948648959562,74.62284591754323,2.30769771918556,4,28.28612942710372,1
273.6767117785726,15.294522021407925,50.75150521660375,17.8937734304808,5,5.8969839636831125,0
17.167701933314827,2.84986109761592,39.32403816930292,6.024048662468722,4,24.50905353973349,1
281.1856305082312,16.39432252131211,73.34222513782139,17.15140288003354,3,2.9308174666379583,0
110.99045386820595,2.2180701110149292,31.33207036613721,50.03919998607244,0,29.151271841407542,0
12.317966682620106,7.677817938042191,1.5829923575065852,1.604357746175098,7,28.09690614089625,1
238.66661342729657,15.054476604477058,10.54467039899183,15.853531125507173,4,4.063873122287126,0
149.27435793081472,7.4677740173617035,50.40560284855262,19.989137001704826,2,6.534810825329444,0
260.4899247960228,18.88367111225096,58.71549027152169,13.794453591549132,6,8.634852832887045,0
270.6802671322653,17.636385725472874,77.46047250965195,15.347830975442546,0,29.021045998813666,0
67.27267692265274,9.93876603796898,83.77394727471355,6.768715217326932,0,2.19723992377678,1
152.67931170763717,18.014630189781712,25.148759456003923,8.47529536266807,5,7.239986597313108,1
244.11629901678924,0.6448536709374131,33.303921048617546,378.5607650522039,2,3.8977298043300324,0
13.226153150616572,4.712950516952359,88.73440080842056,2.80634246063956,2,0.09509607147535792,1
123.95826984106351,14.046636068979453,29.046815070515752,8.824765533351616,6,13.345346593909415,0
250.19572976856722,5.8929076895698485,30.32577578867215,42.45709299186905,3,16.98351425112194,0
127.26168124011393,18.332859382710158,50.511666678929835,6.941725705927537,6,10.881394660720336,0
28.22242927633811,18.71602045978382,91.50739395299003,1.5079289604850161,5,4.834408348988314,1
249.33590474098335,10.489156565814593,58.6788538277485,23.770824963524586,5,28.050430810035945,0
167.47733383009526,8.026076278615832,10.312137325412053,20.86665115260756,4,15.908917583342156,0
10.405591080668064,5.379197345007658,28.456494585361337,1.9344133359088076,1,10.550642489048132,1
85.92548981880405,11.385190605488635,30.56706694298673,7.547127913465113,6,5.619800573890341,1
230.52988477782657,10.32063714176866,68.48407432135336,22.336788088871845,3,3.9263215388200434,1
279.6463807899106,17.59253615333649,98.92703243191829,15.895740008860214,2,9.548870483740497,1
39.72492995836876,4.1008582669594755,56.60727819485931,9.68697949851904,6,5.586138862124733,1
282.97267630996015,2.5266561167659662,23.680415600422855,111.99493054565555,2,11.713883657537874,0
265.5889621412782,8.963566985160627,14.498180033517183,29.629829573535435,6,28.39532943264188,0
290.21721268544974,15.97704031204133,26.121044480392406,18.164641699421843,0,10.360691289077494,0
265.8310703514911,1.5641982567591572,37.62379283424012,169.94717210736647,4,13.440339827570595,0
106.98476612183937,16.24505121731815,13.368916671243392,6.585683522363261,5,27.39915496513313,0
181.4062739644706,13.20361920478871,15.9427626335373,13.739132517444753,4,20.08505857142235,0
44.35513135261513,12.045518864664505,65.07749043067264,3.682293129167792,7,8.484343906856164,1
299.93592763802235,9.28971650530324,17.881375616905405,32.28687629668756,5,4.486037865937698,0
62.718952550852705,9.683250469081006,58.358802381281826,6.47705569024748,5,12.359561363458475,1
30.61966987194643,5.383518549513225,55.881189096086146,5.687668685513315,5,27.815403099377857,1
134.0095003575001,18.678632707784043,52.54532064945224,7.17448126177103,7,25.657489823723992,0
66.66407570170006,7.286465426431854,67.32418180298,9.14902793058954,2,12.62236715445433,1
0.44633423912383563,3.834050596389922,46.67795913252277,0.11641323657650646,3,2.5725586139627934,1
206.58571079591644,5.299485896428995,10.592666163253284,38.9822173005729,1,0.924807717253413,0
196.28529941293172,12.776673789187619,38.29850714420745,15.362785545878147,2,7.231359210735386,1
207.94247930446264,14.776327779583074,71.26998538627454,14.072676405553445,0,6.91173666134369,0
193.18110281611334,10.071531416899415,82.40958403812506,19.180906539393526,0,17.340301210111953,0
11.312749579473858,13.508078674982283,82.19744376776991,0.8374802850701264,1,23.526047711459054,1
203.9465571058307,8.906352666991266,18.037753336080144,22.89899858352765,6,3.2596964478446857,0
142.7440502280773,0.9686226604966985,7.343167855277533,147.36806813385905,5,10.4572311976829,0
184.4988506267559,10.751865060411763,0.2554933538855719,17.15970667322439,3,10.784444108334885,0
19.551901601162612,8.755526082702644,30.07906498628039,2.233092725266299,2,0.7191069029627961,1
149.16530476707996,0.42608770805164564,7.03615237269023,298.3306095341599,2,10.262700559466383,0
242.59512360726814,15.334043787811186,61.69861815029466,15.820688069255649,7,23.757059015279495,0
197.8804951002463,6.619871659806462,10.45797968329083,29.89189296549467,6,7.617816538590549,0
122.20786957646898,10.434740413939192,74.81057046888971,11.71163485899642,5,13.8379203877612,0
164.47548316013095,14.556068761558592,13.367531753214179,11.299443953885234,0,20.88057587237586,0
113.40870428330099,9.612224135986994,90.97624305951646,11.798383254372174,3,23.656282666422424,0
185.61687161255182,8.314397592830163,26.05231841449266,22.32475288078798,1,1.5851396984161836,0
229.8817122036808,9.134504822318926,14.315626428553951,25.166302571979156,4,24.322501419048624,0
253.47100765626686,17.14450894786972,6.328747789969569,14.784384226283818,6,8.52005886455117,0
218.03074150975826,10.208959037875713,49.295953609614266,21.356804420593132,2,17.973875234455246,0
165.6763611478367,2.956796598138165,20.362507758724558,56.03238357760549,0,19.9681380666667,0
45.376856216764196,13.281242030866007,79.3300988697257,3.4166124005049388,6,2.8929972520005465,1
94.68216466676186,6.822164684385157,75.59517738089163,13.878610242797889,3,6.448743679126353,1
125.39758111685539,1.071179806782272,4.2246012295036,117.06492254884684,2,3.759548897271338,0
182.9065221235499,6.187571515509589,98.12310933824313,29.560308380288078,0,27.135095152561494,0
286.42216660105356,0.7125161435848093,8.082044995367422,401.98691521571305,2,3.2812533276313474,0
235.8968584773389,4.42239886431838,51.03083523737519,53.34138003259854,1,0.2019810016564194,0
9.595644539520997,7.779889743052291,49.6578681026797,1.2333908135510838,7,8.683582136212374,1
283.1613774569436,17.04943761788953,33.51426043012402,16.60825323410256,3,8.730519635326752,0
35.03673194054495,8.247730848246345,79.09378694107566,4.248045018102713,5,13.617495544939445,1
104.8244282802241,3.762128231794142,33.173295943155054,27.863066281032587,1,7.536891934505467,0
4.296642406397144,8.825776006160378,22.797202693843243,0.4868288526015269,6,14.682318910534097,1
179.0429708859446,5.110381411358496,3.972321091160791,35.03514835272335,2,6.562438881921452,0
38.528283858787816,10.358805309239143,2.285024332894303,3.719375227993133,6,7.718875324360724,1
37.00302113314261,7.265579295215094,49.56247155796859,5.092920967432254,7,23.08771886764252,1
175.0264946344448,14.114004546494577,30.84797387714654,12.400909611292086,7,21.125289758922996,1
102.00753624717336,4.2273737382124725,41.37165051200813,24.130238432693396,0,16.81072213321008,0
144.19786185972174,14.102112759166733,8.515674192654899,10.225266548516956,5,8.563071545657152,0
129.42420163096827,15.68039449072237,23.017307109500184,8.253886833494194,2,11.167330185330876,0
232.2434579990845,3.9608180005085214,36.68343626201309,58.6352258471021,3,28.12940502218058,0
228.88964966410848,12.073018728905403,44.390977778180975,18.958775332311664,1,1.2693396241561383,0
160.0027731029819,5.283306422737324,99.7937490056383,30.28459080366631,4,29.467693014364823,0
164.11739801234845,3.2292315508408898,79.22228512682038,50.822431104270734,7,19.72687428639775,0
13.132766603698887,16.422453328637637,78.50443735382787,0.7996836003057983,5,24.358588016196798,1
133.93928083785266,5.796459322758471,74.19270124306723,23.107085442999786,0,7.192986096625722,0
58.49300989715164,2.307705192848617,19.841482791703136,25.34682942969341,0,22.691277645160792,1
181.66671331309107,5.43780724237541,93.63002520546607,33.40808256265685,7,14.483169864467278,0
140.59599896113968,12.515022324517242,43.535759081199544,11.23417883847547,5,9.124557011160068,1
280.7675869728576,5.908070916837788,80.95025047160577,47.52271780839328,0,9.2109768110925,0
44.526508073049534,7.259688560776585,95.75486868262739,6.133390943741316,4,7.504452619262833,1
256.6802931195773,4.759279974207409,22.281907727773376,53.932589490561284,1,11.705509938925232,0
106.56514367476501,7.554397119953453,42.433657256654996,14.106373014637285,5,16.285239740920638,0
223.01139992009524,3.933875858358742,27.02073674594938,56.689994282925376,4,3.735904154844719,0
52.21571033431671,12.809138776310823,55.84849800481459,4.0764419252670026,3,5.225216601089482,1
280.22672202890163,8.95570935041335,60.70719915346604,31.290287688486426,3,29.287593003628018,0
77.13223510896621,17.784250178018763,94.28181020834447,4.3371092026303835,2,5.140016451691865,1
245.60138085841194,11.391231337380782,95.15140077991116,21.560564752333768,2,24.935551209695436,0
298.02447008143497,13.984245349578945,76.81880088350334,21.311444602937282,2,26.875176069503205,0
195.89246033884686,12.954607466305724,41.68190085500972,15.12145086976608,4,27.4626689268167,0
18.352381491316994,10.858397320059003,97.7018225158989,1.6901556417920125,2,29.193084321991574,0
238.51566294313264,5.227197123196714,64.6472256153522,45.6297433063453,0,13.140972288011264,0
105.88213755022379,6.672312434906629,84.54655529935346,15.868881828179182,3,11.896105658804675,0
91.78847051844504,7.928052205573497,61.13295151098287,11.577682403997903,6,4.84549265594797,1
136.56801106687283,11.206313665529501,1.12258217971688,12.186702527072265,0,24.18651571966093,0
64.40865453769064,13.630503603921209,89.32493878253939,4.725331976667511,4,11.720641976358108,1
37.7271379194261,16.73981150816291,49.35200367912527,2.25373731962448,6,20.977942343365953,1
286.400690907842,4.74758952938771,76.45680040042998,60.325495524626504,1,11.357757814792915,1
17.648474553100957,0.3541323884696679,66.21893270650209,35.296949106201915,3,27.323297477856546,1
21.766621555094034,15.041958048702487,15.41476792455062,1.4470603816749519,4,7.603652269209337,1
0.48000452213154965,18.56312466053573,16.162938233240542,0.025857959309620707,1,8.479538113880993,1
88.01976448922915,19.730911802321913,80.77610232197216,4.461008460788471,5,23.026061231558078,1
288.33742349486755,17.472452680403023,9.046226406742097,16.502401166509653,1,15.33945815846722,0
81.68872269079117,16.670878241609987,56.818742157258114,4.900085136900508,4,14.087033825725655,1
138.58427420843594,2.5250927222524866,4.762281011440783,54.88284568212334,4,20.578308459634755,1
0.5882738915770069,1.9556384984521546,54.501876845517494,0.3008091178623314,7,10.00921754931846,1
48.05110334101912,6.822129490150559,60.56448199293237,7.043417075327117,3,24.595722826768068,1
78.76337973943286,10.390369742956358,20.20860160899687,7.580421263913793,4,13.707841440634635,0
181.69136005237598,9.547479344455382,0.19878318070996048,19.030296217178172,6,16.955346154888872,0
241.39396946742946,11.59147207157406,65.30329392603971,20.825134890278818,0,17.734740487335053,0
240.37582517658132,1.6946473405166462,99.90913528023971,141.84415803189947,5,7.567737641150271,0
88.91818408173384,9.765895431985898,39.71266349558136,9.104969912999806,4,19.973718676231535,1
154.5343332225664,4.5003806121162215,92.8997447735226,34.33805860920271,7,11.781845745447697,0
99.1709755278469,13.855635550077462,30.34392866144975,7.157446886461479,7,16.057575122930928,1
99.2060061093617,14.589448019716912,79.64268344605726,6.799846435265387,0,27.26653182750504,1
109.03725244229386,0.23588469478028395,95.05262473214015,218.07450488458772,6,2.416666481394204,0
179.93259059398437,9.011784303373798,54.09335025470243,19.96636676341908,2,15.894641959248508,0
37.426686838186576,14.812778837476028,80.13749893036332,2.5266485950291666,0,3.0757288346814082,0
154.62907158078363,19.9113670407744,82.18754799974245,7.765869177346536,2,23.914365634408696,0
78.62693520288647,4.858243982269654,15.813906957840118,16.184229423190448,5,22.42809561999002,1
85.34877602684952,9.063410405838248,49.20803184920592,9.416849972044918,1,10.591156852432798,1
202.28553082381518,14.148910413068352,47.61279124474801,14.296898129836082,4,24.22595472911421,0
108.46292792484445,8.841927375003822,56.970766061088604,12.266887447127168,7,14.661334502638882,0
298.4608138608262,3.899565391140982,63.88018106167569,76.53694294724954,1,14.99337310791097,0
248.96962917300345,3.0386420628762245,82.71664456782825,81.93450364382221,1,1.3413158183653084,0
41.422096113353255,13.766476154634027,6.63810743370118,3.0089106063217117,3,22.29207676627554,1
150.0030412373094,4.022596569225292,51.198118652533,37.290103209678406,2,27.82945564105488,0
280.2008785746357,14.91014712651787,44.991637639802576,18.792630025514313,1,28.68992690155503,0
240.85348341065634,14.735302372267684,39.57396352299444,16.3453370230088,1,28.783490827129718,0
210.2945532335978,14.767602497329834,57.77897961906262,14.24026366308422,2,3.643687110235827,0
271.1039280831436,2.637734616500169,86.86720078730472,102.77907655579583,7,9.031238721853862,0
13.431544738566881,5.514886936190679,9.743083081882931,2.435506818902167,0,24.03033696346819,1
3.732352190911137,19.144960798729045,31.50264318719479,0.194952198134504,0,4.636927976084677,1
244.45872790416442,6.732324370853375,66.33406581706299,36.31119275276057,2,8.852699968823798,0
288.14568735055985,16.06620079250629,46.95118849688983,17.934898926755526,5,19.052423149859465,0
187.33217721606397,13.000961030680758,26.23020008664094,14.409102278976285,2,27.479623447126844,0
206.8042037336548,1.2967574176752317,45.405364538174055,159.47794160638313,4,29.690959034145926,0
61.54699512159575,3.061094024733202,39.11684434560776,20.10620863792645,5,29.399455890252728,0
23.39868092210231,12.30285149855363,21.033084966487724,1.9018908685399598,3,26.291432506891752,0
67.71323024493788,3.142705078581265,76.24743988118972,21.546161205653497,2,27.61052256205292,0
159.93355028397357,16.327986004356323,15.97244452515011,9.795056796429343,6,28.97086980283636,0
85.27843221545052,3.553656618848715,40.170533036543986,23.997375481674517,1,26.42831171773765,1
121.8662082833738,19.94181066222903,18.346381772577757,6.11109042942603,6,3.2772093805874905,0
53.79999227224294,6.599433999825788,83.45142429901723,8.152213094890131,3,4.817951472830806,1
175.79369088882507,11.973799195655232,34.910803642258855,14.681529898431311,5,7.308927530199737,0
146.26127329983134,13.624276645173614,39.21014724796732,10.735342294421498,2,23.735104600755765,0
53.39510645607087,18.35872300597328,31.897679787173196,2.9084324894873124,0,14.578547277328962,1
255.2975984007141,5.62452597374743,22.519561295874666,45.39006479698377,3,26.717377666854986,0
122.6687892949109,13.992831479856967,0.5303544525433357,8.766545175041642,2,25.198103248752115,0
21.71893522472519,8.523043620210943,17.380563837376883,2.5482604797683357,7,2.5274588601617687,1
242.1785915505009,4.0425535894770555,69.04518520482053,59.90732990674568,6,15.954456604361646,0
48.61098123746166,6.6880284565797465,47.18672725806973,7.268357416995992,1,25.30997907004912,1
104.48677658009379,16.074758530794856,37.918618035911976,6.5000526371780705,7,22.142013075282264,0
119.15163353156255,1.693930511633388,37.123404472882314,70.34033138506342,3,25.827786010187594,0
225.120625455555,10.007894402157469,87.8210577910462,22.49430463684991,5,15.053353693025219,0
279.7448503652228,12.994063846021787,6.523158959080433,21.528665218223352,3,21.68272258060114,0
166.79056352482323,1.285417891731846,97.60130111313154,129.75590630694114,0,5.137324720784915,1
268.516565273898,6.796748241857713,80.14001623027929,39.50662224330175,0,18.640827696337848,1
268.34725532207534,2.536947642687797,78.79429050842379,105.77563793857878,5,13.980187569882549,0
183.65981364365186,0.1577285654502547,75.59724160205103,367.3196272873037,3,23.386176611634262,0
190.47060711281105,7.317262374359754,10.221861312015445,26.030309884778028,2,6.854651562903698,0
157.14998728389554,7.56456049493182,76.64059806900603,20.7745033421551,6,0.8701235235411864,0
218.87601116975404,11.686857939398614,4.224395840328676,18.728388100952397,1,8.644556227932508,0
124.51204787840453,18.483246238064595,60.48182138895487,6.736481583088099,6,12.477498169923663,0
149.60167531769116,13.224306739142083,63.14980526912317,11.312628954294542,2,26.40384041426559,0
104.05156671254167,18.72081918173968,93.295078211793,5.55806696824644,1,25.864598472757475,1
74.78773424073985,0.8890091920458798,70.70007500201191,84.12481547983839,7,16.156480088045743,0
23.281721413996216,8.159569185881676,70.70491107876872,2.8533027766073813,5,11.533786878957828,1
21.29036496924578,11.921843722467447,59.760282296151054,1.785828221277786,5,18.85194094679472,1
62.80173709064141,15.280234249434848,35.73613516928484,4.10999831975509,3,29.74598557201342,1
267.1059724414688,15.36598229206503,25.9586905208146,17.38294157604242,0,1.0260454200038316,0
270.78167215833406,10.228657282416535,5.806601548099843,26.47284630640802,4,26.685438865742583,0
251.59138055184064,9.831597720231581,95.39126452724757,25.590080850654907,5,1.6364727247885669,0
45.06691035809368,3.3901156481831007,11.108944265992138,13.293620346623529,0,10.855370102442134,1
169.78303275065693,6.0085136700523485,17.892780715043642,28.25707688689967,3,7.657206080285569,0
26.717284024123256,12.953271624286323,81.72694849752685,2.0625896529515013,2,6.65209240430198,1
294.1856057500469,4.258068294846488,40.294297768772346,69.08898246326808,0,15.668172555356154,0
259.56382725155714,3.6326061431672785,75.72162593081929,71.45388655463837,1,13.786984334686291,0
257.2221771575853,14.864047731207952,15.870866579163023,17.304988641655935,7,8.77064289616158,0
252.27296346407476,3.6274709730324295,1.5677750269545543,69.54513636071471,0,20.564699856991652,0
55.26781536738496,6.0126296255805345,9.173104960766587,9.191954071518037,7,9.527933843542515,0
267.58674283405975,2.7104198015756276,9.85538902175197,98.72520215448013,5,1.2295076141562133,0
160.9117203908147,2.3737530952877983,12.008054891107223,67.78789281422947,2,10.270736341829195,0
63.978553040199905,7.680665845751619,73.81835410743109,8.329818576287646,0,9.119384830525837,1
127.5670335041995,17.229207696628826,42.06500265513407,7.404114904782305,6,2.359140830336892,0
63.25884188026152,3.802139271254432,33.761797683079564,16.637697192872857,4,19.75272133100943,0
120.14487329356771,19.02028027439766,31.16534287118974,6.316672076346283,1,5.805209360543422,0
120.39945673289286,1.450313024827914,95.47317969625416,83.01618662438668,1,13.47697229914632,0
62.944297659336065,10.577581651279115,72.64105922315909,5.950726709987099,6,0.23961158285139894,1
278.96955416969377,18.152430354211596,18.529911693412437,15.368165514265106,7,28.766469152005964,0
123.39331509327846,0.83394005471922,99.22382997395154,147.96425042184103,6,0.5549335336314365,0
136.83731149745137,18.982872527625098,97.04049404452061,7.2084618014642885,4,24.297798985923215,0
107.83417996640988,4.111872677471331,88.67769410126097,26.225077580156114,5,1.6776741221053826,0
234.54188684214077,15.2894045388212,44.65320275915791,15.340158359118396,0,21.34526966095942,1
222.3311827299995,7.001373911674436,56.99660709057846,31.755364809080337,2,16.55750887889066,0
272.59186768916857,11.593529574776733,10.315548766731686,23.512414052251046,5,24.06969341244807,0
171.40266947070626,16.97066279838576,44.777810083214234,10.099939613849966,6,27.815616627960274,0
178.37730494963563,1.4289359237525479,68.94256829795259,124.8322629339436,5,21.913188445595825,0
113.1065511397272,19.027178205055463,27.738823659073397,5.94447321199079,5,4.476416801687164,0
253.8248077333744,19.604768673394084,76.0135976720131,12.947095268603896,3,2.50917734982397,0
194.498203730176,7.582259339518456,68.38097488835916,25.65174772069039,7,2.103456294808143,1
112.88544774221143,10.093600485836324,4.067370587218644,11.183863270655108,3,6.366487829140638,0
58.34866779607773,5.75508380120896,78.41717081328163,10.138630437287556,1,5.145999182446481,0
292.74559885867217,5.559423170138189,72.61655607727316,52.65754915566096,0,20.971125864778354,0
75.24493985395947,18.222887446811,42.92012961067172,4.129144740293466,1,10.963346420177276,1
113.85359342496378,9.933813407461594,19.252090042573922,11.461217234002486,4,20.743380303647147,0
50.556942330759156,15.742665438958001,90.16884271886005,3.2114601257832165,4,26.083850651308033,1
144.2972998543806,19.218910239033114,26.93042453742519,7.508089587791325,1,14.445375438416999,0
243.16093847236903,17.738138247894234,0.7345600160272414,13.708368661589141,1,5.233346623084025,0
157.80271568417535,10.283901912712064,82.75642991744826,15.344634461080709,4,1.303275144565511,0
246.74672408120998,2.5577841707072313,7.016576365179327,96.46893858639532,7,19.80584481225387,0
104.3705092392612,12.559818179503248,29.240838793205725,8.309874215343868,2,2.345410578102991,1
281.1106795180841,9.36013998899143,94.88874583095772,30.03274308383226,4,10.158261270774979,0
150.01595251285624,6.80138357699432,30.298744364986884,22.05668167581155,6,29.211322954680078,0
223.9870984353647,12.816329599708542,94.32172909539186,17.476696170521272,1,29.277243917345643,0
227.40979765948282,11.493346458707487,98.5027288145519,19.78621269936526,0,15.058297304412216,1
71.43755733997035,12.910486054485188,78.34044677687635,5.533297277769993,4,4.230448298097688,1
65.31621159829233,13.299243168639062,45.25331453192899,4.911272827337608,6,16.01996464406531,1
256.5518351828553,3.771632926829711,41.21696552075179,68.02142206306988,4,22.33705391238137,0
198.82971431869967,10.174728995912245,51.14981736469974,19.541524339231113,1,1.6773110054105134,0
85.30906320025112,0.6936430089689782,58.5822186771352,122.9869862410253,1,12.186434455457034,0
96.72786193164701,12.162999823562245,31.118014652106286,7.952632026209944,1,20.529797605658082,1
150.72220254868262,8.030985949663592,2.634282336077587,18.767583892360836,3,16.378346264923938,0
181.16068094948727,14.146078404671023,96.36285419260015,12.806424209388531,1,27.608813134188736,0
279.946039242407,15.23368842023599,9.613082451940812,18.376773340758024,6,29.590492261578298,0
54.5829871392559,12.548969879035015,98.92543606360623,4.3495990240956095,6,8.831870446867551,1
289.4839445604203,0.5383706718270709,7.024544229104923,537.7037786586653,4,8.193687185438709,0
50.040405016625456,7.852155745185206,68.68185718980358,6.37282380030596,7,18.82155097837086,0
123.84426987949276,11.165303813468094,71.17348066984434,11.091885357396741,4,11.615569814005736,0
136.31062378473172,15.873326681258684,18.030782496296073,8.587401149229224,3,25.693445922565026,0
299.0378137481284,2.5168451289389515,6.884461504840534,118.81454695394643,4,11.05722421406757,1
262.100496100066,2.713717026906417,1.2862901044037534,96.58357651197527,6,0.11351893811627933,0
196.25912644478248,4.045934217503295,79.88805359971482,48.50774033738294,5,16.73391557463595,0
281.83936737713117,1.5932445570807752,53.81004105306513,176.89648844213332,1,25.1114077663931,0
256.8320732986323,3.0328717256521753,50.110691654261345,84.68280116377301,5,4.138730756683272,0
131.00856084364793,14.355540109518106,70.93063171378293,9.125993159726937,2,13.63518105789553,0
119.9730798695912,8.251865573550141,15.050759181046491,14.538903815174008,6,28.271112688012984,0
231.24956589522532,5.282588394174022,39.89235742178406,43.77580622224177,0,13.002263824913959,1
73.1308961257177,16.93738411411814,24.504273253158026,4.317720825895394,3,7.606768922823584,1
133.15499608873048,11.45908057309671,3.4259970942866036,11.620041873285004,6,9.2698532073202,0
34.056168523404416,19.94855902086097,4.310883128136711,1.7071994266749082,0,22.197666668485855,1
217.0746873418869,0.6719076354694886,31.204100440849093,323.07221392149853,4,13.48385742050044,0
272.80110359393444,11.416669273138751,72.39736691389615,23.89498172078817,4,28.940275918710775,0
103.13651968057607,13.14170288714022,86.99011996550485,7.848033132867435,5,17.18892083933648,1
5.298929147189824,13.403773447231268,24.003377612382803,0.3953311482062083,0,4.565062073026379,1
193.7434173364977,6.269870638307864,65.04561797483903,30.900704099500512,6,6.12383823857469,0
269.88643762328275,3.101540217971297,50.41395486761455,87.01690729640585,6,17.24449556145128,0
298.985343488119,1.9884168649636669,15.315633292969578,150.36351217710182,0,21.75685390403804,0
32.29223108116509,13.460000715235195,52.89928215995513,2.399125510046515,2,18.214203214766407,1
217.55873799208635,5.902202604243421,37.67192065928943,36.86060147031742,3,14.495731881354729,0
61.8611435566361,14.159064874365278,24.073041038675814,4.369013356852015,4,29.585671301323007,1
299.2164074428198,5.038247597744416,13.492011784565205,59.38898429223221,2,7.7678418714952535,0
281.76793943995153,6.958430810269476,41.04151802418372,40.49302883404536,4,10.082293919661504,1
167.56650176204963,18.17287539705972,96.96568524137871,9.220692823831337,6,15.785634673627536,0
114.06281809126413,13.052145929828956,29.81547355880093,8.739008796292158,7,19.741943004531986,0
181.4720669993494,12.689242103896722,76.68397233457503,14.301253417146276,6,13.482775333586222,0
282.3783579196672,19.13133155233818,43.494681375873434,14.75999499288149,5,7.490894603612723,0
260.61904325864225,18.397729322142137,72.90305768539,14.165826591707738,2,26.56131568230271,0
199.76257393841337,3.7078360550577316,82.78995262004689,53.87578387289376,6,15.36342105930786,0
10.204912155041768,16.42239487278097,74.64083956304025,0.6214021909773789,4,21.32743022991034,1
105.94723156934887,3.526223924353462,29.49548946551794,30.04552003564959,4,3.5196673199148485,0
257.473792930361,9.8631962872192,80.59472735873302,26.104498524884615,7,24.184613522738108,0
169.1218649199471,12.28502924788077,44.61866390476946,13.766500796009213,3,16.851132573636917,0
78.67902045320395,0.7883206396729481,66.26332319416053,99.80586133815505,4,2.1174504850838396,1
270.51728251015544,16.682847429366213,19.299373193443703,16.215294400761206,4,2.236614403517503,0
280.4272863576756,14.732413887653376,54.77809182899704,19.034714100225628,1,11.585124626070286,0
24.81650973873909,3.132047392105448,91.01398106266832,7.923414505569391,2,9.699415593767803,1
150.61778536527123,12.56713644767019,53.99321410214712,11.985052123245953,3,1.1705171148911953,0
98.62986416463038,18.312677537560273,17.959298987785864,5.385878933451173,7,29.002148764465616,0
16.791045048660223,13.000466596453018,2.400790873589276,1.291572492732023,3,23.706548755073552,1
237.30432528998995,16.779402327430795,36.09636489321066,14.142597016226691,6,4.23521397883216,0
241.5714260948511,7.020608487827474,71.63015277423581,34.40890152380586,6,25.141755821330715,1
225.7942661798754,7.409692155828331,99.23814485243716,30.472826863970276,7,4.179292269259101,0
41.191061070545054,4.598802670176454,49.98090313780342,8.956909879537095,6,6.588434479850348,1
135.11191540991908,15.975416930723602,30.597068263629733,8.457489153229831,2,9.360097752601279,1
184.24547764211638,5.192512891893202,35.3376192407541,35.48291193070877,5,26.371783939321716,0
283.92241578534583,16.757388269436404,0.299232545450856,16.943118534956216,6,13.211468777856366,1
278.0779403945338,13.108956345793212,58.013921772306865,21.212820689861527,7,20.644838797491197,0
151.91042359258694,14.54830503288189,1.03467361538494,10.44179533280619,4,0.522793098921216,0
111.92065642553196,13.096807948836622,94.34571590897188,8.545643859385887,2,10.526181521698232,1
160.02148141109734,3.092693824676007,3.571074776528138,51.74177932982464,6,26.44193774662834,0
187.27466208850097,15.125913391574802,34.021802434527274,12.381048154937456,2,0.3047159727531379,0
219.03029152815782,14.067279172426058,56.14034553535541,15.570195831294049,5,1.831723707445433,0
179.29987439643136,4.475105103588901,27.468143221941354,40.06607001311281,4,8.872807539361729,0
100.67300205935933,4.197025042112681,10.41760709563061,23.9867527711207,4,19.982010795737008,0
137.73615692570274,17.054346457275734,58.53870146965207,8.076308128884158,6,22.53448443881237,0
229.0378524840246,0.8174919793366509,40.221505570747865,280.17137571169326,7,15.77666030023861,0
82.61406949948169,14.584716307348282,97.1847892001185,5.664427593826963,3,20.863969894379178,1
14.345664812314451,3.9271387864134577,32.79026596308292,3.6529559031490026,2,12.958459498863315,1
14.85588953838045,1.3978660542155352,1.7201516308309461,10.627548679345667,1,6.675406768593513,1
131.23503871361305,13.961246647562085,73.54205496304527,9.399951309973407,4,3.2265651003693496,0
196.39545622970866,6.706189333886274,29.70387692607589,29.285701081734356,4,6.373148972891953,0
222.42763636356398,1.8666082613556112,64.39344510463397,119.16139072588668,0,5.910051273160749,0
292.5861217969561,10.43597888079928,21.34610951025425,28.03628918177221,5,22.521301752070812,0
274.760437167366,18.189616389368133,12.806461134446167,15.105345340210913,0,0.8589619120027692,0
108.77997331199506,7.83579190365423,43.4153785923019,13.882447957974152,6,27.119110826622833,0
182.4901433484553,5.52057816685015,59.365177458950555,33.05634624363589,3,6.032767264733623,0
271.0077313641689,13.428464730105746,3.0272244260755365,20.18158715914762,7,28.60150221002416,0
228.37116107312158,2.3275518722613486,73.9772058083452,98.1164646832322,1,22.586655182703044,1
99.0860584367387,3.561891137739104,17.189966203188277,27.818384842506212,5,21.043327751221625,0
221.3300514378725,18.103017241034472,78.53604118954682,12.226141559219158,3,21.806677956550505,0
59.869291075230215,3.2226185941250973,27.738540306565984,18.577839519815722,2,20.39004849963126,0
10.330581153180274,1.7028848833413623,3.770621580656186,6.066517622089545,0,26.49727813590283,0
75.397599815503,5.730134868919611,52.42821525248703,13.15808467693516,0,10.219510500231857,1
35.331399813407195,7.066568002223487,16.35721814999239,4.999796195591723,7,12.602060007693858,1
169.98777249851037,14.85911742296122,41.69681317706127,11.439964276467379,6,7.423808947742634,0
140.9033446407501,19.30820339309222,12.955777012841763,7.297589618885009,4,3.2383144581260845,0
194.917892544885,8.015476511177141,3.1959867623702953,24.317692438257755,5,10.333661746672483,0
161.95833846356575,19.053115882269346,24.505277171726746,8.500359703070021,2,8.289849429345754,0
296.5824546332124,17.165743794267026,83.77641568020273,17.277576677584126,2,14.013838584688163,0
154.54145562061078,5.450006573737458,17.651102339287984,28.356196186132433,0,25.77022891015539,0
150.38700487892825,12.298018161565567,72.43688905220483,12.228556089543424,0,20.012281121132542,0
68.09881040034973,7.863739876894926,28.055170773198412,8.65985033411853,4,19.348070396019423,1
287.338477519755,0.5866994700857453,26.71915611888004,489.75411121090815,7,29.22797013726912,0
157.27767533381964,17.38008987576017,86.61938262026901,9.049301612253062,0,15.79682440456764,1
291.342882764452,3.7936930019043813,80.20196200787574,76.79664185220098,2,28.69291871138676,0
225.98315980956633,8.422063390664064,98.68144223071043,26.832279612151908,0,14.645989061363222,0
279.41977354827554,13.543131296123573,49.97401849967533,20.631844101537535,0,12.104130221129505,0
240.32220068315692,19.664331446777474,79.28035911764823,12.221224064169247,5,29.73820840242275,0
298.1819784875386,10.863548822579324,1.0191549866363503,27.44793468114055,3,22.05230932485989,0
119.7350424328158,4.754508210530661,60.66980822155925,25.183475794114134,2,18.920335009333034,0
8.384144616026656,18.55565355966078,60.6791479460524,0.45183774255483183,5,4.6867141392757645,1
26.297781769381746,14.472263681121497,36.37071190763046,1.8171159915836923,2,22.00673885809186,1
81.94473972494912,2.469501367342102,5.263264637470277,33.18270676365139,3,13.137581457812571,0
256.77783806483103,6.62083746247204,50.83708445875087,38.78328678513687,7,20.52672148348556,0
124.56769333929486,12.956352772688147,79.48128783069302,9.614410438243254,6,22.338606924453032,0
129.83872928789958,19.47373191162334,86.91799064232548,6.667377874828522,6,13.53068856088525,0
169.49934152518895,19.7061186997832,39.81299737448535,8.601355959915827,1,24.171620630447713,0
18.551970630035342,8.206010965374563,89.0513772312335,2.260778191537371,0,4.238162613107389,1
29.947586247919155,12.288069935501461,34.35148300946842,2.437126937355523,1,26.96936556284628,1
121.32487836569923,2.4366272053880023,47.708410939341285,49.79213812331204,4,10.867831899489188,0
16.274470933268546,8.85565553583378,34.739433204926804,1.8377488676490474,7,29.38638279104914,1
268.36230978455154,14.02450134002483,44.00124063426436,19.13524789781056,3,14.198609083928682,0
3.013762064132419,13.81166669312417,15.282497563575703,0.21820408290280804,1,6.802474002800084,1
185.04249970159606,19.855628826783214,24.643606979834722,9.319397603363367,2,27.626370748099344,0
161.24367973453997,1.8681644273871378,79.50316191744616,86.31128896938664,2,25.99398986034454,0
270.8470370918352,18.662788423145344,60.49994660768423,14.512677899511216,1,1.81155713902315,0
127.4368505634873,6.164572430793058,38.928419068225615,20.67245571273024,1,14.883570859612323,0
181.70685717064126,1.1545866269004779,4.633414394850533,157.3782797557934,6,15.539340506249816,0
231.1380796721264,18.01532421146693,33.5312388880202,12.830081599364432,3,2.0710462474680336,0
87.44037878469757,7.015717963007653,34.30697453285625,12.463496857449455,5,20.319556251643576,1
41.65710101532253,12.6588388774576,82.53434359325406,3.290752131264107,2,17.927997461456656,1
100.27299700216312,2.1676505583323746,99.97328609808804,46.258838453789124,6,16.04316765419425,1
125.63098381702594,8.270248281283266,89.51409082582438,15.19071490288224,1,2.7494411914749373,0
174.9329416910939,12.777213919394354,68.10975566380523,13.691008289809224,7,14.357099786903508,0
10.968274908932397,15.089501241741882,23.79373242003823,0.7268812092073001,3,25.66424540443392,1
32.356180791757474,8.593826307409056,56.00150679657775,3.765049424359672,4,18.50132613880977,0
267.00075986191956,14.595092862707457,4.201832753182133,18.293871945422463,6,24.782792271706544,0
1.0017378908435903,8.516239650752382,59.39975877209963,0.11762678505120391,1,9.741893749933501,1
195.82830575209405,5.492728349946548,10.650638892504372,35.65228303234762,2,16.73695388582585,0
155.1276979673077,3.1949214519622515,96.34161759796902,48.55446379504311,6,3.4983829648029774,0
4.749275327226821,9.299656988684863,81.07838777919756,0.5106936022484904,4,14.988239889213448,0
174.61661157007637,5.8453310381103085,56.43418943802385,29.872835333296507,2,27.854859305583304,1
23.2858002765416,3.775915462545718,81.12531212008601,6.166928393265017,4,19.464501467462355,1
113.61050836276603,1.053014412696509,93.25416478637239,107.8907439375285,1,26.153184048131173,0
89.79601846264805,15.634914253702345,99.84564334618993,5.743300986852829,2,9.842405404508389,1
171.21170650852267,1.3044341507705037,71.04617684837223,131.253621662229,5,26.27451986168938,1
184.9228514234521,14.762093676590283,85.85899552350688,12.526871558653134,1,10.455339904368973,0
146.86708330794693,6.19267934642868,61.00416034151942,23.716242209867563,6,4.478615438482919,0
94.86374081938929,1.9362694331062436,76.45111129187447,48.99304776360847,4,3.467480440870502,0
152.2653785502571,17.768335095664373,99.64940927774113,8.569479229790707,2,18.380413963539706,1
9.781198006798753,17.870979739834944,13.882080869357216,0.5473229867188631,3,29.271968801285816,1
222.59569536779736,13.35426842829399,94.82513223436192,16.668505396834682,2,9.538951418941167,0
235.48978694454064,1.491558637785837,87.21588813905012,157.88168227440016,2,17.573479972134816,0
120.59793544321062,11.075301885679462,15.7324889128167,10.888907290116004,2,20.899242195522245,0
239.30995957796944,19.651100697788173,31.15861910878246,12.177941747807793,2,14.787119456697948,0
176.58946946275887,7.010658880523111,49.996881433993025,25.18871228399896,0,29.75351917990476,0
192.0253464268277,6.079138333071397,46.12771704054622,31.5875928307441,4,2.9128380435220738,1
73.3012658954656,13.952123947521702,79.21159429641651,5.253771122674553,3,7.29459326123639,1
60.447635761902376,15.138546353223754,37.588704174601204,3.992961698666005,6,15.605662327945225,1
20.618739114749417,15.54075471710993,17.659380507011903,1.3267527536515822,0,13.24818517794972,1
38.839328078936,7.313621507112044,56.28429349723076,5.310546634272385,4,14.488781867213023,0
175.24385090716996,10.438849091146736,49.16954761223826,16.787660150753165,2,19.11508822932987,0
149.70604281162352,4.447199094233976,16.08372127516875,33.6629954358745,6,22.392208159372807,0
157.2631252598247,14.48098281368627,81.5424120137021,10.859975961796748,7,11.082908052549158,0
6.3012017964009015,3.438737816248578,83.3524555035483,1.8324170475070038,5,27.960186706850543,1
25.630851721590663,4.395759220988289,91.28081112816899,5.830813389234757,7,17.039124285983203,1
245.6515543138365,14.16107135748506,0.13792419941631717,17.34696112409556,3,10.727367289797057,0
117.89372329232663,18.322311695954937,84.36758452696826,6.434434980077013,3,17.804082119748692,1
212.89625503788454,4.738586087553345,11.8770928481032,44.92822354691216,5,6.869226637066613,1
251.77473665516763,17.571289183258465,25.134035642814702,14.328757214641543,0,22.137211767940663,0
44.34105684184338,16.218108780339495,22.817986729635177,2.734046086532365,1,2.37000977051004,1
82.39603639940415,4.31946625113691,92.40491178815799,19.075513410416626,0,11.583608369216497,0
79.87596108620059,11.44452565132773,95.18126174205705,6.97940338636349,0,8.263530231930332,1
102.338328753958,1.3645131059724158,56.18312078011125,74.99988699707426,6,5.566304721329093,0
23.0238546839465,10.83844333533281,35.158620504459115,2.1242768884429952,1,23.116900404049005,1
265.2769451554541,4.388345394604405,34.27871520365184,60.45033407844779,3,2.473028099424155,0
15.644051906337797,15.421786039807001,80.46697179339928,1.0144124594879658,6,23.611862911635896,1
50.422608903778254,14.383180104066483,69.93997373297924,3.5056648487299777,2,7.884263976609999,1
99.80899828579251,15.993576181468098,30.512198855156058,6.240567910098937,4,7.1439988659830655,1
66.14363400404363,3.255005535625466,61.11020523761572,20.320590327762314,0,16.01852297805367,1
209.7481986164274,1.3026927868808635,30.318066531756806,161.0112535578273,0,0.2061100563602225,0
170.91057542263388,17.488398528993827,55.83533521772643,9.7727973856087,6,19.882401430504398,0
36.11474413884569,12.522016048687837,15.970746837800698,2.8840998125561494,1,6.3114487097538845,1
239.4054562615165,5.332036516382217,36.35687428743798,44.899440490695085,6,11.053336051237839,0
224.22376138550075,18.647124533793406,34.127579821745854,12.024575745131608,0,10.698455512260841,0
266.0462843281943,8.339851392166885,7.254810878687157,31.900602518898044,7,18.163968894397065,0
96.5180102101203,6.172096821645061,70.23707778330832,15.637799114174486,4,27.0800258017839,1
12.179354512477092,17.889738465836317,25.824585209938,0.6808011495380867,5,16.19397415005011,0
118.20304942540363,6.732438135574115,13.267296442934718,17.557242568753846,6,17.761131264863327,0
62.63748346820375,12.530415853735533,87.28954641202652,4.998835170305256,7,17.688791232855877,0
164.92366271259695,13.734266860112243,80.08906045944839,12.008188306838326,1,24.16308174234416,0
192.1106312644378,18.5498257750374,81.58819310991913,10.35646553203546,7,18.65983841202427,0
111.48270544927831,7.091368433136756,21.742555338263315,15.72090161446677,6,5.307791710547839,0
184.26411053135516,0.9229581081573635,27.9696797977663,199.64515063335713,7,15.316590195240625,0
124.27029938401435,13.68406460526412,34.13084472303343,9.081387947862277,1,12.880869658376326,0
193.94192764229717,7.5117844153545565,88.83590113344717,25.81835645414261,6,23.031436258063763,0
35.771994868695955,16.96745018643847,59.8382851282034,2.108271689360099,1,28.518816613374714,1
174.27782497224993,6.034351556045083,31.659061366585707,28.880953214875618,5,4.691546596524052,1
22.989910529375024,13.919758325069935,54.701091410603944,1.6516027069212438,3,18.706871179376105,1
243.93869171221297,7.834474858394422,69.36910478506225,31.136572153376616,1,18.28777261486553,0
193.6489741573039,2.9550338333607318,92.42513997647319,65.53189745955252,4,9.560034509007295,1
198.48953056643518,4.420418960178014,68.11578502889722,44.902877386636185,6,23.444149563854666,0
114.81345616773902,1.5357420531055799,79.37406912079351,74.760898769141,7,10.783524865483544,0
62.85626955438762,6.186605127612028,84.83092375479147,10.160058425880102,7,15.17601573842561,1
21.794047736671274,6.038674948669279,42.71487261757564,3.6090778062948976,1,17.557307381889135,1
58.64239698560934,9.3319220746811,11.822650101041143,6.284064152733865,0,2.5221257026197383,1
286.89360681021094,15.14555891629428,33.19664597497195,18.942424534862017,5,15.11110466749329,0
31.526157502250374,12.050414182023895,51.03358067076781,2.616188707378976,5,26.27715584787958,1
203.26300024232418,3.8241222387752827,79.4717154629371,53.1528511775349,7,0.11475333512246388,0
183.72859093063153,9.624259726556481,85.30341028309452,19.09015302482582,0,15.548568382043644,0
165.14322267646736,8.195189848933301,11.869118186886618,20.15123819223818,5,12.788973783560953,1
152.03785428660842,0.8806421124231512,80.63346770407198,172.6443150308417,2,26.932401413392004,0
137.30922417627843,2.8410164066635724,39.455895390013396,48.33102119868832,5,26.369287480186745,0
111.2047092813756,6.998572294476029,42.48754185421486,15.889627855834174,4,4.591658543231841,1
221.4399065130471,14.03446265692223,21.473500543766434,15.778296036423319,4,21.250272948352602,0
135.46500552449564,17.808523747603587,17.80916874627766,7.606750983091709,6,14.772232629213452,0
75.50768320480093,10.464936992389585,7.65774784913954,7.215302228738918,7,5.55615895602115,0
49.76550891933302,6.7054453002125225,54.43585159324398,7.42165608565262,5,27.073326701504204,1
22.393763091326345,13.153498802100279,36.52308593448812,1.702494783194159,4,0.7752842560984474,1
294.14376901619545,8.129878233153294,66.80368413963083,36.180587283176,0,29.712802312776542,0
120.96156902469684,2.0096292587058406,34.04693252769474,60.19098721850496,4,27.698953318439667,0
192.26489669232149,16.763446131786463,16.32795364164258,11.46929427164461,7,7.545874078759027,1
18.103850842587942,14.566997612979886,57.78822894380702,1.2427990532830562,0,24.77783804146747,1
26.155060354838746,10.104641358497105,33.38880321464135,2.588420452235513,3,17.621183578837552,1
247.02685594855694,18.180409335349083,20.271890158694784,13.587529928066592,6,2.0885406825652963,0
90.47373567550663,6.766285619667629,26.660315844977934,13.371255776215792,4,11.55417223086551,1
293.0146309698502,14.266545405247427,99.81538849113726,20.53858328324357,6,29.5983936648817,0
86.16498364668347,18.144608991794566,36.601713186531235,4.7487925303680765,0,14.283914856121028,1
268.80226524891646,6.381653665492209,60.40971987662217,42.12109890927214,5,14.487608447296592,0
221.26101586946265,0.9425175458119583,1.7691301364765377,234.7553282722722,7,6.072029817009219,0
11.43496713788118,15.25678413852306,65.06128938697337,0.7495004867381015,0,1.5339000487846033,1
218.16432233545737,18.128075940795153,29.853482948464748,12.034609908297197,2,4.76108756146626,0
150.18157579969323,9.101490784661028,15.435883770514225,16.500766671411462,2,5.0902067484345945,0
8.220280171275007,14.957929985517213,57.41814729950509,0.5495600112605266,7,5.197313393528262,0
271.5395293157742,18.258976882530266,63.92702248468572,14.871563235045029,7,18.540557106451416,0
97.33601213457582,14.001867334937428,7.9833159602092145,6.951645077489288,7,12.772220270896192,0
273.3608448543225,17.88952349879058,76.60033254349861,15.2804989396617,0,0.8752220989860859,0
296.95682814464766,10.3680571272686,27.729547044519855,28.64151156764306,0,19.90598918248609,0
207.32341403461479,3.4776408572770956,31.709035076921875,59.61610831687311,0,14.04939215775238,0
130.94068167360936,10.228975749540796,87.09725993527974,12.800957288366591,4,19.640741747670386,0
15.783163080459916,11.65882818134679,78.50105785407709,1.353752095404557,7,19.03130542989378,1
69.32901577435811,18.33228142152908,27.862093699482525,3.7817996669492238,4,15.934829562580775,1
196.49888390064683,5.414691042202337,91.25099862500112,36.28995308672757,0,22.248869581374887,0
246.9146385327537,4.160776431279205,46.35661073654759,59.343404436859245,5,10.079113097198748,0
227.20941160484563,0.6986992244315027,2.938306759041387,325.1891567358112,5,0.8272908920352284,0
251.50107882430888,2.089942816490913,46.00284514038236,120.33873694524713,6,20.334442946124195,0
248.66294681090878,12.602698295788525,43.36780559469888,19.730929121266442,4,23.453830926041764,0
195.14984636240092,10.423814246871398,66.64407729507079,18.721539135348,4,0.5687727013944832,0
222.8928621532574,4.566906394728574,65.58357900687668,48.806093860503715,5,0.9253604356091305,0
288.66630234067804,12.16188109442534,90.36361898804125,23.735333383007212,4,17.259009854016238,0
49.528174051051934,4.188467229939685,17.349339669151366,11.824892336991054,4,29.44542146161476,0
80.10371379458087,9.38651390980894,34.33947026363806,8.53391520688764,3,19.60408967001074,1
129.60022277926666,15.199999223292838,67.85839547509008,8.526330881692692,1,4.7081383383301825,0
124.76290401151934,6.369161889001247,15.38161680049791,19.588590490527398,5,7.734611161799057,0
20.736075535688393,10.182088336867789,28.900426675521995,2.0365248119687025,0,10.014507163322442,1
46.40373137492922,1.991088320277663,57.98472744597496,23.305712208918028,3,29.78102050627961,0
63.01090024357454,11.974419093237609,5.574115972727734,5.262125849525268,1,15.906579017202072,0
224.81238591239006,14.197739350496825,96.67251609882945,15.83437900657918,1,8.335045615278347,0
247.465324670358,11.292002462941992,92.34050554330204,21.915096590041298,2,21.793517064705743,0
71.11633887410152,14.278882362901612,67.2168682475628,4.980525580830541,0,19.53809579250047,0
14.489535634381113,2.801992570593772,94.66678963155789,5.171154194499033,0,24.941947855369676,1
268.38312312265674,9.628559338485365,78.14748416155638,27.87365312793255,1,23.64094434209197,0
249.59531758825543,2.1380096462368092,47.21722992846229,116.74190433498627,3,19.80714740063012,0
279.37139762310613,16.42903676226773,93.38691635651072,17.004733854192434,1,8.88301762433806,0
167.016225033339,6.283472837945494,45.74323642855504,26.580241427119507,5,27.420081153259872,0
176.8757105888266,1.504690363216068,37.13165565410558,117.54957359518086,5,16.928950411215585,0
228.26163360026376,9.448935270045318,27.28272027381744,24.157392031659985,4,4.925880314323514,0
281.4776949517357,13.474882683083877,66.11556555490431,20.88906460796855,0,0.6766523833263527,0
99.55315621445202,16.179607253169166,73.69561254988653,6.153002026359578,7,12.146343197648598,1
81.70151974476653,18.319665110641008,43.19009275494532,4.459771466963666,1,3.1329111186478533,1
81.21045801641544,15.63445930842255,66.07731021975306,5.194324691015441,4,4.5297747707329306,1
289.0598597294364,1.949734229986948,16.262182632482457,148.25603165995165,5,0.6272746579096367,0
11.777536196434967,11.284356165929319,10.284167879387917,1.0437047557923331,1,15.414607359748606,1
157.1726926292165,2.3004098077015533,21.61653660791465,68.32377957310791,7,12.68933607696359,0
39.61170174337345,14.960609824677062,18.402323514525364,2.647733094277693,4,10.499085559571654,1
86.11214163314403,7.901014545744824,61.80835207567543,10.898871421458228,2,8.750554183336657,1
157.0980543221469,14.065721827804754,20.583997049999713,11.168858324184937,5,13.60328989273765,0
190.93575664112964,3.608620419243458,11.853441519835261,52.91101153863089,1,3.9897727569832666,0
261.2082102002584,13.837705630036087,50.60103980710898,18.876554913357932,2,19.195238393932236,1
85.68852090818733,8.28210349375372,79.52886825244143,10.346226773525924,5,3.5858108148475343,1
69.50004212826884,9.270303807233699,5.5017843417930035,7.497061970508168,5,24.350128124277813,0
49.547134700048765,0.04867355993363631,40.317181812061555,99.09426940009753,5,3.9458873678433273,1
13.270336367778734,14.311049795249568,57.045512096425355,0.9272790296756364,2,9.815227229627473,1
218.17678221115108,16.048343771159026,77.24285054419998,13.594971875119183,3,22.956295898547985,0
278.4718111166009,2.8433762696163267,41.58248601486526,97.93702440731727,6,6.395057113447753,0
239.309292744873,5.424480688016924,34.742918939025316,44.11653511340261,7,7.95956675672581,0
181.85128201763783,3.9949351773434816,20.29441648468677,45.52045876713418,3,21.876153859707998,0
1.4291459746871737,7.094259561851224,52.84856855995868,0.20145104111671983,4,15.155451251591913,1
3.5483867714646844,18.893263656679334,46.37516898345937,0.18781227192636057,0,21.81883274994272,1
8.063967170544784,12.771881823292402,2.7545627944506212,0.6313844179045193,7,2.33238230763002,1
229.65192491974582,9.299147064778213,21.889249105007778,24.696020325303145,7,27.767444261480456,0
163.75766624769702,17.51479168367656,80.62788666698265,9.34967821514634,1,11.97917917616419,0
252.85953814828872,10.344194906503093,17.007843038073645,24.44458369489184,3,20.17481870180218,0
256.1692334639063,15.98862606295538,97.69646880460733,16.02196664399038,6,6.807773650421756,0
265.417251024001,0.6349356790636351,28.582613321714767,418.02226552368643,6,2.0191736490106047,0
116.96917391700534,8.215924059866115,13.523080640458506,14.236885962515997,0,9.69583576951825,0
158.25036934241305,15.59187626116541,23.302111103997813,10.149539843166037,1,16.67182885920169,0
39.04835367390884,16.33248699680011,97.43275816377827,2.3908394160399005,5,1.1659803559808268,1
180.28097817215223,8.60515197820506,78.30034756381413,20.950353768157022,0,28.870014093505674,0
293.90112825362246,14.413095855566546,60.54272957892838,20.391256063152706,2,27.756550602654755,0
146.75226310308298,1.0792476393071415,56.74625762815183,135.9764504069663,1,5.712872723684953,0
233.04707665749575,15.230306204800208,65.4640703110551,15.3015358669575,3,25.40057773889683,0
149.93896595793163,13.613617411169866,62.53321220201631,11.013895971169859,2,7.020268314206929,0
262.531676854837,6.714269392096122,67.76202523894857,39.10055756235861,2,29.86548588215522,0
206.99416550015036,12.249683745984772,16.39552640801224,16.897919145708507,4,15.285865187604712,0
105.35574819344775,12.105001756802613,52.69116731008321,8.703488880886885,5,6.860379379180301,1
90.28038506094272,12.272542335677777,70.06372969645253,7.356290375017623,3,2.1550224036198316,1
231.41723236743405,18.48595020825405,35.99428921307039,12.51854677527506,1,8.698719928008696,0
37.80978777021572,7.013811062304336,94.88466357793685,5.3907622310250245,0,24.857420650357763,1
217.3177224419558,2.8798669660797205,19.070341860335603,75.46102823554524,2,0.9516903800974186,0
34.879952255672265,17.272499938438386,65.1511162321608,2.0193922350551055,1,26.031821476960857,0
268.3995900422793,3.212968567279406,80.24689112108817,83.53632611773347,0,18.10624258083572,0
226.42755875778602,15.634305545999904,61.66415465252587,14.482738493985641,3,0.11096253885174767,0
265.31180030525854,6.763392685910848,37.80414236567295,39.22762031220551,6,26.013570534830038,0
218.23435959281576,8.206271614817455,75.09546750608092,26.59360667501746,1,21.121727786753553,0
98.67616695776218,0.8887998125817531,29.875934371436376,111.02181341727702,3,25.687857504510763,0
71.3629090207704,4.684670724085278,55.91006026609159,15.233281744621364,5,5.471745708383933,1
87.25413540830368,9.771543558188522,67.8607312991206,8.929411703352127,1,25.389536854511956,1
136.2363528325419,1.9208687607961372,46.05640077780342,70.92434195039769,0,20.765397447290116,0
144.54986606896958,6.059359251980476,16.07010412188943,23.85563556439141,5,25.997560531272057,0
254.79860252423467,19.412128311493777,92.63631626699583,13.125742753996237,5,20.86748382912866,0
195.45859211004228,10.91295595927571,23.042104566980026,17.910691918802062,4,3.0765012866278485,0
288.8228141889604,14.530668618286938,77.88726587424627,19.876773861973227,0,7.98941101380078,0
222.956100168718,2.3315549036137173,28.45946474345997,95.62549859887686,2,14.188204787547173,0
224.65579706852202,2.823480928508728,30.95043556257593,79.56696105157614,0,22.24619759858041,0
119.50479686217061,3.1405891036171196,82.47352343171815,38.05171352232389,3,10.812353889475792,0
214.10861813316419,3.468660541898836,42.494956679499985,61.726598941260335,7,26.78021423437963,0
131.7986030704121,14.969565030568454,4.323516131911798,8.804437724227395,0,26.848687096641118,1
238.69882633931678,2.823754681366195,91.52985758144608,84.5324234128685,1,29.080823403853447,1
77.59347427385326,10.462612642679352,15.987448563279361,7.416261781243054,4,8.59649961058367,0
291.7275690897292,11.030770301106177,51.96614848663217,26.446708718109598,0,15.024032004094535,0
240.50505214832052,11.966011634427682,33.948858710036575,20.099015402622374,3,24.429462789217013,0
51.857921161696616,13.186808851044216,79.75409227848904,3.9325603144380286,6,2.817821571365522,1
162.45557109424894,18.736763643885574,22.336653634649927,8.670417911113672,6,9.397453702995861,0
217.10631681185353,17.81202607086144,35.08503678884577,12.188749104012157,3,23.42460301988088,0
250.15876180192026,3.4595197443840586,67.12410741814018,72.31025699680148,3,18.13725583432685,0
196.7767423743146,15.439137640286582,22.49333749687179,12.745319522306042,5,1.8853900344999297,0
41.71261952243547,10.92390364786388,38.4495699359064,3.818471937052666,1,6.7667902508053945,1
263.8464185337068,3.2141205878295365,95.69335977295773,82.08976960378442,7,23.442991310520252,0
178.62986032098223,14.189138146920966,37.17470359122763,12.589197347391025,2,14.609459141572245,0
266.46375608323615,2.138478818733849,55.38328911244811,124.60434667340034,2,28.750588544874137,0
287.5188317146157,19.255108881267308,29.640815816016676,14.932080285161813,4,11.082195493139736,0
287.1432337971246,17.452805063568483,56.32324865790706,16.452554918894734,6,14.241580425610941,0
236.219058806656,18.890011811281056,88.0027012030049,12.504971472044645,1,10.279222169544948,0
162.97339256865067,13.074304789704502,76.44401046272827,12.465166996641058,4,28.524737644764823,0
115.82489223423306,10.671857814665946,68.90905749211807,10.85330166928003,6,2.5698271442171894,1
32.09253143692398,12.38525019429263,54.28143224420418,2.591189595161578,3,5.7724113800490295,1
111.46066888051692,18.032977871914493,11.173650092828014,6.18093526605562,6,13.553603739170127,0
80.2952177459187,2.5768055883888796,86.34292048066077,31.160758928702275,1,27.604966783654454,0
123.53469177414175,11.352226407697188,42.57547237622161,10.881979211618006,0,18.12974687032303,0
205.15033483103363,3.200134638097667,84.18507111635395,64.10678237993952,6,1.0740285000722705,0
226.3724778367802,17.41071291335786,61.05731256676439,13.001907444186422,2,27.846428318873823,0
74.23994748134912,17.340494666664227,57.84584538958847,4.281305055505119,5,13.65016198192141,1
266.257481650185,1.1726819675387512,59.76222896460144,227.05003489480754,3,2.7353671395273382,0
29.133274928598794,1.305102496671977,97.69723525426524,22.32259535391964,0,25.231478130985305,1
206.4213508747812,10.382329295754264,57.333753973635545,19.881988424234905,0,14.35503314029497,0
226.11367242984906,10.747014644073703,65.74494017131721,21.039672869017295,4,15.628087145236089,0
40.14031053351811,14.762204388771394,18.25056177454464,2.719127135514403,0,12.77991534650645,1
19.850226009605876,17.857211191805863,84.73207019507456,1.111608402700336,1,23.64316302793523,0
127.41274596002616,3.6607312214202747,47.57208862785124,34.805272021744635,0,6.977810888570961,1
41.98524617240833,17.265391820785847,60.86971795031298,2.4317575070530513,1,18.771844214162623,1
269.8276843918857,6.606004750024237,31.561427948670673,40.84582052274421,5,13.582834849244957,0
110.49032803370233,18.96220972730797,52.663072444739655,5.826869843897061,5,4.882780571021755,1
192.39727971187438,18.676744085830066,53.918957696475125,10.301435776369878,4,13.428428800740548,1
204.7147297124891,11.478766819441864,75.96828221708584,17.83420927810458,4,28.15286559033415,0
293.50782205858565,2.658020451800829,42.27996921002406,110.42346264105376,1,1.4351078066830958,0
50.50233193348797,2.720549878685079,81.3681378329619,18.56328102240023,6,21.622784192141953,0
43.76408391829012,9.869668583750816,26.026911387065866,4.434199947741128,6,25.27157647669495,1
288.0673116223029,10.576864172080619,88.96033378561154,27.23560659715232,7,26.560469984235525,0
295.7161546914347,12.3444194028391,65.78687987649889,23.955452665795107,7,15.606507237220672,0
283.7154859851288,5.6655556542005,71.00577016393092,50.07725690149725,5,18.56442351369336,0
80.17073031545138,15.418625690961843,43.41972367907857,5.199602864893867,3,10.131527997205234,1
123.15922445467716,16.743470538449774,52.3363507711707,7.355656891553863,1,6.84648406525389,1
180.17216679089188,15.018516040290429,76.44836190845695,11.996669065541559,6,13.858361818423678,0
179.7248242320195,4.478744488654893,39.22946481435581,40.128394171018336,3,11.79561586400875,0
237.76452136876975,17.244037362858396,72.17554032058014,13.78821655077634,4,6.6530389948446835,0
148.1903702214998,2.6905835570717085,44.07216477784096,55.0774087026617,4,16.8620612803605,0
214.57536566748306,15.322206129281009,81.2158661785208,14.00420826198296,6,13.499597195301373,0
287.7381768307596,3.1642842484777822,99.97480347530367,90.9331002640422,0,2.2487688424624306,0
58.00152199902868,0.6551932787647852,86.28799961061841,88.52581959994627,2,3.575978644221064,0
91.11171631894942,8.623046320871754,56.42350079008411,10.566070612240246,2,2.4095169130106733,1
216.38406896567236,12.798818893502018,59.92079918239689,16.90656542343379,0,22.02825934126864,0
272.85616668329465,10.707760985142619,97.92610901173776,25.482093507867035,3,2.6687701470647838,0
74.46978763987823,12.671745918380148,7.463477572463873,5.876837187199365,6,8.092017008390444,0
221.95637533762053,17.113160028041378,0.4126976408485028,12.969923437513938,5,16.999457917255597,0
267.2663787067935,15.195847702683142,80.95562035576562,17.58811906621057,4,24.77927235494062,0
244.1003199546572,1.9712193557428281,24.34628227958141,123.83214442548491,3,26.588343257964308,0
105.5178452175459,16.620520125053634,68.25184445638324,6.3486488042266,2,14.778698690967117,1
151.68338851767083,15.56005820053231,2.4668923845336366,9.748253288183829,5,23.743271759463017,0
78.59471249878666,14.478040678376132,57.64566702795306,5.428546185546558,4,25.30147701215059,1
213.2042398354461,13.969631271893139,39.977213848976945,15.26198048365188,4,3.763396406798758,0
237.15015483131384,0.211919251242767,77.69429829588135,474.3003096626277,7,13.141672571886932,0
260.2925559823091,13.826373194101846,99.78083924514046,18.825801410694353,7,24.874863861344767,0
158.43973340354924,6.274979437762392,47.885471880582756,25.24944264359974,2,18.61297944845003,0
167.4960179486161,1.1367554809193448,98.39105650901017,147.3456875819544,0,13.039685004079235,0
83.9700724438794,11.464535242756842,36.87279709160638,7.324332880997571,6,27.140932918402648,1
235.08223396237744,13.64826977749928,6.617298387671299,17.22432497267435,7,1.3539075548386315,0
280.5271211212583,19.11447167811729,33.52386822007273,14.676163999992347,3,9.227067693518293,0
113.94915830769722,18.96452320294343,84.79323345845188,6.0085432725253805,4,25.971627562341503,1
96.20436507626621,8.70579317550823,28.40158534634165,11.050614589250216,7,19.97151841284014,1
178.24605440136347,17.351739772502626,83.36215294204284,10.272517726656478,7,2.477474866873207,0
95.4034071601782,0.903200914061455,23.673987045421296,105.62811183524425,1,10.504367340849594,0
133.85948850241843,17.54335042666354,19.41523532692817,7.630212316740248,6,14.086795245200058,0
104.77524007576258,18.185645430107794,20.21945640829036,5.761425431857303,4,12.91276640927245,0
186.10239981328698,5.722791667993454,14.527882616223742,32.51951330923407,7,7.6334808994993075,0
25.733081393772906,7.016171528175706,70.73871084046996,3.6676813402342567,4,10.917462250925324,1
293.2102980169407,17.52273057627505,71.56229799196066,16.733139663400046,2,29.21296525793305,0
177.67799081731462,17.028196034587246,90.73471726332247,10.434340223498692,0,16.40001806759613,0
205.5876489478745,0.7057222713768785,62.89234360236624,291.3152344572729,0,18.626270069076615,0
6.989961904620512,14.990930828931305,98.4393036482764,0.46627937813777653,5,10.844289527230188,1
88.00097408718464,12.985611279129436,52.87412354126556,6.776806435644691,1,23.09076628113043,1
196.9443726226042,8.10945839982837,7.501175379017577,24.285761503724142,0,26.18112529191586,1
23.885070994090206,5.060574276683658,90.58004465709061,4.719834091585113,1,26.025759405658455,1
281.4147713764171,10.257797682981806,60.64307078124065,27.434229068808612,0,0.6096095078907215,0
279.3113763546878,3.848833319950151,90.82531709204811,72.57040072556464,4,3.4506333028919176,0
271.9690049096638,17.08927959535103,37.87733248835613,15.91459741718137,1,20.848299322646866,0
297.72608565329773,12.205580383853516,72.29584462101492,24.39262012047807,4,27.78803079242877,0
207.4813344453135,6.440144909709728,51.54909324181908,32.216873588123214,2,25.786834279445564,0
235.41815850782527,6.33005682806608,61.25631385926733,37.19052844265678,1,7.674482282485365,0
102.67392163087516,6.998835775194605,87.05200821383879,14.670142996464334,5,10.893151259082522,0
285.77415712037185,10.335795001860177,14.033131910857744,27.648976887500176,4,21.688123425863154,0
167.26092466715392,2.865683917091375,26.374612922775775,58.366843485279134,1,16.614394424877716,0
57.68467311607268,1.6044767581514008,0.3081538882059198,35.95232702687082,2,28.08615463421623,1
59.882561886687725,12.984361449315035,9.815463083515397,4.611898869300709,2,26.46189519088046,1
82.94099927400727,6.583662714204932,77.40307038692158,12.598002491083497,3,4.664928377215073,1
33.26045961203769,12.22676303230356,40.22135498547239,2.720299683911623,7,22.457365755636584,1
11.493722761933888,1.5302153708241595,95.0391099534261,7.511179786243735,5,11.293550263419618,1
170.4850893010285,2.3587509698361364,6.009123492544521,72.27769759555082,0,0.15320781865525435,0
81.6412432880668,13.629007151197122,0.2915728323995448,5.990256104671259,0,23.098637314965448,0
35.78494623114702,9.13939904224705,19.667046296244738,3.9154594372923657,6,19.044264387331612,1
79.46204230244227,10.328977282882839,56.536944775523054,7.69311812062232,1,26.816035918646154,1
289.7499997831682,11.698420997539898,32.363985513855035,24.76829991364653,7,14.623216130541929,0
21.34535497708737,2.164701633405608,10.973742646863416,9.860645295262183,0,3.105096564091304,1
184.6539417532745,5.942092708987814,97.95011471020081,31.07557401014175,3,8.810637921219005,0
153.94219134931177,18.87343917874083,92.22697209644551,8.156552173210343,6,29.06565400950326,0
169.76720875862856,1.1851746447186828,60.84309653837806,143.24235631865469,7,24.219298009466023,1
288.4180321493768,5.897670187642621,59.357022781643266,48.903723499781094,7,21.799655354187625,0
17.029999695652275,12.347379271648238,56.62858968684796,1.37924002502751,6,16.485795136774225,1
149.4027083497927,5.498519726158393,44.04491950565733,27.17144173167761,1,0.2706732969437686,0
125.22018796287749,12.121440819782405,38.42076732240963,10.330470595419312,7,28.655942828702916,0
164.0789295644334,10.746143252862193,54.33552363354289,15.268634123291779,6,16.594874347033624,1
239.46428012118722,10.535626132132204,99.23444679828427,22.729003204741126,7,26.278680012020413,0
212.55507559251444,16.31172702458054,62.87109916992893,13.03081367608776,5,3.5496025951236057,0
216.933364075425,12.056451396668592,24.272020293203244,17.993135536992874,7,25.5873535553972,0
210.43783391790805,8.509751536247679,12.349931305756478,24.72902211322368,3,4.212085375541216,1
42.26499537244317,18.234923873563908,76.78575239789659,2.317804870779684,7,17.29492008187368,1
75.03426252261863,5.721858930107711,4.188657422510911,13.113616298332289,5,6.452854130334888,0
28.54538277363631,7.186062880995328,15.062689753485724,3.9723257709209667,0,12.155340783193399,1
294.89673873224007,7.586243973706111,36.931344372069795,38.872561936361514,4,16.100881193718283,0
150.30864322631388,12.262922115316954,4.471433744425946,12.257163652582566,2,24.538530831653866,1
208.03203806085418,18.903405106610233,62.04089245761415,11.005003431265859,6,22.52892736595159,1
107.5443386902373,9.088040768324896,39.501407670826595,11.833610943413474,3,24.73349950431103,0
235.99590563006296,6.818978782934495,55.40713998235104,34.60868747981409,2,1.0942081671131765,0
149.78607593822227,7.351160715247298,25.784809472216143,20.375840189093644,2,15.004536122604021,0
17.295530009550742,4.931794966045546,63.52947127793651,3.5069442522706478,7,1.0095081993797872,1
278.6124952496831,2.864057634305426,87.43181367087519,97.27894156614992,0,27.420803852001946,0
101.36806008011582,16.437187554564673,13.62275516153948,6.166995402566025,0,23.781270960852794,0
279.65589965995,7.923991910755723,79.32751049643294,35.29229999343586,4,19.366122754777205,0
222.2020772368695,15.047553739865805,86.70804675409666,14.766657828786137,4,16.07365816317027,1
278.21182520587183,9.583201304572553,81.7320704104442,29.031199112255436,3,17.96881439598465,0
203.90996835147027,5.928437291657087,70.15250678527404,34.39523070243599,6,13.629412193879812,0
120.83081078987652,6.192293029358749,2.694954756601775,19.513096395308885,3,20.587538259836048,0
266.4238849526432,0.9021886228866016,31.430897186535333,295.3084069052051,0,18.183918808393422,0
254.86713035680137,2.79191553535143,88.77003038830001,91.28755047552688,5,17.694751925841235,0
158.53172494955516,0.527550870564546,21.346609068919953,300.50509589701977,1,13.630832018295498,1
140.94057590151473,14.057548450420658,27.44231082782289,10.025971199643791,6,2.039316322895206,0
205.01669719601225,8.287028578745891,40.128745497698844,24.73947027548905,7,18.26847160213953,0
124.09854474313843,6.020537091208258,33.603224538926355,20.612537197779005,3,14.696142476658375,0
28.718205893588866,13.213694727468592,0.552321981142545,2.1733668353855293,6,19.594930213018216,1
10.664903846662298,17.6154747003529,32.524261055187985,0.6054281265805821,1,19.13382144095521,1
228.645351286445,2.965055037101332,67.6403024989628,77.11335824308038,2,25.94708416740896,0
176.83517209171433,1.8961506155093288,64.42509274041709,93.26008738193737,4,13.537896853501026,0
91.04122336618812,6.9095994817200985,29.033722097516147,13.1760492930227,3,18.582294891475506,1
7.572197355470111,17.893314650504152,11.81209852265489,0.42318583802787824,1,18.33825002568459,1
56.44275401817745,3.300081868119904,6.233006376301109,17.103440542926155,7,7.682352133652623,1
108.46877597545789,7.340108142057038,45.54403042549928,14.777544673212391,0,22.686466136517144,0
36.810886142605966,16.6766074291134,31.174888281486034,2.2073366120223525,1,13.243376305528201,1
277.3190813475411,9.68803327272765,49.7792863808164,28.624910086571408,3,17.138488867887787,0
11.387307272914004,9.759548612913918,94.05990806748524,1.1667862648735847,6,1.8483911832614996,1
285.312036494435,5.053353315236196,46.78651654655289,56.45994227915952,1,11.642034351929741,0
189.25158055241803,5.431894408484879,34.21218403280102,34.84080623084242,7,24.739165049882786,0
42.27650447569297,19.287898958059117,20.50697660464529,2.1918667537413894,0,17.748955049379624,1
110.22319537756563,16.61904437714721,83.18653607362064,6.632342562917346,5,15.621357121031725,1
121.0015665791461,10.805123038543128,68.78101643254095,11.19853667075511,7,20.909868693569496,0
22.972245683338055,7.137858977554905,20.746231040124265,3.218366425503025,0,4.379980108139901,1
71.48885534014475,15.413009526128088,99.00436146170662,4.638215218056996,3,12.373860333429796,0
223.64917260952433,9.304880386333377,41.04006661318651,24.03568485823966,3,8.037065748725555,0
279.5239368765548,8.321714474538071,96.43915140532269,33.58970531034362,0,3.22313819262243,0
143.2491182880344,3.3059591753231365,67.34031615030779,43.33057690406377,4,21.957716699932444,0
191.0781316614104,12.010501695807692,95.54178408099425,15.90925479225459,4,4.411985845175951,0
103.56076718147297,16.815997744025935,82.90332143119967,6.158467000167388,4,21.754572047477865,1
94.7070050795272,18.4030206340891,97.34482507820542,5.146275003577148,7,7.100697355149607,1
227.13550764044615,15.596698573219467,51.04183041710368,14.563050415711208,1,0.47963875175977555,0
107.4970304942275,12.534712244327928,58.2617452973899,8.575947209547701,1,23.65203550341001,1
87.41212155944295,16.242335192228403,67.99930818523788,5.381745945082312,7,21.574828580191713,1
63.236752095984826,1.817927949722593,41.853037282879455,34.78507061054562,1,26.9669765156602,0
295.83168466415646,14.167207399142349,40.34484640561741,20.88143953352906,3,0.30257257548184424,0
232.93648260473634,8.968333732019953,17.773775279135517,25.973217496698982,5,25.09640672862093,0
74.176913357039,11.25782300620865,45.458181817581476,6.588921616206854,1,13.355353051931697,1
288.35586742612776,3.9624697236034945,26.765449304728108,72.7717528561695,4,28.19186403781535,0
162.75495176472177,7.12562480907075,72.60805316939897,22.84079728103823,6,17.1904239283309,0
278.70401308585076,14.14956229155296,7.22714018107693,19.697005981042405,6,5.549450478349945,0
157.47379486611314,11.674752755445015,78.10671239605477,13.488405122127196,2,12.300622642438332,0
127.95892701557788,17.562175071972767,84.22747651638126,7.286052353491554,0,16.121818132395305,0
212.68536133544893,18.35897855874298,85.39723612070226,11.584814517589985,2,29.689482688667887,0
255.21939539558684,3.5058539498609864,19.43130447004393,72.79806832960249,4,22.94446276964921,0
297.3071538244017,16.275820431663366,51.505162222620136,18.266799825710375,0,23.33143843282648,0
139.6223773094503,19.75961990822091,30.154288167375597,7.0660457011807685,3,19.1985372134652,0
141.21346683625313,8.291443779107215,32.61641198550278,17.031227684626277,1,9.885376835545076,0
32.19819314729403,0.9371112936600556,27.644893061134933,34.35898528288804,6,2.3318300020900273,1
289.302297498614,13.601675312111745,94.75392105318667,21.26960766671161,2,17.578554123752003,0
62.114130612030834,12.993540036920205,57.90744446504535,4.780385517383102,0,25.616375317802255,1
170.5941602100114,16.3479575248613,23.142184522859775,10.435197176808103,2,27.043541031993012,0
146.12310899171948,0.6628905766444126,79.41456624907951,220.43322705144251,0,24.323477559503957,0
213.57866741685746,6.1229793340027605,99.13461941425409,34.88149408422635,7,12.478137503529908,0
91.43164112959191,17.693440245366144,99.66761899100753,5.167544573675409,3,26.743232697201382,1
229.35639483036482,14.626962363508271,17.16825239923191,15.680384561771291,0,20.060911649841014,0
173.69926672655916,2.892175628818874,8.389483885801397,60.05833981717619,2,22.675128154275846,1
41.732433899304,16.66195399647352,0.33884242876282,2.5046542505240748,4,5.148489468096127,1
26.608338408172973,15.392160925970808,75.5941044182226,1.7286941408777365,4,27.439715512801293,1
241.7734314766195,14.54533654927866,8.243075459857197,16.622058256095123,4,0.11254140840174842,0
251.64017550810675,0.20260874272681084,0.8404777771209182,503.2803510162135,6,12.75319534670112,0
187.00533799457685,18.346985196731428,5.646897668455142,10.192701198008947,3,21.289335067884434,0
119.19316354673,8.510416471479662,46.22709959639318,14.005561766121948,3,17.49585837354957,0
67.10712989499432,18.50755025295821,59.7831274968869,3.6259326046821374,7,25.826823569373193,1
121.10918787766603,3.2103066343869258,83.51634918398273,37.7251152835107,2,0.43887353044819055,0
207.85195050627016,5.557593522312061,21.370344981752943,37.399631634052994,6,3.075785680480989,0
99.07982074627698,15.791646408337797,86.27357472942036,6.274191948343273,3,10.214873483592351,0
90.1037297946055,10.581991367056858,61.34670399082316,8.514817926908384,1,12.728016323565623,1
46.43091479649038,9.4677913775176,7.831690890990606,4.904091455452443,5,13.597215005347097,0
155.39696140246366,6.09218447819075,73.01356082537193,25.507592877196206,2,26.72532631703306,0
233.16976662021133,19.53916711450105,63.152916175243504,11.933454750339061,6,29.14343677533891,0
188.02196225155163,19.15211125005621,24.654211918098135,9.817296892059344,3,25.325901946039334,0
209.83854750774128,9.401921421090709,47.1945467456847,22.318687650061012,0,23.738357953297943,0
34.709401300573504,1.5047331947255937,64.13972878740782,23.066814384262443,7,3.2511656555851043,1
133.57597609379133,13.106727143237597,68.06363910094731,10.191405881422481,0,24.042220952998726,0
287.65658538198164,9.293631440422192,26.400225658144528,30.952011302151867,5,1.373391920550855,0
224.86620526116852,2.9481695530840613,58.241773646658004,76.27315906099682,3,18.190133146759614,0
264.7581673850801,11.276997469367105,5.514414229506082,23.477718080922745,0,18.2967088421146,0
58.46673373480185,19.861420754269655,58.303317617436356,2.9437337065744966,4,10.84062212741375,1
123.01056830290385,10.777595681133924,22.68528720362627,11.413544536489956,4,4.091989685412658,0
239.64968424969803,16.078850604048448,71.87871216899666,14.904652711267639,7,5.830776026618293,0
214.91278893682266,0.31056740016794926,79.23430412566009,429.82557787364533,6,22.345529552637274,1
160.31794251500432,0.1727811445229399,48.97890563920158,320.63588503000864,2,24.731137564615036,0
22.161430192237763,5.439068098514981,39.520577380280244,4.07449029702137,3,0.9112542950261326,1
269.5955854159847,11.171913798745166,42.55919081142551,24.131549014123774,2,2.6817544216618994,0
17.170611371830404,19.9501870590155,70.8827038973663,0.8606742042587011,3,17.901397520864304,1
145.8596004790364,12.022546633524575,87.93036439208774,12.13217173741797,7,13.495559060494248,0
26.3732980110717,16.46728841358355,4.571970170429496,1.6015568166837275,5,15.211476420472925,1
75.12380197379092,4.226370925684284,19.70847337987307,17.77501390548861,5,24.445115504967962,0
50.21615812673311,1.6957538385039617,44.51237968363083,29.612881885636845,7,9.170791197225729,0
4.9207042465512,16.251675608737298,59.14288515510222,0.30278134790640965,2,4.407818749093004,1
70.49404725025497,15.746361772037407,39.74466893921035,4.476846669142279,4,9.862851098553303,1
276.6673625228097,19.23287821533994,0.34546528919854325,14.385125274808985,5,14.157498858800665,0
48.56992919059081,15.433759161943197,8.862843114312202,3.146992814968585,0,2.6277089686092103,1
33.484850956086866,18.90853906590899,67.34153484617063,1.7708851455614638,2,15.018722963541734,1
229.1558339950534,15.69974095503751,88.40840986779193,14.596153825170289,4,6.576839771222542,0
129.57570262530683,18.33402062533346,31.210071507928504,7.067500646653719,4,17.663947762409958,0
71.07610851930795,5.278935878965112,47.093353305962616,13.46409771759565,1,15.646330134481085,1
291.6303355553022,6.022184616103665,91.77038345579034,48.42600387498352,7,19.68207677809356,1
239.0451999896547,5.557166577423843,37.72675028835102,43.015662147106234,6,6.895016440113877,0
162.47862256214867,17.12209343899194,72.68200325954064,9.489413379332346,6,15.700610375443514,1
103.70001731069088,13.239597905511836,21.324873210531226,7.8325654639042375,4,0.4605010027747558,0
251.3899305376098,11.268462613180798,71.80807554764664,22.3091595692528,5,8.502777927490298,0
47.676039173880724,5.615810499180769,45.80721300733871,8.489609679820157,1,18.225628380312187,1
287.5565062439456,17.449996471457958,78.62917444178957,16.478886211483577,5,15.162709301593898,0
36.06463808254529,7.408257397208827,69.06965520017178,4.8681675256225825,7,6.489775678439971,1
160.72053217653195,14.921621854323197,72.6686239281672,10.77098278897658,5,23.056526895470913,0
198.85651944589128,15.85017268886082,31.850157041616033,12.546015955122282,5,23.39524032824773,0
30.610924975892438,1.247145341440028,55.290747007570396,24.54479358480163,5,7.027746473387312,1
294.2388459083651,11.396321516263082,75.79377000964823,25.818756121303924,6,12.832862443100058,0
267.8295428615882,12.903449863351268,87.51278579920333,20.756429148632957,2,29.857311124848426,0
31.920138688082233,3.586501061226788,49.94447974137501,8.900077859495664,7,20.586180566645925,1
130.4500475898925,13.860023445359037,60.01464593770008,9.411964424459404,6,29.36397564832738,0
250.8194412657162,4.450448040850823,90.864382411187,56.35824504936031,6,2.374522908731497,0
157.992060655224,1.3169185711998788,98.81930030851589,119.97101727502661,2,2.8242807453965058,0
39.124971603107554,6.625443998812206,31.814177739789294,5.905260328231857,4,19.14200658726537,1
5.2797856726146115,9.554467751880138,63.23473938318851,0.5525986177069518,2,15.708386253310124,1
275.03804673264295,12.208076215476147,30.208631424629473,22.5291882093575,3,4.157305990161797,0
265.9130685856086,12.100125897705443,99.19703054802724,21.9760580041596,1,6.72370651023639,0
56.358984368140206,5.733334394713017,56.60569843177462,9.830053593265296,0,11.012302122980064,1
193.99709805894227,13.114983204790251,35.533240967721,14.792020319788499,6,1.5211948417924293,0
299.6162955057478,14.860259856815299,67.81349307287513,20.162251427140156,7,6.113913929073447,0
248.0517474820694,13.457349036693067,73.35541098552358,18.432437681873804,4,19.760426472053798,0
178.60993286330984,17.23672887574737,17.6167571216712,10.362171044798398,7,2.485002398078562,0
84.3364426452482,16.798159071592774,30.700288235807715,5.020576498044291,4,11.81079409397823,1
28.836606552827927,0.08894535955973559,83.30435557883098,57.673213105655854,7,1.9355196051505763,1
41.9543348676615,7.72572470384941,50.051526669384636,5.430472412090659,2,23.503821012520365,1
185.3856379260037,19.752692293247428,80.22720020007097,9.385335182352781,3,29.93536869012107,0
161.70399460507812,13.17349625407477,1.945245674436824,12.274948995036949,4,12.7498922029257,1
259.1647476414364,7.358451782261712,21.258946336861626,35.22001031061712,2,11.485714810445934,0
189.83200750179597,3.4535557649102944,43.69239643930403,54.96711807308165,7,8.580253543601245,1
196.81474938266655,19.51145754778479,5.585400498034277,10.087137206467267,4,2.1984825424922985,0
179.69002127906577,8.777186171614229,3.432231710617162,20.47239488438681,3,6.5786971776245595,0
11.654319186375439,11.029894946191945,82.88877354754096,1.056611984359749,5,12.754481389937906,0
295.95088107426943,2.6529367982259666,43.28480762098737,111.55594858956813,6,4.244010981803149,0
205.7332627200334,17.57596415190146,63.65930693804203,11.705375644941567,5,12.968998273701782,0
206.66910645301382,17.722306752825304,49.19906589719868,11.66152405188825,1,5.276198378134145,0
206.17988421665953,6.529439962815815,86.38180651564838,31.57696301533105,6,16.40124441122693,0
237.73054121174445,5.003117488971453,77.74031672523225,47.516481820741205,0,26.645596897907744,0
251.85423493186494,16.110040132256884,88.4113685388166,15.63337104465563,5,25.627566783264704,0
113.28483589598504,8.087905501223853,95.43846080392326,14.006696279876527,7,19.808573875993915,0
68.01102966624067,15.811764537115634,58.215265947487936,4.301292844741994,4,11.975082503494459,1
66.11584270913706,3.990870894328986,78.19920120570535,16.566770627205067,0,15.444447779602456,0
54.000155518855344,19.715068446067075,32.00486274187016,2.7390295735761314,1,23.64821182465812,1
265.45777538647786,6.170197621572853,49.561666797492464,43.02257264149178,1,13.324319830998107,0
153.0851976174227,17.8476865535913,22.974387080200497,8.577313208507631,6,11.479287046340318,0
185.91454206093076,9.277216040655594,12.542993221073228,20.039906502790974,3,5.507170311342379,0
208.34282219141443,7.129173402844787,92.18266106604945,29.223980175356434,2,23.31878479030889,0
23.07778167366297,6.247265854077209,57.56561008487259,3.6940610841143426,7,17.563813401527952,1
125.59860672498576,14.488628825483115,99.60722745937662,8.668771091994465,7,6.097718075801391,0
186.98038937461453,17.166771315957146,85.71060103264873,10.891995118546804,6,25.872101485752175,0
238.5705884471023,3.0859317847103873,67.45185842722178,77.30909336010873,7,5.006732797881703,0
23.775120768283188,19.28621536664475,95.1556716333938,1.2327520105060084,2,28.18444160819704,1
78.46263801476519,18.57442052533331,73.61144604477948,4.224230732137858,5,7.966913884348612,1
136.798804949898,15.354345780810606,26.01353272022505,8.909451884356088,4,4.480347859392404,1
21.0897502953695,19.570626449082724,87.86072526088381,1.0776226479126314,1,5.255433014779963,1
228.26279040677673,4.712163694110767,71.15236484055424,48.44118439519793,5,2.4060255790557683,0
25.255708355250107,1.7147534963059585,43.37374023880688,14.72847753899188,2,16.571363783831963,1
99.69293298627643,5.3758662493986975,69.26768132524509,18.544533729318008,4,2.0285735341848476,1
14.512444071756514,19.795347772029523,96.54952036603794,0.7331239763447016,5,7.836827870602204,1
225.1642110742879,11.689122620296505,3.7130870014275286,19.262712727756156,0,3.327214645947776,0
59.00579032078711,11.055452778233484,72.09247213739866,5.337256782188116,6,16.350879825637204,1
99.39586356376091,13.136666227498061,11.474988344109605,7.566292835826378,0,8.792219279812272,1
207.48221132444417,8.819883473057677,21.919000757036333,23.52437103712825,2,20.402966998770147,0
60.16073935854336,18.63776288374905,65.95225877462569,3.2278948784673998,7,28.72341418576224,0
270.3697677272879,15.061633441305329,47.741868958730315,17.95089282851755,7,13.461629422762034,0
67.90839140318803,14.180386161976672,37.449794438336646,4.788895776708662,4,15.220787976304761,1
191.48096616570706,19.637623131803423,26.085670253516223,9.750720078521152,0,13.464726645029776,0
116.83324986414819,9.691575684015483,11.592657985583276,12.055134652339731,0,2.1263758211351114,0
203.56259564811003,2.936560842742324,80.84129080011944,69.32006743575997,0,20.140725547665397,0
55.82327382972226,13.338286048326367,23.388248627663433,4.185190932888018,0,15.95965606131456,1
223.24423250982076,12.033185302483218,91.40410588349246,18.55238051256064,2,26.275073004600177,0
256.45933040412814,1.3374748133183934,95.8931905716293,191.74890461513056,4,24.682020343703414,1
267.5761836841886,0.8220264776610264,72.40016464591662,325.50798661077584,2,17.72669780570269,0
16.31136647115493,9.54039766933775,17.05108512091528,1.7097155733433058,3,22.40679487400625,1
51.68458872767474,16.859474385513856,83.01952429090902,3.0656109167960555,7,11.216656479104538,1
200.37669296864624,9.028191514992814,86.35136593584441,22.194554982123208,3,4.460883405983087,0
89.52730431752006,9.890075216565704,11.521514218320238,9.052236950388748,3,26.33917169912543,0
126.8723720405021,8.525393594194279,2.8182003624900087,14.881702602786705,1,9.631142701416152,1
42.68149439017537,11.760135105316254,54.358140785618794,3.629337078864076,4,11.939329343002473,1
185.3147622543537,13.516662821993533,41.11551140903957,13.710097284724764,0,0.7995847461129291,0
116.70397181753677,0.7957361208385993,93.37297250419859,146.66164920922077,4,7.197658905508858,0
10.159074471923802,14.085226955915823,12.644598089620985,0.7212574212485068,1,23.33623993246959,1
162.8255343413585,3.4691992264084326,48.38415541608866,46.934616237052296,5,5.2603691633213785,0
205.42722744136606,7.1652277021369315,18.72350660684602,28.67002082573038,3,11.50164111075249,0
165.74415867843888,11.501878845178172,13.171881472352453,14.410181232948936,0,16.178646767997584,0
111.30750307781435,1.9129977766208017,79.07926492761787,58.18485752473404,1,1.0871206020243573,0
74.81934159662467,7.381560280798773,21.107081046507105,10.135979217191778,5,23.324348494712915,1
44.5169795859706,2.282688196382856,49.072924863226234,19.50199753803964,3,4.3516596832845655,1
255.7277075422264,13.982522379891037,66.2016799195975,18.28909695935843,7,21.104199018168927,0
200.54235258165582,16.363665736422572,23.20632691826513,12.255343992714582,3,19.37098458988026,0
286.4855393456807,1.680712571862999,66.08828479328326,170.45480836031564,2,27.162636013781885,0
266.31444360157974,8.50683150901746,9.806438298685915,31.305950202408454,2,8.374105664297325,0
293.09509743335485,6.794585860864331,21.01167449806113,43.13656541181314,7,11.542612158215366,0
221.0132267863658,0.22578593855583362,76.69587802554756,442.0264535727316,5,20.385086911378707,0
184.99851272870362,5.127631016553442,41.69142492946136,36.07874906198908,5,16.601394006886345,0
198.07785774103715,11.44125177980017,62.62968784468477,17.31260368649074,5,23.76440320941595,0
259.3375087232425,5.614361932139598,0.6802174879505185,46.191804493161804,4,10.890194123269803,0
112.82146253988662,1.946625356536058,14.215920322949028,57.957460669601005,6,14.964604096913286,0
244.15590056548226,1.0774404306661944,31.404568481138018,226.6073312419859,7,22.370359676982602,0
40.133541917821915,14.800983239033554,86.32402505982,2.7115456635327204,0,11.18328099010988,0
63.396290684581224,16.375874607349743,12.173113821952853,3.8713224303835347,3,7.694888702379766,1
288.72962311877507,10.442781346115419,47.60437527399333,27.64872820268125,7,27.564232520979214,0
28.610907559772116,4.8817139624884405,30.062101676962662,5.860832441151014,6,16.021300393176954,1
79.53939228726709,0.19009961430933142,81.11512363139444,159.07878457453418,4,16.65055661529293,1
195.47095300668167,1.8110186007619422,23.94633895268403,107.93426026902318,7,10.826561043285027,0
204.8963119358829,16.043824438691527,39.95498165418133,12.771039269274967,4,18.918654692148294,0
41.30265195027639,16.902420473144733,63.87597658466455,2.4435939228881307,4,25.308496960187373,1
288.27167950470323,7.660068388990027,11.409049221568923,37.6330425351087,2,8.516259578347178,0
247.960972175192,11.300197569585734,99.03097985329481,21.943065211760036,1,9.251275447559506,0
226.65662939261207,19.837575650899876,86.73197758031263,11.425621425788007,6,18.29064599538321,0
145.58985354578184,10.83896868977443,76.30033829625641,13.432076216174742,0,3.862800486641044,0
218.4207725377082,17.905244120657553,0.7690296544035857,12.198703969956647,7,26.438416647753318,0
168.3484924421505,11.743838319166615,46.61869909104568,14.335048547747473,1,2.832262483080892,0
141.80489206603335,1.628938682108172,75.18885811506892,87.05354819280828,6,13.598504885598683,0
216.7045146704019,18.639164072193083,58.53763916636554,11.626300076069047,0,13.256454655628252,0
286.25855689777677,3.6317927792876126,67.8774548351655,78.82017898442082,7,4.957243682971172,0
63.46889586001596,4.852373333350791,48.06850548847126,13.07996963543358,4,29.080657406394472,0
123.1710696544481,8.474608395726316,33.16163666148265,14.534131124756442,2,20.92328473510228,0
128.3086301849563,18.97709211109673,23.889576190693372,6.761237677184939,1,0.1573658585448523,0
74.10341108105685,7.843068565674088,41.688489307597045,9.448267659596558,3,18.718388938896158,1
37.226650323932844,11.89666901899356,38.63694974333052,3.129165841673736,3,2.3138204175719865,1
275.6982124085248,15.772683778743655,48.70287087444761,17.479473770980846,5,14.916806126099855,0
209.4864242665028,19.823862808218887,89.97164029507097,10.567386704252748,6,14.897601632210755,0
167.57967270096646,2.8175653125199207,51.396722352503254,59.47676597107512,0,28.082578176695147,0
234.7665189262169,14.699607180380127,91.49827010080551,15.970938273749564,3,13.29562162970873,0
89.82103421061754,11.512925263707487,52.63987344052056,7.801756039688963,6,5.118066299178406,1
181.15470362597918,0.7687577570449533,53.15886713240212,235.64601718273929,5,18.03325666613315,0
87.84286809311665,12.087532236973239,70.43660937855955,7.267229271531839,0,0.23614873274007797,1
195.62151395172205,18.340231726538697,79.64796918254528,10.666250943201206,5,14.749322531675308,0
122.42614652088041,18.378027624678065,72.69264940949041,6.66154981487166,1,10.063167708163022,1
73.33046507388978,7.4010227481354,96.44908637763191,9.908152909321151,4,16.24350663720374,1
150.14887636752917,4.126613176167789,94.55191880442848,36.38549821792749,0,26.371903867448953,0
277.1225367899949,9.262180964703507,92.3244315336925,29.919792956546484,0,7.496727018544264,0
169.7579309256441,18.768451619652144,23.0205604500614,9.044855397015985,6,0.1977859347430977,0
220.62926476043248,17.337170227261314,40.54612219213449,12.725794455978209,6,27.0145315474358,0
152.51545942525962,8.98840683220502,40.45022157564547,16.968019168736802,1,4.640033700055018,0
42.032969392173115,8.777001025331687,96.41341835183488,4.788989914762448,2,5.16545443144659,1
23.168483912574146,0.15755590307072742,64.2652519387379,46.33696782514829,0,8.037107803528965,0
222.24853296588356,8.672158955118272,57.789387819901584,25.6278204903882,7,19.244307842375605,1
109.30317022411481,4.355144290294495,57.145032512000974,25.097485396224087,7,12.579080045125751,0
81.05029752442474,18.21667619529116,24.423281041463873,4.449236329148534,6,23.170369974147857,1
78.80357509845123,0.1790451982577035,24.319046036988745,157.60715019690247,0,4.1829803916341115,1
208.2383586786932,0.271006598844552,41.48954775902952,416.4767173573864,5,21.907707361372832,0
23.0442941713109,6.586986376063784,70.74007987962453,3.4984578463758087,5,5.30652573004887,1
120.89586032658089,0.21362393537352142,16.107343440120747,241.79172065316178,0,20.983903859975424,0
240.47578658580798,17.770529502969836,18.219878523064004,13.532280315317522,5,4.796628146233163,0
28.582569116064604,2.922553136057162,72.09734741016966,9.779999810243162,3,19.77025790041292,1
96.20141877671304,9.994606985064951,30.57060078643321,9.625332834044185,0,21.440340141505907,1
200.0787996092362,19.917277191362214,96.21217228509732,10.045489535889322,0,17.401642545113102,0
132.3061116023739,15.6853257798001,37.226239098338844,8.43502477792081,5,28.770237820672648,0
16.511557328389625,3.1936181127027274,94.66985227528805,5.170172746301234,1,9.08917822604007,1
70.20032085404503,6.989479142376245,96.12185386229913,10.043712760859417,2,7.545141313152518,1
186.34875714873732,11.890832318962449,25.215253195960308,15.671632746142151,2,12.982683756189438,0
97.59352028210316,16.20801640470836,42.48681328449199,6.021311790735395,2,16.494815235593197,1
124.39725741128463,6.0961676389744035,10.234601801016186,20.40581309083107,2,6.079480775660363,0
98.53967263688949,3.6003910599424227,95.5776394405245,27.36915823762359,3,9.682807668703223,0
43.341968205102624,10.988597838357224,0.8832321841738655,3.9442673981398677,6,27.249185327761857,1
259.97895853540797,10.586283404024293,82.34952663438555,24.55809547254129,3,3.824783647885348,0
224.94211836931842,2.3997281112140456,22.52549919393625,93.7365017804113,6,14.13136190947286,0
260.89287525782765,15.087770457561703,89.96419975251648,17.291678448559185,0,10.538824305315844,0
71.59089298346218,9.662416367937876,25.7843309610737,7.409212173987582,0,5.332911445555748,1
260.8509147857738,12.890625107455946,5.318592897599306,20.235707160151406,5,9.793601737381977,0
107.66989991348285,19.787601386626832,73.63394832424898,5.441281022885877,5,13.72027225096478,1
74.94005903911577,14.608913846479453,63.14055942232728,5.129748852422406,0,2.591391798086252,1
159.77434894189238,17.835610250452028,98.14907159222605,8.958165529426896,2,23.042542074231672,0
239.06728242783453,0.8892083231052195,89.96163821518593,268.8540763912146,5,22.594112042469877,0
163.01734273198372,16.272530568683717,7.739236217081668,10.017946627533677,1,13.393198861657245,0
212.8857106131212,3.5827202875361097,65.77663077684602,59.420131500002164,0,9.154131453089128,0
180.72675893775173,18.151499489672783,35.38265949326574,9.956574609198288,3,24.120463793825696,0
126.68172372526253,2.04014621618116,5.891740479971674,62.09443358544724,5,24.083702584936216,0
272.43804323828067,0.22525207166935513,89.16024123331249,544.8760864765613,6,6.970585695092733,0
11.877290325580947,14.470343005700045,8.227228780578876,0.8208022657722998,2,28.534879775647564,1
120.40096783822806,3.401936488034376,1.7450964989204398,35.391891724526346,4,2.7883037345517026,0
269.09623502047475,13.329198372247099,34.80193740907178,20.18847851951574,2,27.17089305198802,0
265.84902194115523,18.609599740517734,52.91037320537182,14.285585162927266,4,23.795174316280406,0
12.603366912689362,14.195109768259046,62.952004886301324,0.887866815998218,7,19.674592834096018,1
69.17842120379501,6.844749128614225,32.33184961989496,10.106786955068541,2,25.499161934270962,1
257.6617671745855,3.3412810506763257,16.72721202049795,77.11466448547658,3,1.2852271101506507,0
164.0308722337035,18.74794099029883,21.40916956854437,8.749273977264046,5,9.606758498741007,0
264.46536768676435,19.958403017391653,4.427971366840233,13.250828107655234,5,27.77641834465537,0
230.76034290756604,17.38647115018729,10.496422195372956,13.272408237083823,6,20.435539446699906,0
199.1627312733878,18.841348635272798,40.91034862062609,10.570513561886765,4,27.39302671344914,0
291.4539693428547,6.085556190763592,21.112543175436784,47.892741469581956,0,23.621647500787788,0
51.8700909014668,4.702649946299358,5.397117602261892,11.029970653521591,0,9.38258674750801,1
5.149063360701012,14.00216753868907,50.11924605717783,0.36773330603806537,4,1.2267514733775498,1
208.4056967034137,6.12908858170492,4.563962422547075,34.00272225229314,2,22.06082748810095,0
161.14607958981313,9.420587529017265,87.8311230673728,17.105735612927692,3,3.232724001101511,0
59.44651294101235,2.9901530472766202,88.56754165567739,19.88075927924666,3,18.72911798701338,0
209.13404905808753,7.382532614826824,28.05532061518362,28.32822555203751,7,24.604219452037015,0
71.57349347717678,15.254076536693317,89.66545577715371,4.69208957389249,4,6.076446396969416,1
156.77486196395384,15.279448568279486,17.996401373947347,10.260505231152278,0,10.074543468126052,1
56.229626902728455,7.867773103305071,60.66899292279964,7.146828735961854,0,19.630039007118253,1
155.56154012552201,11.101103504037662,47.0039435676661,14.013160049263716,5,23.596946242910946,0
243.80484947754124,10.358968244486189,17.501023520761173,23.535630549626624,5,26.208261861378904,0
184.23668549309065,8.846319695636906,78.15649333517632,20.826365294480375,0,28.67257283678852,0
74.34822090807688,7.035946424427369,76.92199059526659,10.566911176292509,2,8.80081393248556,1
9.810317083491583,13.167868759186751,36.521701536701144,0.7450193545289762,4,5.621909782709635,1
296.6775462661077,6.877261177718099,97.05589632057104,43.13890931281258,0,13.920756686461296,0
133.92439949992155,17.51011663918468,70.19588626039928,7.648401336186499,6,5.279380057768784,0
30.281767985866704,18.46882634218304,48.71555394070618,1.6396151777496957,2,24.69517031908573,1
141.21292838212304,10.142230602260952,4.252418672071889,13.923261452036321,0,21.909636995468205,0
59.21331943917201,15.445982238149185,5.219690948120215,3.8335742283144856,1,22.784675116124696,1
268.4054047149305,6.504579526754808,59.54037435620116,41.264066894857436,3,12.06211162120365,0
17.763451177700862,15.292938501453843,28.68651386643849,1.1615459760079567,4,14.483127145146312,1
196.6523089325679,14.684126053230939,84.37086162800593,13.392169763436389,4,21.667343442290072,1
36.62691828293063,14.200750314524164,22.10331172853457,2.579224158703048,3,10.271261860112874,1
268.52233343951264,0.4419834585459359,75.96439879672977,537.0446668790253,6,15.834357160743686,0
209.1276415395739,18.563190152874814,6.321305439287084,11.265716712339287,1,17.099953529128566,0
268.75198781820586,10.980010474807177,91.45091738930032,24.47647827247865,3,20.320674651358797,0
154.20858181643968,0.20603154698049853,21.35416934775097,308.41716363287935,2,23.033977427198455,0
110.31803046344649,10.130940450220793,60.45201585924076,10.889219120920036,7,29.345853014002756,1
123.72791762012562,4.949275224763891,96.29604931419486,24.999199276905873,0,10.36638675400983,0
51.68136293430445,4.763206724176805,18.635806250603792,10.850119662449925,6,9.84103493280151,1
50.24138923557011,8.698420963768127,8.783211279064195,5.7759206463842725,1,11.310652365039624,0
232.55787378934633,2.5273725187203544,34.4705865413803,92.01566926394126,2,22.526901386905788,0
53.16527607018995,8.266836377773465,68.02641239728334,6.431151366819374,2,9.610324010996226,1
144.95031665099728,11.066938096920993,3.265649863110165,13.0975989367217,2,25.860917045110334,0
208.18649939245654,11.77578381128753,53.39238845312604,17.679205285078517,1,29.912508693413262,0
288.83714049040043,13.196225034784351,80.17270660480766,21.88786109126249,2,28.008111471012494,0
138.7340747255789,2.420241554323681,45.396684954387,57.32240836776605,3,15.563541226022373,0
181.46564013456978,18.215178603882062,80.39005059914585,9.962331091054764,3,8.153999978937746,0
126.6921077260813,13.763707699258564,96.00285005267479,9.20479499378689,0,10.499352353132783,0
138.08146131307595,19.72195409173193,86.49936393757565,7.001408717960868,4,8.807616379964937,0
291.3762820075219,16.61609381169566,59.65852218116135,17.535787009244576,6,7.358489179692626,0
276.08689194081796,11.933161644942299,90.80404788973394,23.13610593365535,0,19.93462840778821,0
9.710472194147112,17.18949541258604,69.31382429733617,0.5649073437628171,1,4.565033025471528,0
51.367605246754,8.68133622704044,74.0573373377664,5.917015987326385,3,27.615658263428315,1
226.0618789860703,16.848522485679865,80.7135623835692,13.417311765955027,2,10.472937924899625,0
1.2484914217728238,6.929494913920351,73.96507411970155,0.18017062387401214,5,9.497938221628901,1
136.17713793989228,18.328974938582462,33.004245865886695,7.429610133474492,3,2.5078649271523332,0
62.62599016146905,7.235071843330802,11.855210245410763,8.65589057269651,2,6.249561505277229,0
162.0643064659145,9.89338321659716,86.5447116066498,16.381080457293425,0,13.020362655244973,0
245.0471363772231,5.876006477948774,75.67557078102193,41.70300650566426,3,27.50743241912747,0
136.80725693074817,4.921038776282041,58.61183746123784,27.800483424377575,2,4.68905569834381,0
256.7399373519718,4.078164666942783,76.36632899596304,62.95477459090395,7,3.9567154016809623,0
156.0425655884749,1.1238629059682292,20.729774936257773,138.844840202321,4,18.107195207958146,0
56.79626705527121,8.842419116044084,35.47035728319763,6.423159353781083,2,19.882292250242063,1
86.81800620809146,6.868483673178405,5.541847236566411,12.640054244740783,5,9.139060131678043,0
117.2535505847458,15.659839597231734,40.015869264314254,7.487532031009645,7,4.628400979870351,0
180.28465670837033,15.43265923491652,99.35476866008564,11.6820214821095,0,9.721519437819332,0
273.9150048045134,9.276893124870735,26.760329471476684,29.526588386597385,6,15.250674970589973,0
42.50606424955264,9.59388985650535,85.21641653478058,4.4305349431055285,1,6.215747873744038,1
186.183875830844,13.763911838112566,27.74217950666752,13.526959342713665,0,24.900635234832112,0
113.1199897182647,7.373016772921175,5.572538741297217,15.342429456246414,3,3.1749596829170743,0
95.84684755193241,5.854914802231983,60.28841964155982,16.370323188203205,3,22.99614500462075,1
254.53963221956727,4.040112698525384,38.17026367401712,63.00310194625825,2,9.951309561847472,0
196.6685351094496,11.351889267704138,16.00829658940612,17.32474044377503,2,1.6313344728316748,0
277.43509445119923,10.409216686154771,80.03923742563109,26.65283112227011,7,4.52245713937392,0
32.457753806923286,8.689856792469449,51.27907662180948,3.73513103634238,3,16.71010954684762,1
294.4597699244608,6.852921950702521,7.4571031016254175,42.96849899104345,2,2.8578009134297524,1
224.85085732686036,4.1847651488755,77.65170635769051,53.730818654729205,6,22.14298061805914,1
174.53259394141435,17.38344276192272,21.652805633788198,10.040162718728906,4,13.740874385339936,0
184.56810588229908,0.547724492679238,19.702098386806245,336.97252605862025,7,21.091138073769518,0
105.32203142351347,4.2959976275537315,46.75201769322285,24.51631508080859,1,17.381245563538204,0
158.98519504033146,17.526404435867427,24.433456326475955,9.071181463493534,3,6.558305379325215,0
235.59210921238872,7.582304081972522,59.870879564359015,31.071308492167447,3,9.832892311943237,0
263.76913115282315,10.353441520945015,33.95849399297198,25.47646892284253,5,18.78982921145506,0
294.2502036244169,0.4180262961347947,84.11657088016075,588.5004072488338,2,7.470065527493644,0
274.9061406865076,9.505608970034793,4.224801309401361,28.920413363637596,1,12.197257601889978,0
35.463732486185684,14.82997443351519,53.963071990459035,2.3913549308648143,7,28.83669332244463,1
266.732128001753,0.42810816987469025,78.21337775263255,533.464256003506,4,26.646272048782514,0
146.19444609120453,3.8169403575421867,29.033743051461393,38.30147510749746,7,22.886806949150124,0
55.265240432979034,11.670393331458493,36.25741839596858,4.735507952761719,3,4.484864791463572,1
263.4625876031552,17.35682922920081,16.501496032365694,15.179188786389085,7,12.75828284549985,1
25.69793649888219,4.618059156791043,97.10321343215176,5.56466160921571,0,4.657013507658512,1
189.74882270211307,3.879478153118372,8.763557485004114,48.91091410054485,2,9.08803355598849,0
182.53297190070205,14.951127703932851,11.977988990246025,12.208642419172653,4,17.17403772220571,0
140.2888577909249,17.21300535972095,86.85658902562339,8.150166392163328,0,9.41455116466611,0
55.39403689720525,9.875053511746037,83.85395946135792,5.609492326427998,1,19.192385807786135,0
190.40770546187912,16.71799046763646,91.12490796956932,11.389389522052909,7,10.363818965482231,0
171.7926553002498,17.44579660989379,23.009976629323646,9.847223325005602,7,20.532913043429822,0
270.5740166182564,8.459105912361304,74.00476453287513,31.986124706497193,4,3.874756663608936,0
5.635905420457488,10.073359619115507,36.934645739812765,0.5594861727921066,2,22.95708222835964,1
280.4948324108825,8.970283273093356,58.33549663203272,31.269339425682965,6,22.79463856732304,0
31.509342502530625,17.617318317186477,51.77400834464269,1.7885436327611712,3,7.859198753625348,1
153.2099290651029,14.540725542582148,45.50177838898686,10.536608274217919,6,0.006710484919902893,0
122.8294572047546,12.750746948072837,71.52187056615779,9.633118569835565,6,27.937876570991673,0
38.465191447738654,12.045633049230052,36.68953859533838,3.193289326557837,3,26.817397054848144,1
255.02235041783175,9.241219183645438,95.21808238486499,27.596180260409277,7,11.580788036978994,0
295.5525358119782,16.518570492752023,65.31843141430132,17.892137575806576,2,4.75396231864074,0
150.08024328392136,18.32941201484948,73.36582592535504,8.18794640888287,1,23.082807060519983,0
231.23465510723963,8.952039343189133,82.59910513804812,25.830388612307313,4,3.3126458456681473,0
43.25482494736621,3.1678234576782494,75.656245214614,13.654430407895392,7,20.626232867401374,0
83.02934851132537,13.766562544183657,73.53697123504105,6.031233159682632,0,8.176251014736795,1
162.93107075964656,16.978512670449145,69.11881297043541,9.59630999028706,2,24.477509645958637,0
68.0033232311188,3.665931904834281,69.33562325056248,18.55007812377598,6,13.297421419340035,0
103.96182855018837,7.016060434720652,83.87434015603198,14.817692851633435,1,10.001287404834725,0
38.336810918189045,17.089354741196697,84.07357137918953,2.2433152976672583,5,18.947034673828018,1
46.11370866912202,11.995146089943207,41.51213447578748,3.8443640722128425,4,18.612505552387265,1
30.126032751525244,13.787861705948142,21.59226210832641,2.184967719724716,6,5.194930586240874,1
26.201438299077118,12.286919860732564,82.33138869982828,2.1324659553460252,2,23.666639657048954,1
109.32473577750727,18.360472872493823,80.60566997260271,5.954352948136143,0,14.554411601532147,1
169.09049280749292,18.780522131621048,68.87244290613755,9.003503290400682,6,18.65945460096646,1
42.40550622320325,9.851882730328851,46.17178081194121,4.304304809948522,0,15.946518092263366,1
139.15608987868717,8.810887993697062,68.06433221996004,15.793650989347904,6,20.627714171898194,0
34.927451899601934,0.012068812292467257,50.649691555529394,69.85490379920387,5,12.020452162084363,0
51.05875994697484,10.003701268790387,19.794583091967233,5.103986871965908,5,0.702926877647323,1
70.91738811197206,9.106009498531565,40.9532681093542,7.787976514125996,6,10.71589884757457,1
157.66546331416885,12.16662871471765,66.70686167297448,12.958845626927458,5,7.080148070930696,0
204.9597810859057,7.253847952473684,90.52278826996462,28.255318064119464,7,23.659658143490294,0
251.5611230235672,17.652242615374934,51.8924802876759,14.250944115421339,3,15.887729530778547,0
171.77435954468763,5.391365451011394,29.839032946728505,31.861012039624136,1,16.099399034363465,0
111.07144580796158,7.3154593944416035,93.16969186682996,15.183112887258364,6,1.011017184269396,0
133.39828668757556,13.851555791637471,0.3488072637931494,9.630563432312162,1,6.461108632825919,0
52.11382424231478,3.8830325987737457,67.22006621623471,13.420908250621492,0,13.170613719515277,0
159.54924779197964,16.76946125712192,22.3126951381727,9.514273914090097,0,19.355934538261387,0
266.91632772156584,6.662927671967989,57.92762618610365,40.0599167306777,0,13.615379696182348,0
28.334756407950913,10.591184256882876,9.368934871070856,2.6753152169491385,6,13.251792496342215,1
78.2724616461316,18.35894830155202,16.427858080231562,4.263450191180866,5,1.0944590207367633,1
11.973525866077617,13.140704277188902,21.101889930435625,0.9111783975583863,7,6.249015571803518,1
24.989612246590898,4.8754415598146705,41.509772969689266,5.125610047829355,7,6.508397374866491,1
169.93086174025453,9.14547368123512,50.99009022467473,18.580870457144535,6,4.324275813480169,0
173.8421132894626,5.125048328762336,61.99670122542381,33.920092482609675,1,9.109419890150836,0
176.69138971140228,0.5956834473209294,20.754909502006303,296.6196064471275,4,24.948835467774323,0
190.7291954679177,11.155754958309608,55.367423673248695,17.096933034177923,0,10.891442752922572,0
174.42068977738487,16.34702593281093,60.35728630976269,10.66987294779391,4,19.32497406287009,0
66.37783899936942,18.549875277155795,53.15393236902286,3.578344221058664,3,10.878509641854922,1
18.335617305043094,13.447208813427206,74.29959467313269,1.3635258855157175,5,29.079639248820676,1
18.19229277078669,16.813328794744173,6.676127176741897,1.0820161190491664,7,25.953889193254795,1
153.06102449824658,5.671500305431625,70.77812571617068,26.987748612419054,3,17.971556148409626,0
228.4432076283359,6.277688124245193,58.375007848589725,36.389703200778726,5,17.968813677218307,1
88.48099933589701,16.747094827437735,48.51164193962333,5.283364084792394,7,23.227150196179956,1
85.9359346135004,10.130279151071145,37.78139815678809,8.48307665879215,7,3.547813652585673,1
274.5248381657774,14.150438008987564,23.467323994423815,19.400448098596993,5,24.547992553679773,0
120.25434333297372,18.36207734436214,65.68599044615603,6.549059840982338,7,23.957312019095465,0
140.49774465145592,14.526423352110845,73.00082937409128,9.671874572693085,0,11.68948680712021,0
98.10139751732895,10.239772976387735,70.80166942346015,9.580427001999412,7,12.384517862343818,1
224.81831990861295,2.9705593600777513,54.05274472470053,75.68215028119437,4,3.3951046727039835,0
120.50951399398741,10.904542485650367,2.14175937996266,11.051313170870735,1,8.998508300970085,0
297.2199491369375,17.479587720492578,49.36739677188049,17.003830633172495,7,29.03793807219478,0
266.55780764853404,12.144869935987296,61.80631961815203,21.948181335287778,6,22.40313577282593,0
223.5800114921342,19.423122313555822,3.8736306122283404,11.511023196105437,2,19.80757915721044,0
96.55391707008036,17.298497954110076,50.39944145174675,5.581635892678151,3,24.960747855144948,1
249.40898570108016,15.755015891717205,40.83287294032934,15.830449643164151,1,17.468821254753603,0
60.823783056627555,15.820696133241366,91.4771178927203,3.844570589332588,4,24.149794371064704,1
5.301082366374176,0.9901965078675179,88.41745365028136,5.35356600862041,5,8.897117721793217,1
29.756504963091867,11.745799387236422,67.684123990368,2.5333741861304717,7,12.43708685860292,1
184.2369173637464,0.6557484138700342,80.2555998704878,280.95671063302206,5,13.430752770399652,1
13.603616749081393,19.089578005767613,92.07851527453968,0.7126200875143115,3,17.763708386462362,1
10.78411906788479,0.10914416702034524,94.78907040090483,21.56823813576958,1,17.38436426073016,1
163.86019211784495,18.956404140192756,46.02623956718516,8.644054584720346,3,19.048720209548854,0
185.09458765933203,4.7342917851832444,90.97437312428364,39.09657369210246,3,23.396395492218776,0
270.9949394075082,11.331228169935532,15.92165709921134,23.915760528635616,5,18.70848812341902,0
175.7501609817259,13.704841455177641,97.13260338384337,12.823947037733014,5,1.5364706391407101,1
117.04339870149228,3.386634260176875,99.57617400241924,34.56038937472374,3,27.489056706408856,0
260.8204332174789,15.380820215918327,98.6928596533385,16.957511339190074,5,22.29062904557478,0
22.616177423191488,8.274874898050133,86.35275150792911,2.73311411977004,0,4.027007749835549,1
122.59984266780222,18.77936458949765,58.1616202829571,6.528434020412284,5,25.473124999353967,1
2.7827935844975227,1.2264764104965775,66.58884461250068,2.2689336384144734,5,4.982100286907796,1
275.40022838823705,18.61208580416253,28.301124717604765,14.796849277722798,0,2.167699316143701,0
39.53288886504782,9.31028450563689,37.34252250619481,4.246152611245416,2,22.629653986188238,1
203.188906309538,5.202792935349754,20.744162609217508,39.05381375626066,0,8.550049024713829,0
153.67576399122527,7.977665382919663,42.140864129727106,19.263250163418494,4,22.274368193714807,1
145.7759255701786,16.32920615523385,96.17490641643968,8.927312459917372,4,14.852625094059103,0
5.757676711369919,4.290448561176625,35.9880669863278,1.3419754669639758,6,1.3830790788837488,1
277.8284676221977,7.6808783750617815,61.35259282475637,36.17144473010393,6,18.677253667161875,0
36.11845139729042,11.014760464521334,18.081948309767593,3.279095493145616,6,6.160572033202657,1
237.9832271111961,6.552837213196392,98.13532774788108,36.31758570652953,1,20.378202645783148,0
220.33244694288817,4.515523153497072,80.49021351202843,48.79444517347906,0,25.732255449909943,0
63.742173166796356,17.81523702239822,6.179902493043987,3.5779581875142306,0,19.417625299100294,1
190.9293676924827,1.103510667316121,7.693398071206136,173.0199565327695,1,1.3809980900458763,1
45.49072947713941,1.2107742451600823,72.79803698905249,37.57160317786976,1,18.02288535988102,1
190.34572486121556,11.325212832235735,6.9718191932982565,16.807253663208993,1,7.6174998176818365,0
232.99542649816942,13.331559978075065,41.441965865411866,17.4769814546348,0,1.2684563780274394,0
86.79144915207651,6.354218788896477,12.310152071221713,13.658870120074884,3,22.24042244222342,0
204.14874314528953,8.22359952432918,36.72689031981767,24.824742807735703,1,4.274247771169897,0
139.57958550034328,0.3245708323649876,3.4888666554579117,279.15917100068657,2,5.413861953654059,1
237.69989251033786,17.028998657685893,14.20923523062636,13.95853610001044,0,21.459480087810732,0
203.91439228957967,10.386342266584263,56.96220312922902,19.63293593218362,4,28.998307409979915,0
66.79875306003642,3.1449885640006436,35.11593315749452,21.239744342683323,7,19.876088218176232,0
287.8137801472302,14.941876679130546,79.79081865735546,19.262224306082135,4,10.516341179630015,0
267.4114786745846,12.078637853258519,25.659046480408342,22.13920823882004,6,12.772657216212874,0
62.55645853990902,10.879623961783267,17.887071799176102,5.749873227204396,1,0.9780921501318374,1
48.43172888726285,8.53469749176378,12.232914064343614,5.674686060519522,4,12.957925977094323,1
125.55950290162802,12.1726846345248,48.362104406440054,10.314857130653795,1,14.573694712624974,0
132.2537992394383,4.189745203064124,9.619858229703071,31.566072118828597,0,8.119443616521453,0
5.633630782486043,16.736059616582203,85.6641986877354,0.33661631898730826,7,29.638535810564566,1
275.12495738667377,9.928801491668079,89.09887297645399,27.709785276455523,1,12.508280137150805,0
229.532013725401,4.407496681224736,17.895054609379645,52.0776373362168,2,18.449678880746298,0
101.20378395078656,11.074711030494647,88.81765620523981,9.138277619354401,3,10.182945186913148,1
0.6437255640781347,11.867962443401074,87.44831972879462,0.054240613512900396,4,26.63288713674465,1
172.62759154060484,10.52926370490231,16.46280975729053,16.39502973605185,6,19.63694694456057,0
98.18890094051322,16.34332860642424,93.22863919777751,6.00788880313629,0,9.963743001107009,1
268.856664650002,16.832794240137424,37.542454477572996,15.97219456345039,1,26.855463963956282,0
8.851503404182438,11.731361792143517,96.86035347632635,0.7545162753492337,5,5.910307133827879,1
238.33207302540953,6.4714152713556095,88.00954758617614,36.82843134489259,2,15.169451896250004,0
264.5318948536361,8.739896263276707,32.250172836612535,30.26716643825009,3,6.7198527749735595,0
84.57982045638514,2.4128441899557362,45.47587894098777,35.053991802900775,3,22.602025195059397,1
129.2849707504198,4.547195991516261,90.46138122427132,28.431800826625413,4,24.85169018325715,0
174.94361825336867,5.141922333049864,24.177460511627647,34.02299897237132,0,28.271856158189635,0
160.46862648691535,18.353870783301268,79.10675075388329,8.74304000401447,5,2.866443693253925,0
224.4348924808733,7.234764139211394,46.56422609376727,31.021728996591342,6,12.612596803210858,0
263.7749984641738,1.6274361043068009,43.94073373037306,162.08009504405555,5,17.357118202792762,0
87.58381148152824,2.7155611982339956,26.791944129978152,32.252564051396234,1,5.683594441473638,0
259.9536837755491,18.883593734676378,12.66799057829684,13.76611292469135,6,25.12229340825248,0
122.45752713701906,14.915521095658166,92.98809697065819,8.210073677725267,3,11.691368152937141,0
291.0628782284649,2.4690775834460976,38.401277329134665,117.88324521671277,0,10.596155551013332,0
40.92668792791543,5.145203744670286,55.06999176447622,7.954337662587177,6,24.835495020519375,0
229.10784586823658,17.193979258714805,9.171202060899875,13.324887882024912,3,17.93403579858542,0
57.43385912575789,18.62789298289053,97.06179270193975,3.083218224332195,6,28.540912720218405,1
31.868389451406664,4.652573650400573,46.63279391329886,6.84962600187165,4,23.34375885220045,1
299.17892602110385,15.367997958522627,99.8544729176143,19.46765784512538,3,7.869334606906265,0
13.671685062400474,12.524818900981236,7.307435916885085,1.0915674845669336,7,23.443051873773754,1
164.41374003199724,15.91070425631187,80.38137831380486,10.333530017489537,5,6.99832324078187,0
285.0675145365088,17.874446717872495,11.585094641791338,15.948326627166166,5,29.457509130998904,0
160.10445110808996,14.868417319797816,2.4639045681031924,10.768089680594672,6,26.660056550500435,0
162.52880288584282,5.249861160355069,2.4455500458921864,30.95868593882021,5,1.945578376349193,0
110.33064357527728,2.714935099046185,47.66787809318897,40.638409225339785,2,12.711792995791104,0
159.62229498393094,5.450005046433846,22.44718816384449,29.288467372773926,2,24.5856288646372,0
84.54865607988006,15.965062121148408,78.6223177060576,5.295855126544177,0,27.954839777245347,1
53.273729418351465,12.540834417793075,68.74600761947868,4.248021115944733,7,11.124298902542234,1
276.37606373045855,11.498862857479889,23.17588566452776,24.035077829515885,5,16.34786884304375,0
81.76891531016307,19.731992596770077,47.821199615286005,4.143976585697067,0,6.552012935633939,1
248.31409299284923,13.10637282275514,23.816109123037542,18.94605749057657,4,27.80219628473915,0
169.6457121839988,13.235934828841016,1.4598425810442905,12.817055567117322,4,5.763427571097073,0
82.35520003747584,9.220060622481178,85.57848413672066,8.932175547378725,1,28.6645340773291,1
108.24685928021822,16.617000744753973,6.616543268941333,6.514223652207034,5,21.524952892269535,0
155.04719446925918,1.1684999457035028,52.66561277075235,132.68909000754127,3,17.27485878941722,0
158.62954306727545,17.642990502345206,49.2956211385441,8.991080227934686,6,13.989953455168383,0
85.76075099765215,12.636876592658178,58.51594810231553,6.786546530610085,2,28.10641215501453,0
174.36995164297971,18.48135871349139,73.45289109280674,9.43490975669931,6,11.39324666679724,0
18.50119966595104,12.782792989261928,20.05420327283012,1.4473518957471039,0,22.05015472126431,0
179.0599462380944,1.6208850189277801,47.15550252931777,110.47048010632058,5,21.09992644895967,0
105.2972016046213,19.19052456253016,34.80732161987229,5.486937121573839,0,14.578513681551541,0
24.750686305703507,2.6848633826295765,30.523344574663845,9.218601760459963,0,22.696236322040694,1
217.33661044426174,4.668591491634453,97.02254375014941,46.552929472133606,0,23.519715773167576,0
58.51633882433498,10.632160105681844,84.26346829297496,5.5037112160363115,2,25.74431734095336,1
75.00070340795232,12.780125601310868,14.535981887360494,5.86854196489739,0,20.970661119154467,0
30.207507958281187,0.45878469082685447,48.334320957169396,60.415015916562375,5,28.065220403947635,1
66.65199668204572,8.67835489569959,40.162534704023834,7.680257085945399,1,17.84261672666498,1
276.5408648676038,11.15391887437108,63.77806884782915,24.793157273451722,4,14.377563799303799,1
60.785870032261336,5.8700173260815935,6.719849746763651,10.355313563075573,7,26.52389685508645,0
217.78464577850943,2.246954605131246,51.980951429925824,96.92436388397284,4,12.60234905650967,0
124.41605258470685,10.607099943022684,64.16968064056769,11.729506957888836,0,21.43493112385481,0
269.532329751603,7.918453635850222,0.17064363511024583,34.038505767251706,1,8.066206431090938,0
169.65173684159515,19.356192960746334,29.380840440694513,8.764726472072416,2,29.261564901009383,0
49.756121571584124,15.567034502607617,0.10731029612779386,3.1962491997592433,3,3.9793165509960273,1
297.11996182576473,9.908982639802629,68.8704601425976,29.984910926403934,2,24.831430279459344,0
222.06671256198354,11.724191825067795,91.55784272452902,18.940897238407256,7,28.03571543840068,0
226.60681440465777,6.7046492487485505,19.257446246634082,33.79845924780552,5,19.671509880027404,0
208.65780257352446,3.6139969822632034,30.796105703923836,57.73602014544464,7,27.928721476546325,0
196.91495636678567,9.650526461031719,82.70116141992794,20.404581777161813,3,9.464516344819089,0
142.3158298014574,5.0799886630132685,76.3892977701147,28.014989647051834,7,5.5838008548980085,0
198.45406492004508,16.032470737498095,3.474750364204515,12.37825835888688,0,16.972737351963865,0
157.9987768085064,3.368810435904306,7.705914334831232,46.900465257581054,5,21.442535649427427,0
245.99856149816344,5.82219797446538,73.32297716833672,42.251837291869506,0,0.9387637953771255,0
2.5995950921559596,0.6522185255763624,60.50171334904125,3.9857731576371735,1,7.761785586190028,0
29.099117564203958,10.810785880634734,60.33181781940635,2.6916745818015833,3,2.794427121510692,1
198.4815264360706,16.4086840616837,11.669727529731155,12.096127007500218,6,17.61143567987883,1
178.53954517603415,15.8366324528437,33.003422214025505,11.273832723444608,3,16.874960658816878,0
38.40088646227392,19.340035880087985,98.93748594307182,1.9855643857315954,5,6.344826535231428,1
250.6173441271241,2.9223127975547447,67.44694980305718,85.75993108500535,7,15.39172513462397,0
184.03077534272398,7.922517534957079,74.42152176768622,23.22882524787255,1,14.382533173135606,0
80.56567729839415,8.50720797051866,85.9145084142488,9.470284208119846,4,12.381053536132612,1
26.737076798020343,12.34524646921885,81.09558874475063,2.165779100861657,2,2.3290918950342387,0
261.8459014301874,13.173132743063984,57.179427020550555,19.877268872740725,5,20.782482989269234,1
192.71389021496825,6.067855158909879,10.853114025067413,31.759803945219794,1,23.185517420743242,0
63.41127984650282,10.963288529115031,69.75240737733961,5.783965247115634,5,26.3120956863954,1
96.09569350459915,1.9294820912931065,77.57980259999862,49.803879464979865,3,26.861047968760403,0
279.9398181201902,1.1170400161644412,2.871277858148491,250.60858525141666,2,9.176373744763422,0
188.90631945681918,11.097589405779322,69.21365582627661,17.022284078958798,0,22.101582811463587,0
3.717732249549066,0.6561335452433248,82.99402468351462,5.666121289638314,1,22.838392770365445,1
276.6635061307583,18.306866143918185,39.50488682961995,15.112554161689223,2,5.220701207193731,1
157.99668643934984,5.315304255128666,22.425937961039033,29.724862182047424,5,28.986509271374395,0
255.20273701059224,10.032099592667027,61.702304021258044,25.4386167774025,2,22.06225679582122,0
271.28881945889725,18.42566636544128,42.42736812404425,14.723419716733815,4,26.054596603496826,0
70.38697012411642,2.476468484676966,49.007729272585934,28.42231611653148,1,15.446017661300234,0
5.22133249218345,2.9145118944246695,20.687691311605217,1.7914946589072511,1,25.94552963641815,1
299.12010023194176,18.353348142501943,69.37948785340748,16.29784919402534,5,9.645319337338037,0
269.4177928789339,19.934616227175837,47.034899690687126,13.51507296697543,2,20.569852027067554,1
177.67652674181903,2.5403689855750877,78.49405415570095,69.94122812501456,3,1.5654410503209493,0
256.9397897668907,1.5160510065839672,71.06596277504059,169.4796472223179,0,11.597954943108853,0
145.1097294727302,1.3081841996953258,15.368792422984024,110.92453914863522,3,21.81201075158537,0
109.76666406450326,13.971110663002781,49.044975538569524,7.856688470386172,5,6.277448982125496,0
29.712183967872143,19.637735046823064,55.081551413617156,1.513014810365256,7,2.8041275543360413,1
32.44632293349847,4.23014530306228,41.14506183763127,7.6702620380463005,7,28.328876077322153,1
260.4860544306157,0.6492774152117509,90.53960835167682,401.1937706868528,1,21.54717769939893,0
108.62339093585277,4.548908867373161,70.64132705926244,23.878999140859698,7,15.336722128083803,0
236.70878260697822,9.494580612403063,3.709217558452904,24.93093610662047,4,3.696299547148328,0
14.55752093661662,16.53414305344939,35.67315394664027,0.8804520977928515,7,17.683162110644048,1
22.324644480057753,8.906778563303984,63.02833301594768,2.5064779955387584,1,23.019494955460445,1
172.63814356912667,14.285497058063218,76.34059765455461,12.084853811347353,6,28.442217587815136,0
14.94252984629374,11.113268499245262,15.083830931962138,1.344566618480291,3,13.084925798403068,1
217.9868417129414,13.012075506929285,23.01759876314321,16.75265729874204,6,21.30700072472021,0
146.25150200552036,10.508071988396985,35.2224163616809,13.918014852487811,4,19.063391408104696,0
277.25165848653074,4.111104329135298,59.345257157573926,67.43970385807407,1,14.898244602698913,0
221.0370352853584,16.796021296345295,75.61755770147478,13.16008305689959,5,7.648657239182075,0
78.6742596411186,11.314930588293272,18.92410397347487,6.953136745047034,5,8.91898697756517,0
118.18042685972864,15.883987819105984,65.12365411916468,7.440223966778408,4,22.728979710142475,1
238.88704519647973,14.051198420455123,19.390746655855352,17.001186521479788,4,10.493595464207047,0
248.66055911340692,5.482216463680391,68.37367755241984,45.35766888461623,6,24.75825270137066,0
273.7583656585362,10.587285556711965,34.01856365769863,25.857276087635427,4,25.910306210401753,0
121.0331240315499,16.873098252759497,59.193155109679,7.173141661268738,4,26.475459083062493,0
50.39855491367867,15.233668448979348,90.84662620432493,3.308366273197666,7,6.92871675699399,1
166.25016343167323,16.23497843253713,94.25818531128736,10.240245413476192,6,28.46558244417116,1
290.9329255342141,10.181129237352849,40.120551153102966,28.57570302386794,3,10.670286975198099,0
185.97706511891835,1.686472037725495,84.90304230508521,110.27580710424421,0,7.764278673906292,0
81.29568526171734,19.41734284601816,27.92399068137412,4.1867564427533575,3,13.78462038039136,1
128.69141925709454,19.81291002217073,77.93412953165169,6.495331534493838,7,10.269754617857956,0
139.38292021078735,3.020251264064129,82.62069361336653,46.14944520318818,3,18.39414060700573,0
113.76787697570556,15.032388338008914,3.3508801672925803,7.568183738843888,0,0.8174149701571565,0
78.20747439620152,5.284523791701243,53.556505357294704,14.799341904566246,4,25.998536732734028,1
145.67807967110568,11.710224788218678,85.1912833730084,12.44024622120561,3,0.03213217164187765,0
4.47594991077721,17.145459916925464,4.641334145296039,0.2610574421721223,5,20.934998949145953,1
159.00087568199132,16.257551132054278,95.86048958127272,9.780124595056416,1,26.557104006275956,1
90.12010538175389,10.06907049876598,45.96926639739236,8.950191121692773,1,0.6312561692677554,1
282.78182620080327,7.203227688973797,25.358404002024002,39.25765481961179,2,9.017581385391912,0
31.711252686516588,9.632818760360497,57.120871677302354,3.292001383542052,3,27.646819344504177,1
101.71829659179326,4.381010625653136,90.77095569844914,23.21799814777412,1,8.741371074285412,0
184.32863373281668,17.53394630976297,79.73180893451027,10.512672417057749,2,2.6510071859354314,0
66.88765327153571,8.838878487704196,55.28372056083908,7.567436679278194,2,19.71426134426529,0
21.765598464693802,1.6170312950457677,1.071671034725452,13.460220919272784,7,13.998850541937138,1
242.462340582667,9.575874086939871,7.073087630016994,25.320126223605122,3,19.16340374012343,0
282.79800235115596,17.380544525723344,13.048943917063859,16.270951806637164,7,20.1376064691253,0
137.0210181087477,2.591951828758654,48.050142500207016,52.86402956584662,3,18.934966719542903,0
106.74554319022447,14.865301350409739,54.57658228076975,7.180852959114898,5,21.225452927075523,1
279.0324536902589,6.88253597504721,56.35982277119786,40.54209882838206,5,10.648148915322523,0
280.3667647471306,14.370322809575633,24.413258817073558,19.510122943119192,1,13.414119365964055,0
129.23286759403362,0.5019771511275306,90.02268358205322,257.44770913128906,6,7.223242803373501,0
196.86624522391008,4.65749340135053,94.50000048336287,42.268711570654055,5,24.588619583696197,0
206.42161506651723,9.487830097896317,50.28803553003396,21.756462008345398,5,29.403421670815053,0
143.05532317752665,11.154904016329008,99.3101404349923,12.82443335846874,2,20.43024008570749,0
272.8289969411944,5.32240678286152,61.164527350453504,51.260455668236546,4,21.556149796516326,0
40.44468988841593,11.087872275329708,72.95855902703998,3.647651134871435,5,7.438850514921425,1
51.74198317559134,18.48624070886482,6.407632083269665,2.7989456585826664,7,10.9851715462592,1
16.618410370173464,14.244911072750362,9.495614334033608,1.1666208574628072,0,13.821494222257332,1
118.672370369087,11.516805414079672,7.370869929549196,10.304278495841055,1,28.39414248391876,0
299.5794873686215,3.0060279862918082,70.19151722519747,99.65958026165231,0,1.94392706647035,0
277.91605301969906,6.746545048023538,12.481418117359254,41.19383344236575,5,28.956073460212824,0
121.52427849600478,10.812742548193192,42.33940582526874,11.23898751444068,3,13.835596917006383,1
131.0774355570595,9.696361168434084,91.04086434445693,13.518208870331081,0,8.10656355207871,0
199.602488802746,0.3803452162487009,37.62120641137797,399.204977605492,3,9.329444116048352,0
14.201810310090202,13.914862192739266,12.999354087091042,1.0206217002638134,1,27.058666679643064,1
174.4612353694184,9.003692737024691,98.63989691476954,19.376631396138677,7,18.907368390318954,0
176.50063858383885,16.585192022857868,91.73176864112168,10.642061806736033,5,26.90598178246066,0
198.48262299046348,4.9544665452478736,52.95949949296167,40.061350940161276,2,20.648084475058802,0
287.63855047259887,2.3859745063842297,93.97933161775927,120.5539077232196,7,4.299052507961062,0
185.2089521745442,17.43408006957468,30.158862591782643,10.62338542873645,2,27.565280903621655,0
137.58016932983523,12.467647218860549,59.21741589486024,11.034974515617474,4,11.174752258395998,0
162.6281435502551,3.8808019598460586,24.682362954506686,41.90580844705256,4,15.91727541329766,0
108.41211654042974,14.704748710524843,55.250846802020604,7.372592260813975,3,20.07954782357671,1
94.19234735870427,17.34372439321912,22.45364022024372,5.430918136333547,5,12.556660365189847,1
25.419404919480606,13.313019126166806,10.777323336659684,1.9093644107758125,7,27.89810064518973,1
49.83861286337225,17.88306979685617,71.74758521488607,2.786915973013416,1,13.271959657038613,1
209.40270294415976,19.012507382568625,43.1702846575142,11.013944596079313,5,15.292675830476966,0
250.42522518155013,7.935455445918014,1.203253550358896,31.55776336824731,7,18.246494744667714,0
83.23887820169824,18.922293868372186,36.99646576062209,4.3989845407077475,3,8.047928937746025,1
153.63237356753095,13.40126664694101,12.544815497849937,11.46401885844121,7,8.68173018683809,0
204.35768063900377,11.187466718587391,87.68447754261432,18.266662666309806,4,1.4176363369652745,0
61.79529910034744,18.263160220242845,28.120152616700988,3.383603842661013,2,28.17210287334964,1
176.38387838720658,4.227687694082187,83.65927806427572,41.72112302290077,6,2.762569970763895,0
23.355355332644233,11.573935545800747,69.50570831849235,2.017926852989778,5,8.838658039708509,1
162.68348371579654,16.6943460084602,57.19893065287527,9.744825202098564,6,28.92361061124523,0
223.0207634511425,5.103813404405891,38.457917440973965,43.69688814614946,6,5.488653572637695,0
264.5017895960715,19.292867822308217,26.997636978476425,13.709822304915695,0,18.830660776379496,0
277.795686597778,12.178339792873816,96.50959165898038,22.810636862040162,2,1.9673925095070999,0
172.99755217066277,0.09971617459615167,41.89198950589259,345.99510434132554,4,8.49975760520554,0
113.30503943121833,15.767919638330582,3.4361548593263125,7.18579508458317,0,24.30209471026839,0
271.03214807353044,4.452631595229386,86.81355858400416,60.87010395468563,0,26.124606448668928,0
59.74254556607238,0.7130582647778394,59.594684171317446,83.78353988321807,0,11.356938389415001,0
82.04268161745301,15.648909731042993,16.868913454983613,5.242709110571686,4,12.762044102964085,0
49.887739232753724,5.223961546491869,46.23299886793845,9.549790669162878,2,3.0032079706226025,1
257.4882463313997,8.746139569890873,59.48850514635337,29.44021694071964,3,14.199274931905869,0
158.06721226795628,16.952307278822634,7.068489271401612,9.324230010000994,2,4.741631917192237,0
38.140207397813086,10.02651397663187,60.07943681195847,3.8039349954235275,3,26.09516989313381,1
50.576709345248936,19.57046019370562,11.44578396483179,2.5843392973209567,3,7.5094144219178816,1
158.04246970777544,7.853231708012334,49.610866112171934,20.1245137777523,2,22.919662324097988,0
169.96144288803507,0.9735558477227069,77.599834648582,174.5780103787578,5,1.6990434463613546,1
268.7809582938229,3.079582304465154,72.45375767392792,87.27838119608347,6,18.528025832680374,0
58.295020385177686,11.397802287641465,10.016925252161712,5.114584278092493,4,29.846297794335356,0
208.71826345748062,18.464471585793916,97.3209681106586,11.303776687444607,2,19.46932317178925,1
48.00598509619049,6.424772820041991,37.430937713346616,7.472012854125594,1,19.134974670295207,1
182.82625942564363,7.343770004038259,82.51183668547463,24.895422831203792,1,15.327009121745196,0
284.8500801459918,10.341355960435205,18.98178640285443,27.544751504134876,4,16.44599096396889,0
111.65880856714615,12.388053111679525,13.459256019546906,9.01342669106525,0,12.341609805163754,0
297.6416872976192,14.463824174225854,68.38260623493177,20.578353533086272,1,21.837845188910666,0
247.27293724917647,0.5247225488613427,66.07682161719679,471.24511379540127,6,9.197184399119827,0
1.7721850049864818,17.88667423261043,83.3087982053189,0.0990785084996678,5,29.544514205695,1
38.71017441539889,15.804453958905714,28.51259826950846,2.449320584947254,3,21.300707786050918,1
13.46511919338128,12.091580783303842,32.12298488378196,1.1135946105553074,6,21.743730165493286,1
170.30341904742323,0.6797562752648334,51.03079215761493,250.5360012764471,0,5.808856312803565,0
41.93927850079536,13.642549428307165,81.47389647792576,3.0741525783864723,7,15.322287994424533,1
51.95221329497037,19.746967619657955,59.50166840753883,2.630895755521083,6,15.535638932963382,1
208.43411470807297,3.2917775510203895,30.163816006078427,63.31962335773944,0,18.323369428590148,0
31.8357058418449,15.352669942409626,61.260423255846284,2.0736266695803294,4,14.622674456420418,1
45.52683823349517,2.843733976859033,85.30602922507846,16.009527826432123,6,7.827192243909462,1
247.06570516050107,6.650366169204909,24.80946326288671,37.15069198814345,0,8.910611926538952,1
285.26731458482215,16.996903033528767,40.35382965700847,16.783487793163996,7,12.430050011762031,1
221.27692323081564,17.82010118672269,51.29397480346737,12.417265250754216,5,3.7917254888172236,1
164.3077311015024,15.940220154392433,59.521846926019414,10.30774540816027,1,22.93517318697288,0
44.08605783045417,2.847470139429349,28.659957236628607,15.482535609412677,4,24.525040682984574,1
25.949646254316526,13.539285812834835,78.29425479035807,1.9166185434771634,4,3.933064932970134,1
14.475446255797419,3.5916081205169825,78.94276418359118,4.030352357515495,3,12.578729410127995,1
59.47459456256775,6.3105899391220515,16.46015525846114,9.424569673567166,3,28.137495002437717,0
215.1133939735046,5.792084208540116,42.741737100267784,37.13920347641554,2,3.9167379010324987,1
94.2211721153437,6.970774620780307,1.33828957428761,13.516599982226452,6,5.644664581128257,0
10.056187911549053,16.947728426182987,30.061227111416876,0.5933649429980826,2,6.129700551809361,0
204.8626626680188,7.954591938060636,89.51129167780167,25.75401280960808,0,20.78132304653365,0
37.0724619078844,10.207253176013737,2.096758701273549,3.6319724090906114,6,28.854219947218674,1
249.8575440974722,15.656663751097613,78.07920564886233,15.95854315258932,3,22.16614187775856,1
200.03051069080746,8.993893319976241,51.37839992723098,22.240703060878186,7,24.082545441834586,0
199.72405951200446,14.57436869334397,38.17112492265656,13.70378804834389,0,4.352575337997421,0
31.372182350669387,3.784398652043295,99.0137353947848,8.289872509528227,6,8.56490550831328,1
190.81238191720408,7.7692824871072546,41.951303036133325,24.559846064787568,7,15.414812979094926,0
40.87331893587849,14.237403679317806,19.14045988579097,2.8708407696028013,4,8.904398385112104,1
220.64201289359582,1.0930024498366753,2.0845997861132948,201.86781184851492,0,14.182604339895077,0
117.93260109814378,2.304819108849132,39.93747188520301,51.1678337989098,6,22.341816315182587,0
9.502039012859543,16.917606144856794,61.193394037413675,0.5616656949865395,4,2.208747380325361,1
115.20813674554778,18.018471515577843,15.869258448095769,6.3938906608113095,5,23.863660274140766,0
274.31753527162624,17.30515472010991,21.102426873222335,15.851781721017977,1,8.223561218224667,0
17.276670126986136,0.28536695008288815,31.910077636979338,34.55334025397227,2,7.118444719015012,1
138.63462310431447,9.304639541027711,56.30856064027685,14.899515719337803,6,0.8680984019670124,0
236.28933591067963,9.074992296463556,34.86213261180298,26.037414489349977,0,26.394524017172966,0
58.6006281026476,7.556141713245468,36.76089549507978,7.755363825419549,2,24.245609047014113,1
213.34172226648727,12.979110431281804,44.88800035014317,16.437314667752453,7,22.030863548376164,0
256.6091706082975,17.192946139319968,46.74425976652127,14.925258796771125,7,13.95023014792626,0
42.43245944892291,1.7821584132107282,79.66298116767037,23.809589054699572,2,13.699547196978067,1
143.00690073433677,6.818024813811263,93.26599712156323,20.974828434863994,4,7.045013250434976,0
204.22852898859557,19.42905241742822,5.500237399939644,10.511502290528528,6,16.405100882749558,0
287.97000537220066,4.124749214243943,76.62392419066511,69.8151549136024,5,25.47422035638983,0
238.46252204876137,7.562501775913142,22.607688298047414,31.532226915737546,4,15.77653926510259,0
190.85708620527527,3.1356317117956856,54.841732009067165,60.86718841607101,5,10.017105520797905,0
192.91846469618827,5.2926842909634715,23.077773049862504,36.45002310558556,6,0.5420761765993787,0
65.29914394812066,6.717188392762696,22.474810372104116,9.721201807958215,1,5.117967250017703,1
274.31716189595784,17.26572140637589,19.499852622765236,15.887964101787137,7,20.586466949846866,0
254.18180001003165,2.9977746810201977,71.3741527736192,84.79016172207076,3,11.331154081434821,0
172.8189742304836,6.4876900750177775,30.96366304359779,26.63798243013482,0,3.1526000368079066,0
150.84853885739872,15.144267710430432,14.797712611575742,9.960768109870616,5,28.67023551674729,0
68.04460042606706,4.801238543948481,66.05073306134419,14.172301543282206,0,0.6441415480594825,1
49.01956107499183,11.15123136837007,11.919641596910013,4.395887723577635,3,21.160159359580557,1
261.34328832050005,7.081584580617733,93.16968429561958,36.90463417407956,3,17.22751274914129,0
285.7365059994899,2.514572107208035,64.76607858466423,113.63225782248384,3,25.012991897592478,0
250.02468986786636,14.71496724711331,45.74705940466113,16.991182220736142,7,20.304977535249076,0
35.52355570261286,1.1103321368751118,33.15007445263161,31.9936301245764,7,7.124515537462118,1
82.49683405541562,15.974514007346563,35.42802489816863,5.16427817569135,0,18.859293112920817,1
233.6686904394553,19.498455173577184,39.39617246316711,11.98395915775447,2,13.161031694106924,0
287.2912459514872,13.169310698174394,37.971964384577525,21.81520753332315,5,23.573626306470956,0
70.22083861203035,3.939423445528001,10.422513817268019,17.825156290762404,3,14.543374206674502,0
84.48026290591723,16.425154823470972,89.0059903930255,5.143346520253062,1,26.372714302410802,1
81.87355926260892,1.4308422181968106,88.9076913391863,57.220536423497755,5,7.169184481483386,0
217.09020149860055,7.149276780224046,0.5819810736162889,30.365337386168076,4,26.6620522121424,0
295.84594441230206,1.9868516413470982,64.83651216417636,148.90187986643863,7,4.517473591020915,0
252.44613081268253,16.096351333675848,29.10941485364795,15.683438164308047,0,20.912310348021077,0
63.923301457778045,2.320793632413234,86.79003199865231,27.543724941759944,6,12.941890712426133,0
136.4877112403088,0.2051480649835291,37.03198927114485,272.9754224806176,7,10.088060842887833,0
70.36407645629443,3.3366285170269916,41.15437385021218,21.088375915155922,6,10.610565099175698,1
224.6841409196284,7.729708391216454,88.4776183674749,29.067608963741122,4,9.810852972483604,0
63.18463445197568,9.973717411756182,82.36552517938104,6.335113763850872,3,17.34050636067097,0
131.1956931501261,15.01089284768601,13.438164378960582,8.74003262040142,1,21.492559049251234,0
29.66634358205088,13.443322614519996,79.07253276474827,2.206771676371775,4,0.3103607936261743,1
12.378791546222223,18.28608318348025,89.51628992442213,0.6769515057989723,0,12.42184450478552,1
265.73996747307376,17.118162028129436,20.33950597231454,15.523860975050727,1,10.844979487031717,1
128.7949031535415,15.420465159156418,77.1170792371021,8.352206099117913,6,29.761367970166614,0
93.11457520350989,8.392773162640788,43.595059144497306,11.09461359184541,1,17.241231385401697,1
65.32239112206288,17.849714662395687,34.8977903492606,3.6595762093429274,6,19.80173110523119,1
151.5433585396546,18.106075671940275,14.736232095558389,8.369751749933728,3,26.65819828073144,1
31.041509391987145,18.556285648737163,47.83334503653067,1.6728298960034416,0,27.05599917373915,1
36.18734745907427,6.003514568816895,42.2135729690757,6.0276937857428505,3,29.63321955232799,1
102.7185138261923,14.496280510935044,71.12929261862742,7.085853074428863,2,0.011847246583769344,1
65.5729933627926,3.877295315820759,58.24043654044723,16.912045129817997,5,18.67855599886664,0
99.15806425908211,19.82539587244554,13.600945172800527,5.001567933223347,5,14.82607393077687,0
53.070678684224205,3.5618258001309155,38.300249565173075,14.899852396564027,2,22.38213972512575,1
213.53050384518423,10.50123963715603,62.83960718869515,20.333837834693302,5,11.680268987953774,0
232.80242740877418,5.647970290389981,77.73862791918106,41.21877691263486,5,0.32740931363017034,0
250.82844332930983,3.1376277891511206,69.48164842236473,79.94206457394075,2,13.250086409908645,0
188.66683400209743,3.7907560878322633,22.28996335237019,49.77023834577186,0,18.19646774691237,0
251.15722200077184,19.047447646257876,36.11830209314384,13.185872809059276,6,8.41279618807858,0
244.06004319366028,15.268752070316573,62.505978828635044,15.984282282514007,4,12.148755340802266,1
69.93509543777814,11.529161383510349,66.68216897749576,6.065930826313458,0,16.01004801270773,1
153.50813494159033,0.5224354344657289,80.84613974301482,293.8317824834683,7,19.672123085780296,0
158.11186948068595,6.499320803136131,4.361971921109264,24.327445016161057,5,24.785655727455847,0
134.2425622121687,6.658762359537718,20.174424333824792,20.160287297216062,6,13.81719595990905,0
289.72326792431835,5.330877996577477,42.09222240302365,54.348133292550706,5,25.68481160661514,0
198.87608249953834,2.4754894156934837,40.344295218976825,80.33808637546737,5,28.376382930039632,0
75.0537904542094,9.582299968881893,93.44241572072775,7.832544451534951,3,26.00020396340865,1
270.5324689596995,13.99050385746813,97.08637735639061,19.336863898242612,6,5.858143924344813,0
211.76767747397656,2.4540438174311108,16.320190273654323,86.29335628393736,0,1.9764579077351219,0
286.40384863276455,3.124536261483555,95.38975827536117,91.66283399021195,5,18.611294210736293,0
64.81229037827745,9.381141552911538,36.09680072130309,6.908785035672152,1,20.50921728848193,1
38.80853837014697,5.539597148758659,84.60780691816717,7.005660759797918,6,15.153524470242836,0
6.687138686630989,9.658179528961996,72.66912349606163,0.6923808639690593,2,20.437540494066077,1
223.0411035055395,1.340883822339145,77.35028711274043,166.3388727566634,4,25.615022772698506,0
89.18489048994654,1.5754920846409193,10.012650201195594,56.60764110425426,2,29.055170718496,0
112.64015303326248,0.592920080319963,12.025058199290939,189.97527115707976,7,4.92742366707769,0
37.329563210331585,4.542625927697655,3.8214048479143115,8.217617696126561,0,25.004863103533424,1
164.61400733882797,5.879650188488823,69.08372490799475,27.99724508459861,6,22.77056786954153,1
82.2450239260132,0.19616017292702903,92.17043145219446,164.4900478520264,4,26.03374069919862,0
260.0516886476192,0.36926067873615853,0.6642959806244408,520.1033772952384,3,17.484016704825912,0
89.75205586324341,5.4477149960383064,53.505754418058814,16.475174624317354,5,12.008970730403384,1
48.755848968319405,14.356894161490901,53.03900499710399,3.395988604491901,7,15.237541874628748,1
246.90945480964243,5.6351948360443815,51.63115257852448,43.81560212085945,7,3.3983802607711033,0
4.080552872776444,1.6904832536009096,44.282170453357715,2.4138380927965013,7,26.86418007984692,1
230.44482933605272,16.80118664084577,81.22723070921384,13.715985320692333,7,6.500646803894641,0
142.83998449719343,0.034481370532435385,74.05240468727392,285.67996899438685,6,0.3804033506278659,0
121.98842171597842,10.10219029052587,14.247560227424994,12.075442870085583,7,5.773954652224349,0
192.86523105582262,12.721407787538531,72.70581097161765,15.160683021634366,0,11.172168330762828,0
237.38506263304168,0.6571118348320426,86.96332105504321,361.25519287552805,3,23.833006203835026,0
255.28240257352186,17.10521672880609,58.17501786528808,14.924242505715393,1,6.402624194581117,0
61.94567664500833,12.185997107651366,50.9224008490453,5.083349035600358,2,23.3148303981523,1
18.64851835365956,18.274793687608778,82.47776851053568,1.0204502809957405,4,24.534564154978494,1
175.9032549111287,16.836449734690724,63.28030693140282,10.447764088214406,4,13.430267628297269,0
160.60250673238284,18.91064156615865,48.10097440686415,8.492705346379546,4,6.2171240918770785,0
43.01289121303481,18.365706551095748,49.270442707411554,2.3420221320300114,5,19.706297576549854,1
109.56076803388885,8.15158147365715,53.51156809382407,13.440430962746078,6,26.664143052198423,0
280.84396620130684,11.649936756745191,65.80166133638869,24.106909081605195,4,10.833605531325501,0
91.49013430784363,5.299927333632175,69.40303196255022,17.262526172249068,0,3.5079419504983047,0
86.70140744517612,18.519256785627846,6.23336091093476,4.6816893598269065,4,25.583203862552494,1
233.48518900856158,3.308016012039181,86.37534997089288,70.58163810538294,3,7.339244746341934,1
63.323960352841354,15.402896277797725,78.58337669768149,4.111172289338774,4,0.7327065923415133,1
23.430727403948424,0.34746438557615944,9.524075306045388,46.86145480789685,7,22.594483210768264,1
262.35301692116866,9.630340769300487,55.9821522302992,27.24233993437649,6,18.295178176410023,0
209.40126309498547,8.312766752234804,64.48210095265343,25.190321025029366,3,8.278403981127095,0
56.43435441426291,10.101123916783001,59.543944718595554,5.586938134725515,7,29.050525249768185,1
194.2441311112562,12.482546845286125,81.50298953036577,15.561257932279263,1,3.6406088462911192,0
118.58957614189099,13.834232753271383,61.22248910271044,8.572183095144766,0,23.968004411676706,1
143.9538054381623,18.31334979811203,13.782326381249,7.860593885068633,4,6.833285606007355,0
45.88122925613566,8.25182467026593,21.78491437067882,5.560131375726025,7,29.62897830177124,1
196.78382688923412,7.411532963084588,76.47239964897888,26.551029033990172,0,12.617211673229743,0
205.54753689716364,15.993503278987118,9.642881253726078,12.851939522669804,6,10.672441806981809,0
168.04340641286973,14.039011545079639,51.04654046956346,11.969746293980734,2,22.95251867658518,0
250.58373166645683,18.73801579923029,36.374254913957806,13.373013148849527,6,17.475181252002592,0
264.9478343312247,18.669734541956085,71.95429718374236,14.191301635050744,3,17.01610242493581,0
4.752243887986596,3.445845864980306,72.71531918963416,1.379122594043758,1,3.56412389376226,1
50.18531171773576,3.653792511844689,11.614229970446498,13.735129062487108,3,19.53666393687921,1
182.47458659791073,6.023577358832797,29.715971329202695,30.293391406409906,2,9.152452001461304,0
72.07735004643291,19.289699651861383,34.08284113335633,3.7365719190696534,4,21.098808404977582,1
246.8001882265415,13.127836912866854,25.905900934364357,18.799760376718858,7,27.557113831336657,0
116.48582609454246,6.135997783026892,28.17141695903783,18.984007200387207,4,11.829369609625434,0
99.14312673570029,7.787121876381047,11.703712653759723,12.73167780209132,3,3.640463045296798,0
271.3989085364251,8.770415966464192,16.10243191285534,30.944816024027197,5,12.219130135780562,0
1.1853830190180714,7.402986734299737,66.50386778170241,0.160122267074439,4,0.06006914807438979,1
65.70680337604729,0.5969098146379759,5.443559051567714,110.0782760891581,6,3.5470881483410888,0
226.0662585025214,13.250274080710744,72.71320001052612,17.061251497553567,0,7.902719665139434,0
229.7648104240007,8.644441870436186,84.31464808313571,26.579484698693115,0,27.381425694436285,1
106.11608339471864,13.014326569568869,2.5394624373338615,8.153789812132707,7,27.56049942933317,0
60.06701015363915,0.20706771158957693,88.19605041808677,120.1340203072783,0,25.356027595602438,0
247.80390390271535,0.16087460834748324,83.90041809606998,495.6078078054307,7,2.0427626431559585,0
129.68876816058668,15.797936210097705,23.429763685841376,8.20922216901296,0,28.770918355593977,0
174.1636185307907,3.426121424808577,2.5069156754308874,50.83404729023038,3,17.373140659480466,0
236.5027825804325,2.6391810588662046,60.406630379682234,89.6121854868246,2,4.127052875257451,0
176.25745655932522,18.74360561235378,92.42458715251698,9.403604632139462,5,14.038769376616496,0
125.51468806958773,2.227475690597671,62.23991750779882,56.34839859280795,2,11.545183239849315,1
3.2339514416212856,1.0368361454444863,80.83684501988357,3.119057389955196,1,22.373189101693132,1
106.9226966790624,0.5229926348321912,10.163331568352563,204.4439817271421,5,20.718882019997228,0
294.37055480067426,15.102105666050964,29.791708620628267,19.49202060361752,1,28.328719817432432,0
276.34092681586134,6.712858172657617,51.4529345160474,41.16591170381574,5,26.30404242605654,0
58.3607034576051,10.124773219521652,72.48573851733279,5.764149200406719,6,8.547171327306993,1
64.83192996267393,5.30660337164222,42.4221157971535,12.21721794945654,6,14.619595486573653,1
213.11482615219563,14.981692748759762,50.73172464273406,14.225016473511515,5,3.994390611737918,0
134.27421533617118,3.378644675073208,79.22665011317358,39.742035120417555,5,3.1708030519138175,0
222.44800046528545,10.512618049521159,82.82817134501963,21.160095365151953,2,14.21284514906477,0
74.73105701927044,15.588174483594976,66.97231799740331,4.794086510766064,4,29.561207969337165,1
213.9518066012006,8.306280200284617,25.290181477596597,25.757836413208103,2,4.886742320173828,0
40.14188664547509,11.800367080286167,71.65463278386868,3.4017489771599227,5,6.139449338980723,1
149.71413539963436,5.422692752467868,2.978293923505315,27.608817654568284,7,21.908710570162516,0
14.565471964948584,19.35536157130442,93.09354023635133,0.7525290556464128,5,27.509966644066765,1
31.03971886244138,13.722375999954098,60.974896649414,2.2619784549370467,5,14.713855132280958,0
7.376996890259601,17.015111313545862,52.471111009054894,0.4335556056213818,3,26.90307026426172,0
280.1710502647718,4.377885757894051,66.93686082289786,63.99688474272705,3,18.464900880143528,0
173.17187023590864,2.9174497598965576,8.668324626103619,59.35727587029594,2,24.122015371115367,0
259.2643163998263,3.64714630768717,78.0531147611147,71.08689768035059,3,5.970988222919208,1
181.25029895745908,13.063366192847113,43.565955764091335,13.874700921781038,5,15.365155877383257,1
53.63283781813294,13.177787258508625,62.999330167271836,4.069942606146061,2,26.786368787860216,1
38.1396047988047,4.150985194477419,94.73752697976431,9.188084999567485,6,17.93219838148338,1
86.89301376086955,4.9749157961850905,96.89532239883667,17.466228036965294,0,4.386257697681131,0
198.0188652964923,19.336695756533217,99.9501944373335,10.24057407686049,4,2.9447883455973676,0
245.6773340857563,10.977505497304229,32.50195482922608,22.3800693286911,7,5.830624503145174,0
254.49142416955098,4.259685625502945,20.841573910520005,59.74417986292192,1,2.075039231339245,0
20.833928179107097,4.330479623560171,52.292698755657874,4.810997854777832,0,27.10195271872281,1
140.85269265979525,7.833883320555017,43.96302069136144,17.979932416176972,7,19.8780098008833,0
139.55180748182173,4.341822047064485,97.6974511715403,32.14130058051849,2,26.291451018064237,0
289.2860321218125,16.122083430674518,49.734193131678,17.943464525894054,6,17.496934421388747,0
167.7653606808855,14.51143269129966,78.5296597483046,11.560909542823387,3,17.910172718332227,1
186.73628620746254,15.971059551972617,81.61254788895964,11.692166421381753,7,16.884104613201096,0
2.631168533082573,7.6045895326232005,91.6247579273875,0.34599744296454515,7,5.820879422574711,1
131.63171201466506,14.494455956515191,7.477126228026821,9.081521404430307,6,22.472518455973784,0
252.36323336321834,13.809265878387237,41.98233409464005,18.2749203024753,2,7.538134418638732,0
84.81729647746641,18.676571011537604,68.61179389867877,4.541374132600136,1,28.431781892252708,1
192.75333761130582,0.7071881449976924,87.69446018968966,272.5630215590432,5,18.112233618357386,0
190.18536811381017,4.895632502204432,2.2564132161342454,38.84796663723686,2,15.369431072075159,1
39.67093309697022,18.22780551670465,43.731693369607804,2.1763965530910605,4,1.8561739349952822,0
188.51245124440948,15.304976793569175,51.95036619138319,12.317068740909061,6,24.738433295370903,1
271.9157112822918,19.547344286687654,78.78075263720132,13.910621683144692,5,29.20909457405279,0
125.71465953731936,14.503201739220213,86.10120908529866,8.668062528383379,4,28.520637360440883,0
50.173724877488524,9.937457857023936,64.20725450730323,5.048949701157729,2,12.932355837722753,1
272.8301660167801,5.915635425165964,76.69971464373504,46.120179221343044,2,24.579264898392264,0
243.32244890007914,15.108561465335207,79.64283991975334,16.10493821389637,5,3.7501101601916655,0
173.65685370650922,12.964692614181043,63.63223752701225,13.39459861289421,4,18.81082417680113,0
280.3281539632892,0.7459532108905886,23.71113722794891,375.7985753940348,4,22.57122695117429,1
272.49912653991083,4.606800847392467,73.56458186176391,59.1514883249512,6,5.376005063753993,0
158.21661861816995,1.5488638544912003,40.84653328676793,102.15011355542536,1,8.572706405813049,0
185.92626449600525,19.721469446169277,46.46978503186829,9.427607055523938,5,20.399496808982267,0
152.60287068607664,14.31601653855056,69.57393316386492,10.659590276048052,4,11.071767147416075,0
295.5514175200695,1.2419552281737367,90.9490911070898,237.9726827630254,3,16.001435042800424,0
266.2533317870702,17.14251984187073,99.32539662635762,15.531749955262963,2,17.26950630182361,1
211.19022475340768,0.41833375108355053,40.72064329894975,422.38044950681535,3,24.04646690290873,0
36.748606457636214,17.336299493417258,16.39792669667921,2.119749169745826,2,0.5471208884727685,1
36.11705475514195,12.774138299054167,2.767665530044583,2.8273574240084876,2,11.14743972741588,1
143.57173981933192,6.844818429292574,83.61567865148722,20.975244457166756,0,27.361404238170486,0
266.8367805859952,8.159884551352182,10.46767265765135,32.70104851443976,4,1.8665395454511746,0
47.76115311546578,19.215439971971072,5.783155941957929,2.485561256215491,4,9.817309529370819,1
167.47423267425987,17.266555969131122,85.41982795898711,9.69934206761717,5,8.443146061246427,0
90.02167242046426,6.3514750124006625,55.99317526847983,14.173349063753749,2,4.141892829206454,1
232.6675973646643,18.903055350626364,62.32653480017921,12.308465115770542,7,13.90407025940775,0
147.7207990293056,7.417721904240231,89.00669216261971,19.914577674429015,1,26.65606757264446,0
75.87330009473885,18.222714969726646,48.832497967669674,4.163666073951494,6,17.436635154494166,1
95.65644318865314,1.0000959927390873,68.88225905601296,95.64726174601194,6,0.3581602088741642,0
264.8468320745335,5.075226613721564,76.10656506657457,52.18423771629904,5,12.075069859435239,0
286.41472733319705,18.90595840097067,97.01223228740297,15.14944237465856,2,16.248147738309573,1
19.49058179396539,16.86887264317541,44.39909640441907,1.1554169745807308,3,26.580642278596155,1
109.08681497333093,10.653969227145065,57.916501596535994,10.239077347378712,2,17.25806144026418,1
24.982874435303557,3.2488299053243086,60.26401980677303,7.689806842260548,4,2.0261799130938796,1
224.3677923506739,3.080121725256344,20.23045223101513,72.84380695441536,3,0.22586264831356062,0
161.25026505905623,4.572545822494714,95.65747786754991,35.26487679265737,1,24.76208971968456,0
270.05245887071413,1.7245425718368312,43.30040666669485,156.5936749146633,1,3.6563748422540066,0
209.8111614016004,8.132966829146888,2.043295559087943,25.797616762640683,6,15.721008105289467,0
6.2061393259589925,10.172400143979024,51.287293670065516,0.6100958709958303,3,16.52494247340912,1
230.69658424195393,5.4744923417782365,78.749058747987,42.140269789293114,0,3.8536071191036028,0
69.0929091831555,9.148605257778408,3.8555636943904292,7.552288817403146,6,18.198789439475057,0
43.892044627302425,7.455522669609067,11.872898642316743,5.887185455986806,3,2.6337157620578298,1
168.14602381070577,17.955044787522297,66.63812357325334,9.364834552100778,0,23.54128708853421,0
270.4421193789448,0.6104545551631069,98.28126077298073,443.0176121901255,0,4.2911473919239995,0
254.19435767315892,6.2295734107899525,89.05496106873177,40.80445656726362,2,14.04720788693211,0
231.80506769105264,6.463076523957591,65.9071576792275,35.86605648746202,3,7.949761423079634,0
113.9594796587648,13.860739945609593,78.80320715382668,8.22174574416293,0,16.66932095845193,0
185.0171698727019,12.26168877449661,79.50735421703776,15.08904468832415,5,17.94802956468316,0
249.01663050518678,3.8194983584552977,74.31830567791218,65.19616115397297,7,3.3451049797794443,0
48.44068614321131,14.157447109408023,32.31866226693896,3.421569282149824,7,5.976271700416101,1
64.8674845716165,17.636104739092385,56.504846276012636,3.6781072425721377,3,11.395760441657174,1
2.4647179571156808,4.101839597649272,0.775651800361643,0.600881116494216,3,19.63530826796807,1
255.44983121197788,0.9470062506174926,27.334924496649705,269.7446094420312,6,5.314115912896236,0
244.2301212452209,6.4332649978324685,84.35048559248133,37.96363453510904,4,25.7135998508213,0
127.06159899592492,13.409611191620494,3.6283192980504864,9.475412611166847,5,10.799003961753066,0
231.44280351512134,11.721931319743767,48.541703162008965,19.74442582898366,2,0.197334319320146,0
140.93410215643203,9.001321689523413,67.40734946051391,15.657045378176454,7,11.034326812599959,0
124.3553032039903,1.3761221467576656,33.34366606792604,90.36647182591213,5,19.78151613272246,0
95.41437991435828,17.88774323992604,58.360150812351755,5.3340647075808985,0,13.322944906463473,1
89.95940547479162,3.5061527735478837,50.08741079980646,25.65758290782107,5,23.925503841592995,0
24.40768583936379,7.677841496632181,87.24427615138451,3.1789775616063465,0,28.85437112224746,1
46.83377346115275,5.903103294519434,24.64645130315628,7.933754692152213,7,7.327033711652985,1
184.48939271644693,0.06506240886294146,20.657780552469863,368.97878543289386,2,5.843292510273136,0
91.11009573609238,8.248112451361166,41.67867507601654,11.04617526414261,4,4.885903705710559,0
281.8829360123391,8.863862627249258,63.306817766356495,31.801365597180563,0,17.288727846537427,0
227.2037921167902,15.810631181820117,96.46643055488775,14.370317636530595,0,19.863085560563714,0
33.549639165603075,9.004389907979814,88.84238576032438,3.7259203020374456,6,22.04855441766629,1
150.86984086752685,2.2761161113302952,39.23747167881938,66.28389479627631,6,27.33866935662296,1
295.42959962235074,2.933523001897651,3.08129157071404,100.7081244739659,6,4.008823201167987,0
82.89435221492178,11.822005907845352,63.273951701053285,7.011868616975669,0,14.217142615795229,1
59.61392937840559,14.625118965282143,6.417365190995195,4.076132954536656,6,21.61207724954944,1
217.75575136375744,18.896969783640195,92.0627604035339,11.523315846770133,3,4.708957765265344,0
178.52665892626732,19.304758294482333,22.46574062916563,9.247805965915337,7,0.8014218165176601,0
294.97815957665864,16.162464444834107,93.78818234377702,18.250815683677523,0,17.252229119404483,0
99.46990080676214,5.38065731227924,72.65411635733415,18.486570512446704,0,12.98137567232548,1
68.64276520028241,3.2773183102842207,10.67652656145146,20.944796538340967,3,24.90391901482552,0
202.63368800450553,11.14763754908646,42.03394927527893,18.17727631637173,6,7.929908798270697,0
170.47293827842103,15.110351988017712,71.6626389972104,11.281864142781291,1,15.253025423715979,0
261.12901551872756,14.224008175525604,32.498978805987136,18.358328559458826,4,0.30905629071268703,1
183.58973022765147,13.640597546951192,51.65063823808607,13.459068020717728,2,5.760765331623587,0
274.2657231906678,10.456956073231423,80.71268532678404,26.228064961729714,2,19.80707417117568,0
233.5876662200433,15.731462947827488,65.97126338027188,14.848438889296162,2,21.600027929269096,0
96.15763421919574,16.821843285351108,9.37079969579685,5.716236478253978,2,8.859105709168649,0
210.61541378999564,6.266048456263227,91.47844983654358,33.61215848554045,5,8.120382534275993,0
71.29335403526854,19.295380032276558,0.2156203168020232,3.6948406258913686,6,5.694612929576445,1
233.67278898325918,16.474682683037695,71.91911963177665,14.18375051459099,1,19.797587433212755,0
196.41779282752606,7.598743412337461,38.50611150044574,25.848720264539857,2,23.999889089052903,0
86.71672471254236,15.266261496647267,24.76726092590644,5.680285558555829,7,6.5530107661995025,1
66.27647975707833,10.490647201485661,89.21079735604084,6.317673112455103,6,25.41555435264486,1
279.0423233042117,11.802650780057451,67.52378567291144,23.642343445058994,7,25.324068022705085,0
115.80282502003027,13.018249836970417,55.563757355774676,8.89542192462483,7,20.189846914983008,1
100.17423818105173,15.645333926671691,50.27218206995033,6.402818798918553,1,7.226548712420611,1
192.21718089143764,16.804672845726742,2.235508159245825,11.438317345185123,5,10.547914276916796,0
46.75325384632443,18.111840622843186,96.26447886352483,2.5813640269867353,7,20.131205296203376,1
242.30015970027387,16.660931029779572,78.83849225254009,14.54301438900318,2,15.215847439362673,0
246.56456838703477,16.809282365488446,31.090525273422422,14.668357817182166,7,10.188582336177554,0
189.69555130515647,15.038031957662731,45.5457100234799,12.614386765450103,7,23.058910098933314,0
74.13297269767565,3.7478056097102774,81.22344416138098,19.780367611810707,0,0.7300288750881201,1
30.423576078005265,18.358392023766744,66.70530099824664,1.6572026590683409,6,1.515613162859859,1
4.2245844000977755,4.614191151458873,42.48521245231742,0.915563369922827,7,22.900520159018274,1
210.3933995186032,13.37087045625508,81.84436476015125,15.735205887076575,5,6.093932105472831,0
56.208452715117986,10.954687525982125,59.44463144826228,5.1309955287911055,2,20.352769674793834,1
223.61103598665224,13.439396905479947,66.40072914333847,16.638472511774268,3,18.302170088374393,0
99.36332404558084,18.758373682361192,24.951635756849566,5.2970116561338045,5,3.0906945546821407,1
202.28113992474326,17.12857740064087,73.24522158023778,11.809570356798858,2,28.587164291419473,0
287.8653773199544,11.20303304481263,37.26922153550788,25.6953073483297,1,18.300469677153334,0
5.980556731251907,0.7283252608947888,24.727018474589567,8.211381716878053,1,22.699930323161425,1
242.92335990568884,19.086338019791018,49.63949640478472,12.727604407602788,5,16.60979897462726,0
77.4588323580047,2.455923619749394,34.00275285877373,31.539593387643183,5,20.513180178238635,0
245.86347635964324,8.561153415251725,14.01450051392148,28.71849906598293,6,5.723189734540099,0
0.7456504672118447,8.312948292632921,35.80850810466125,0.08969747446554588,6,22.148911080608602,1
258.5978900748465,9.173523833557669,26.469663003255018,28.189591564461793,2,6.540125389718837,0
18.130277623823133,15.784789007527259,59.67194924212036,1.1485916989563425,4,22.26724115728944,1
233.26530998056214,12.58252097643383,90.46591814916457,18.53883736156304,4,4.3793526145274475,1
16.60230202221509,19.080095084960316,21.48646834609391,0.8701372791009662,1,15.13787572074211,1
176.00103864647076,17.381740936178666,71.02500889166521,10.125627766096724,4,9.034482484672413,0
148.04931668866408,5.145329819403594,53.098174124819565,28.773532870595414,6,25.07949358719909,0
275.94903349091015,15.81870548953836,86.00901595325318,17.444476330468888,5,3.6820250228009788,0
200.30945800175277,14.46763911776543,25.686148005941366,13.84534521294385,3,27.93415238927419,0
262.37353472104655,5.677779328511536,13.540594535943162,46.21059036294553,4,0.36824514177761336,0
173.69657907526687,9.391341444326692,70.21484732853544,18.49539600971456,6,12.93423423187544,1
68.73906848387385,8.185105458225095,74.23353256197412,8.398067542892676,7,28.303859890183134,1
183.60162025281684,5.127504248181216,27.738601325275226,35.80720977811816,0,10.009267761347578,0
107.9047629821339,4.463069371239518,80.94136515761976,24.177254263060167,3,13.298592148559226,0
220.66888911216432,15.84581208584944,60.1304537773508,13.926006942189169,4,1.0756420839628167,0
149.31966042868248,5.741609737287585,97.38473122621699,26.006584783873368,0,23.36275302468563,0
126.98339061245201,17.8547336040955,99.43686231104792,7.1120294162957824,5,20.954439632366405,0
228.90796987879705,1.1573888771055807,50.27493788408951,197.77965246327085,0,5.585726938070503,1
259.940056901883,2.073127494817697,48.09618639644441,125.38546594537407,6,1.307011299276567,0
208.76398188643697,1.0949383067552731,94.99894235905984,190.66278035799624,3,6.993709607805279,0
170.60398805876102,15.276650144933267,7.846742968268449,11.167630759374589,2,26.642851911129142,0
140.05840498955993,17.45291970623222,74.63642694684101,8.02492690890836,3,7.627057923468588,0
262.765920052265,7.734071160020806,8.439662826635496,33.97511021240179,6,29.843233201738833,0
219.47115832312485,3.693145189673044,31.235722301576452,59.426626100923684,1,23.415811451232468,0
58.24535744964383,3.9790825397819063,83.86074531419129,14.63788621304555,6,26.979108671438016,1
227.49019450283242,12.295046143322327,82.24153189532421,18.502589730123677,4,8.960393884591236,0
35.243578823781704,16.260678417823822,27.360237392611186,2.1674113415311225,0,29.67289439374125,1
273.36084460712885,9.823241336547806,82.42712802284163,27.82796790200783,7,11.969878202093131,0
51.09982715882633,9.650655908353343,21.663632355703164,5.294958979378357,7,28.000741096485672,1
247.27165405212102,13.667216548691112,93.2556909369622,18.09231990809437,7,3.668256565673609,0
211.9776765296658,14.773107625673338,32.23226047859081,14.34888866315994,4,23.83700964429876,0
98.11223737267454,0.3318209665814864,87.73489167385178,196.22447474534908,2,21.526430896822937,0
41.49391675773111,8.057547603617241,24.565920113744045,5.149695515184225,7,9.04329613860243,1
4.415788153992118,10.288400180590664,12.135501911308666,0.4292006605966414,7,28.835826726740642,1
262.7190279942335,6.095190750436887,36.404183036530355,43.1026753306125,7,29.390678456081254,0
30.74550283384997,19.20945205222725,82.92138303874296,1.6005403355732455,5,23.723166728233586,1
158.05249452217888,6.230886632727167,82.27775596595083,25.365971785142502,3,15.44955115144661,0
218.62583558267897,4.80804646496834,25.010889238031208,45.47082420596336,7,14.093212335700786,0
163.3249142028973,4.5523877301787135,17.16591277258839,35.876758282292805,2,19.48897063319763,0
156.50418788578648,16.3647691272568,32.69644322657322,9.56348278846883,0,8.818784744937913,0
34.58051582711924,9.971203757608468,2.13769784015605,3.4680382296603645,3,4.096090541841373,1
105.80145352650393,7.950765801053656,55.32117974856228,13.307077100986028,7,7.29538679403621,0
214.72357651836356,19.18256865523185,42.60113200710208,11.193682158921916,2,20.8696614800453,0
183.70748956968427,2.981977246463079,23.507291531674788,61.60593270373863,2,21.833756914710563,0
130.89822955193057,16.156703718370935,10.118768728944772,8.101790552926529,5,8.679508450776279,0
171.90568536299557,11.896529547580773,86.97396317822287,14.450070054081744,1,26.68782714221416,0
154.4045372024574,2.8979420281509416,73.92318367401396,53.28075430859347,6,16.76927125479705,1
167.35678154897968,3.041572978463414,70.37450848215559,55.02310243219198,3,14.491266933452355,0
18.75277870133656,11.995640260346466,98.38478497752611,1.5632995233549067,0,7.637748291980674,1
22.300522093194918,7.638555683374333,73.4216321424282,2.919468420153436,3,22.198751665301305,1
132.15643782972967,12.005729086761896,20.431046774645502,11.007781108058804,2,7.614139336599642,0
161.47782042032145,7.296976382572304,74.9936451888486,22.12941524738742,4,11.063292935374918,0
65.26822056934289,18.887302995872183,71.58967900284516,3.455666517533353,4,5.547303190394352,1
43.27867969622902,16.68982409546586,53.05345648892009,2.593117785344819,0,4.003960998683482,1
37.77784781436979,11.634621020580113,90.92534317160823,3.2470200574256567,3,22.839565683724974,1
30.76730442659752,16.976142400986546,98.94801856729244,1.8123849164230337,1,12.592496288606172,1
81.18428676830308,5.582001500163225,26.980566002679616,14.543938543536607,6,15.333427189251713,1
158.6160596861952,16.261255925277496,82.55877753983391,9.754231801962643,1,9.271333226888045,0
181.05590873715383,0.5545479106841111,15.273643289142058,326.49281558701836,2,24.398343114403865,0
292.56783060068085,6.40283258330075,25.559802362878482,45.69349999306995,5,8.9013550116443,0
226.4381633558885,8.343531545259884,62.462361804661235,27.139366840955045,6,29.01913189608812,0
236.94974084078615,4.403249843194599,40.01234376672597,53.81246789959047,2,11.108556417482747,0
132.4008597485324,8.56589970492309,11.688974937681307,15.456737098198511,7,18.180308433706646,0
208.37818028239207,17.701126826179895,46.22201956957848,11.772029110271193,7,2.8402843086919196,0
239.0774443582506,2.8618616735648628,57.87232724081387,83.53913348315156,1,13.618494129778263,1
286.3431540850498,6.921302048323506,62.16300824555605,41.37128420141821,5,14.589871478439404,0
235.28843423187783,9.44401266847697,81.76185662071937,24.914032042464704,5,14.24635330826057,0
259.56567722876315,15.072916094532204,33.823133401215756,17.220667560335073,4,7.157881803353771,0
41.83038027036402,7.692032713513683,97.19919793729889,5.438143833797621,6,15.611711862330361,1
80.90667530220827,1.9893558224898622,19.731216208999736,40.66978586110659,4,21.465015560375292,0
108.2035811995669,17.3777555986987,55.2938804636149,6.226556737146742,5,18.250826519534503,1
87.00504197154198,3.269692739421779,57.656831786214916,26.60954680008501,5,2.948152664866084,1
135.31827539680532,9.529947817725414,38.27415409513575,14.199267192745529,2,1.0974619972574196,0
280.4671844352985,11.958779457960544,7.697756069213479,23.452826889336208,6,15.266785879612913,0
185.84075588845627,9.766166262761084,3.6168713199274283,19.0290387126704,7,13.868094178642385,0
155.26417125078927,1.9307701996096416,10.849922007202107,80.41566587374314,4,27.080277064920352,0
177.46507888134752,6.547398193567242,15.659952636629558,27.10467175430163,1,6.728022602315847,0
112.96819645833664,19.46690939447106,3.5225873213387326,5.803088418874625,6,21.36516912570676,1
280.53496860804876,13.757593682081259,20.72546340106889,20.39128172344811,1,7.844867800934577,0
1.5796776048432548,1.1098582996709627,84.7676459905517,1.4233146747756704,5,7.881544380443895,1
12.905752525076696,10.345311777781166,45.891223016669116,1.2474976880633641,5,20.600340336219013,1
177.96242758924353,4.070036578904741,12.07343406639193,43.725019207845484,2,1.9073100570864754,1
231.3468110041914,6.831377499049385,54.58460818418509,33.86532379983163,2,26.51569250746563,0
203.43937626373716,2.4083977882701246,11.226573231411606,84.47083669258025,5,5.312539005444126,0
115.54401053741937,18.311378679292552,10.73184425000333,6.309956915919306,6,19.380922954005065,0
45.6925781012258,7.564259265921917,20.28741941662601,6.04058857515335,7,0.21738362129384736,1
176.4766575570817,11.79021112168893,69.82269071144783,14.968065943487675,6,25.704095719387073,1
51.535813559719514,1.3344056053171238,67.54874243803529,38.62080116747706,3,23.548029625482325,0
135.45700507801945,1.7806317150351458,56.27317896622532,76.07244324261956,1,19.18999064900239,0
100.73760680010457,14.316895631651299,6.25380064442882,7.03627444048676,5,11.489393740504408,1
125.7243161513965,12.242911487021136,39.429142926850794,10.269151768733966,0,29.923123998867545,0
2.56200474523004,8.491056898279494,80.17070263673553,0.30172978180715854,5,16.054299142345904,1
1.7520766521498476,1.6087161370644099,44.47555655933404,1.0891148610885713,6,13.18456992371183,1
45.77735569104412,7.561773405185173,9.142884315323673,6.053785697896501,3,26.219500660113646,1
106.96433661306799,5.477669443963375,29.11330971734397,19.527344193970528,1,12.622784146665643,0
227.23039306514912,10.622117701121113,13.224369329884755,21.392193106763077,5,21.57459470678787,0
151.26035087901377,12.057385815935858,24.41276286095452,12.545036974689642,4,4.470758726509331,0
241.64109137655936,4.110648853344701,95.195655010668,58.784172523017595,5,9.290332232426952,0
229.01224428335414,17.38781646269112,72.47624745628247,13.170845504077159,3,17.86127016083811,0
47.562244382563925,2.767170791466347,27.904361451006032,17.188040770465165,4,6.098321219092792,1
77.22820778186616,4.449944828181016,87.5163027997924,17.35486860259218,1,8.875835662146876,0
237.8063760638148,11.346397324557483,6.8130636457098825,20.958756269632875,2,12.834211328582082,0
194.14223712071964,16.521419057419212,76.35030288725385,11.750942001167685,4,4.178464541654103,0
0.049674673850741424,2.66745049042326,72.26053126618845,0.018622528901317773,3,8.387312861592878,1
184.10248441083084,12.03490137734981,52.72869977797594,15.297382058927335,1,9.59424334426512,0
136.54548641579711,9.998237123432538,98.2519819384756,13.656956194385504,5,22.812208475683004,0
75.08822519512898,10.517911606737929,52.64362042076313,7.139081217133101,7,27.091018516079806,0
46.569993522476885,4.292008947745101,8.57789181315085,10.850395255336881,4,6.192759028747062,0
135.59923741736714,9.481373476244459,9.890191758872302,14.301644983937239,3,21.554078429011888,0
259.7922213883723,6.5656119028810895,89.87578965948765,39.568622884086636,5,10.414276779987278,0
105.00304481517442,4.070314723733572,21.876428811333636,25.797279066140224,7,9.638908621383301,0
30.621038682565548,1.4040121172083841,98.95404595398443,21.809668383382448,7,2.7980021215938757,1
29.784638276057716,11.117499910004083,20.78604124401682,2.6790769972713027,6,6.225163717014496,1
258.3230619365376,4.731120251152873,77.54506509762766,54.60082353087301,2,21.975373908547688,0
254.36390915702412,7.987082979094129,77.67894176438527,31.8469095441742,0,24.48270809949651,0
89.29835764131047,12.987299080311537,34.32838272843309,6.875822069631464,5,22.79893399646204,1
252.10130534181945,9.932650120958881,37.21654193820459,25.38107174538048,2,25.95711133687581,0
199.95036965389136,3.4744332021356006,34.87721382129926,57.5490613925142,1,10.599801018687595,0
65.80569237689524,19.503000605714604,94.29373937098124,3.3741316891316413,7,0.12905317844830733,1
12.282686132987685,11.83661427387118,26.692773035350715,1.0376857645941195,4,26.69884278759119,1
125.49304712412955,14.793060372549721,93.21257971492436,8.483237677918005,5,20.74997962454528,1
236.4930756778133,17.283883773821458,58.41099764878448,13.682866580948131,6,19.85058973346661,0
74.56699200416674,3.348746262751765,47.184956907545704,22.267137057703742,6,17.534843661583572,0
224.96489662883766,18.75320735380412,74.61104762644457,11.996075785041812,4,12.304643667596434,0
229.0549441387846,8.631442466532969,78.5368132274462,26.53727288653181,0,15.074040378932835,0
77.02453585497166,13.533024721516057,97.72231571774573,5.691597956849286,7,11.219124606373533,1
37.93197732631347,9.153192711664788,36.00062911386864,4.144125281878216,4,27.37001165695659,1
20.396898055823765,0.04528425641927125,77.70168181756303,40.79379611164753,7,0.7078273190130557,1
116.50869116140666,16.13247540488811,44.21028928496794,7.2219971354244095,1,27.738190029626672,0
174.99254307186993,7.379609152000768,9.168052946928585,23.71298255334102,6,5.836783003010889,0
262.4871855086728,16.02361151607101,47.21840178750279,16.381274923284874,3,2.176255646729419,0
178.17195738873576,1.0636187352551474,0.40282900307303526,167.51487303013215,3,24.359728183448627,0
232.2644177463353,1.1351043540759553,29.640814441802576,204.61944041736393,3,27.927807232431874,0
134.6926650725533,4.47110601106681,37.02153065032372,30.125133409756817,7,4.840097936751415,0
61.6424900881311,3.9416764957563166,60.733020505800454,15.63864770599428,5,2.920917443284874,1
198.9788364016932,8.09160926973805,65.18280595053776,24.59076183347824,6,8.699886560938264,0
234.99623546188502,18.733337151626614,22.902246523928728,12.544280474954261,7,2.1667698514322344,1
260.1160081601172,8.913356903219814,95.18355730118735,29.182721053855058,6,11.07468604664895,0
58.661243425277846,0.1634342009324441,21.95009548248833,117.32248685055569,6,5.914189740229922,0
138.17281891867216,10.303509004313279,14.2450973313043,13.410268177649957,6,18.93667714652037,0
121.51228614127193,16.165979627955533,67.05520216523385,7.516543317371435,4,11.554503326063514,1
280.9136900490383,15.248971771014544,19.384924015608394,18.42181192721485,7,26.058404032913256,1
245.9226763940063,9.033372040647933,78.68324272205085,27.22379586353969,2,4.078657942221541,0
209.4036296263099,9.8429005535841,22.03453310725,21.274585523477597,4,18.969200248274014,0
246.48075793222017,3.006192328720405,33.10593639668904,81.99101420671094,6,28.720235032509716,0
241.94556898380904,9.903960160487177,7.676300383386836,24.429174296265312,3,7.627487695641437,0
159.01935568221373,10.615273810209239,9.947069680686715,14.98024059721162,4,23.93502019459257,0
127.01379021280947,2.1082779975129506,84.93327190705557,60.245276174509456,3,10.12346908350953,0
21.471377886663568,14.253779190634825,35.182115655238675,1.5063638631901166,2,9.410078727370092,1
30.49389871984487,3.660221970000397,87.56543358354817,8.331161052465232,3,26.845629616195925,1
228.61320503917412,3.6840414643318375,26.661951954978058,62.055003249165914,0,17.143181895204574,0
55.734548998329416,10.370121366400852,84.77829261152088,5.374531987533831,2,5.077834994313752,1
257.7220579680537,19.423832155579166,62.08375252475297,13.268342513659306,2,3.6812560256070395,0
193.07900423957037,4.9767113565517835,18.340807259222846,38.79650443970074,4,5.577063962404548,0
133.10976502163788,1.152749335008374,23.312565763683867,115.47156088419771,5,11.409009682747023,0
289.8008035251854,6.024338097970738,57.59565367456315,48.10500320737361,4,3.431737208450377,0
158.80806720354934,14.431460021331189,76.1859901740335,11.004296652508797,4,23.46499986161313,0
39.45677386597476,13.289505532363181,41.703037703152944,2.969017452898297,6,4.067191093781354,1
219.08579961623406,16.359935889476482,34.330643109289696,13.39160502194638,2,11.656614672492037,1
224.60035391567123,18.590151262603698,33.333851922944156,12.08168512149127,7,28.52382850416318,0
243.5396373568014,12.324109668867798,38.67468896716808,19.761235813408263,2,8.881481748422516,0
138.8010938832226,4.72135632536734,26.24014179068743,29.398563530877606,1,17.283527495708977,0
168.00192714491305,1.0983786682807883,63.68327484772571,152.9544700716686,6,26.104073240170223,0
245.655856454424,0.9680036237321854,7.7733262816851445,253.77576119734533,1,17.152981679174808,0
246.65366851969935,13.965031825036881,7.172310734794928,17.66223461642902,1,20.853259133316623,0
58.56208202608778,15.745847477253301,51.841160840367536,3.719208007742199,0,26.024828679320482,1
146.869222084018,10.158099002037098,50.9778666291972,14.458337337976815,7,7.842042470872082,0
199.92791746622703,4.110489973669953,21.66330319552624,48.638463722544046,1,20.535524516923356,0
49.9807410992458,16.28517623423309,5.500131083317983,3.069094272015381,4,29.61523234111654,1
239.85443146526143,9.665892820803565,31.92064826302088,24.814513869741145,5,28.18199330948144,0
102.46763597232025,11.7067842243718,1.9619417918464888,8.752842284305347,5,27.742001096393263,0
117.29342988122957,8.168914333105041,11.77010200531462,14.358508988873899,3,2.4045297842040547,0
202.56129896444045,7.607197091958713,12.265339950959076,26.62758654939551,0,18.082337991585742,0
231.85810560985306,8.487206455779845,64.33839186786909,27.31854195109819,5,1.1321842643188251,0
77.25287578698367,3.351347729703653,83.29417785974015,23.051286233975738,6,27.50530152595305,0
57.58037815415471,17.106429644223407,6.56921909778344,3.3660079485726446,3,0.4040544955211911,1
46.70196686268741,6.063553413088767,72.26182300139025,7.702078910012846,1,12.501715399514268,1
262.0837594108702,9.110197015833188,25.40811223353271,28.76817690719292,4,14.099072610598157,0
104.37902339707124,13.400532613530402,70.63314543527835,7.789169759691539,3,29.154116674636363,1
197.71382572343248,3.092600594852295,10.678284788191661,63.9312512752315,2,5.999453363475057,0
158.36734601020274,7.315395041249577,12.052658040231856,21.6485022500099,1,18.036010328531134,0
174.88270709205105,17.845737572593617,94.83743740028142,9.799690619715552,3,27.9817104215395,0
277.63465697299927,11.237551122626048,8.445661934703985,24.705974988981424,3,26.603022709338635,0
40.063814104363395,19.182196905788956,29.54894381900686,2.0885936215300043,6,16.869106320849028,1
28.99048700648811,2.303476430781668,16.037116443866474,12.585536634577329,7,27.03671062403604,1
188.52362670399847,6.166772695738702,75.69832394855825,30.570873292325185,5,25.019471412622533,0
108.91269513486934,15.271257218181741,27.00474040087556,7.13187484035037,2,4.894782783034789,0
229.99880623475764,5.738984989837617,94.3601689042223,40.07656521876796,4,24.350940559635028,0
135.65087857548028,19.944862279505234,6.143892511639947,6.8012943220405795,3,6.786291543157078,0
63.68936143033637,8.810736888751421,24.932620017555752,7.228607803695504,5,4.950239104028321,1
85.30125039863367,7.6016577388268125,60.06037967049743,11.221401085047862,4,28.637411223117716,1
114.46943006412755,8.66516610335192,80.399293949576,13.210298417689614,7,21.192174059736686,0
1.7082258731553113,4.212098065909227,45.423150079478525,0.4055522560077367,5,28.89049800855395,1
174.36347271832003,18.42683503010553,75.71274257522963,9.462475375366806,0,10.000986036013854,0
102.74101721111941,8.410838538372861,60.38763791343489,12.215312033679275,4,2.2225828676581703,0
255.14803818520434,6.454040986155807,45.920562376613475,39.53306753590623,0,4.130718686764489,0
213.88036767517121,2.5730429127177468,75.8937427669412,83.12351364916124,0,7.780192520499285,0
121.06058616125,13.811350402004843,26.952386987664458,8.765296849153646,1,24.240936060814036,0
257.94405418782435,13.355949631095466,45.70537919400108,19.313044846116835,4,11.436855076439468,1
113.61478315682463,8.60181896088704,90.47475981651162,13.208227663641551,6,22.472737000614,0
11.627991917800962,10.190774288691898,1.6868999775517368,1.1410312492843513,0,8.748279082062556,1
260.15472642772227,12.782532687616886,20.449412958869317,20.35236152220036,5,10.411833881427611,0
162.44121358645774,10.35815426465506,49.47729667428877,15.682447802573565,7,14.179839891345656,0
1.8126247861879663,18.194874474438915,43.311788905475936,0.0996228244791924,1,4.620235799233443,1
253.20902083147433,18.949774674572552,4.9128258300231264,13.362112488400125,2,8.707895026677862,0
6.690884804012887,3.6368989442354827,59.85808567466167,1.8397224961716352,2,7.360342478467414,1
93.39024604317957,5.237749096196602,62.62689454115723,17.830225222318308,5,10.323358027813692,1
157.29174869377937,10.536699935560573,68.53149689846846,14.927989755400692,2,9.17789377719107,0
192.93680645933472,16.193037469868237,9.921823803313167,11.914800223142116,4,11.753711782369367,0
197.86250040307402,16.781843603230534,95.27929437907218,11.790271979711761,6,16.64200269839037,0
294.7642099128728,8.860007494452498,44.92775597816075,33.26907004282254,4,18.980468776206944,1
253.58718264830247,5.00477375145437,10.599240477921901,50.669060229667906,2,28.22322478331458,0
163.06515513015864,14.35739955525317,75.04198571522137,11.357568931798335,0,10.973510367969507,0
277.9168847047385,11.233744338257743,51.68770677338001,24.739470325870084,7,8.215477135159578,0
258.14733508683315,2.3443040664030956,73.38992953053834,110.11683116811415,3,26.02780154559282,0
117.51200894225063,13.400104560986712,69.218743525883,8.769484477335874,6,12.075362276436701,1
9.920673817685554,19.50099023620766,93.6964644901428,0.5087266696470496,0,9.309567961861212,1
116.55312977955714,6.47864822387861,44.459196934104824,17.990347021771097,7,1.1792141107294796,0
142.92898310931415,14.792593292805424,50.36705263989588,9.66219920200399,1,24.460707191024493,0
18.67968557646543,0.10427681454771687,16.587105543526537,37.35937115293086,7,12.746565769804585,1
143.623073458403,9.645173661257262,10.309092739900372,14.890667447005981,7,28.60640202022652,1
168.62815342292774,12.89730957376113,70.83604166447445,13.07467673459529,3,27.18188450584288,0
158.10712242243633,9.06208918831162,33.228366947109265,17.447094057114843,7,4.038959694608374,0
283.05295507564165,7.87904102958215,49.54047061800265,35.92479770227226,1,17.026016781651247,0
176.82891144192953,0.11250508114440061,23.726800910597934,353.65782288385907,6,23.398071769172983,0
220.50031108076652,7.314305143375468,32.12457681888434,30.146446826937844,3,0.5206932917797547,1
190.1036340488973,8.963288772378824,51.04826477169937,21.20913861826238,4,1.1311061992591953,0
217.45198673363228,2.165162050725049,22.3058652340533,100.43219936392937,1,29.92022448351361,0
213.7845498422688,18.49087625760675,17.336153813325783,11.561623519833054,5,5.059515966465079,0
263.6845245779069,9.161408313898779,20.802076570660255,28.78209501675315,1,13.307807103661704,0
193.72439152249552,17.168616507320817,36.86036772927117,11.283634382531062,7,11.107981477638894,0
126.68511846120619,2.7187190697901853,38.6346924383195,46.59735530195218,2,12.125739449715432,0
3.760172183156252,11.845640271473348,72.80166433580725,0.31743089415027165,0,26.282841178905432,0
216.7839622562963,14.540593111726128,97.90051378028392,14.908880304302913,7,23.781488884631674,0
113.5587156637499,11.059404863260887,84.84007931758542,10.268067501623852,3,18.107330313977286,1
18.047660887214644,17.82742310002427,7.363010376542545,1.012353876718732,6,11.166220786050369,1
167.11301650564195,18.8115006935022,11.158280259124087,8.883555821964036,5,4.245282539020115,0
279.95521080606386,16.18246512060644,63.92625214874238,17.299911275543195,2,1.8295992314392373,0
57.789302657440565,6.206823694004527,19.307449138929467,9.31060805114572,5,7.759559230768095,0
64.05810515848557,0.3240519814577647,56.078799687645876,128.11621031697115,6,22.14140074075767,1
214.73241678020253,6.008949288787919,43.8553037828715,35.735435008724586,1,21.91391004821333,0
229.39786713835738,12.910783684745521,74.6854547600432,17.767927396181058,2,24.924350177971846,0
189.94456705758037,6.095969064573341,11.57531655532722,31.15904379525828,6,10.038208567755508,0
57.81590183135775,15.969317434130412,73.33406374032751,3.620436632300311,5,9.130323964674927,1
123.1434079207117,2.8823164621636987,57.54066413253206,42.72376386743819,6,29.47037881690283,0
175.2665968140695,12.99127458968512,32.93956189376727,13.491100938873895,0,15.844231374520266,0
162.396203144713,7.653135075593502,5.4443903135107385,21.219565778031058,2,19.657894706141168,0
251.95014592923175,7.253670320868089,95.16005889472247,34.734160057481,7,18.87577614856092,0
228.99452984839718,11.592626556869906,91.0843531449254,19.75346386990209,4,24.03025533245025,0
276.7454141295816,6.696355982448385,28.459742571161286,41.32776316775132,3,9.31477890908555,0
98.59832965600451,7.4991794975149535,80.12224596108653,13.147882336817995,6,9.890602806361361,1
59.73324676614086,17.138566520086513,79.07681760596131,3.485311720565025,4,19.62296622051434,1
80.8935484274943,1.9933408495148286,57.82756727118119,40.5818946855895,1,15.292661689830629,0
130.64493695960667,12.246664688034667,64.88944961153138,10.667797338098953,1,10.348011871267072,0
48.47286507719102,6.35231067664723,19.58344208289049,7.630745337344734,6,5.037208972481717,1
47.03667072588142,12.637079930465912,3.9947846534350684,3.7221154716671356,1,16.404603019799858,1
198.6473068330013,7.570954269043306,54.7426751601363,26.238080402261247,0,8.857009470499932,1
21.301024729674968,2.0600626700289904,58.639280263042856,10.339988700137559,7,18.285939769424466,1
280.12206575814935,11.834936349923934,91.74733894175773,23.669080886941124,1,13.321558894258665,0
156.94435165451566,16.914270186996227,84.68412844677356,9.278813092105814,7,27.751985284967784,0
115.81770702250016,1.4634123308485791,66.76806034001743,79.1422243622491,6,18.330146278668636,0
53.99346052709686,8.424400150729298,46.042354724635416,6.409175675543221,6,1.807663640221937,1
154.40540876713828,19.197464109695684,74.3868267246057,8.043010674996173,0,9.534995620867479,0
84.22694225434294,8.024407349227294,52.991780579296766,10.49634428920829,2,20.41006568948104,1
96.31240274041734,14.93916580129545,29.97155811731854,6.44697327959675,7,9.690414003422026,1
175.58471023732278,1.9227350107069618,13.30131612885943,91.32028556174406,7,7.207297892743635,0
246.5988360959757,19.387252304499597,25.364191703224648,12.719638256254727,6,25.776003198196076,0
81.70767259923488,3.309170164091788,64.53046944900957,24.69128770888088,4,26.18518419682362,0
201.07279546579878,15.729358318435153,40.97317451338526,12.78328024545903,5,4.999274393148944,0
248.89598516198024,18.645375607184786,28.92964746346055,13.348939190373347,3,11.479995177224906,0
16.011001629702783,12.934140986748732,27.689673361211764,1.2378867406893392,5,1.454248506879301,1
21.832984871837656,2.594714066652697,37.51033628310343,8.414408798424265,2,4.745214175906806,1
208.6673401257301,3.1170584151243297,86.6242211956018,66.94367327646216,0,5.090000703301296,0
10.234858951990699,17.897316589128454,58.13565745583863,0.5718655587848159,5,14.720135826193964,1
187.10697939956918,1.5285539491771316,38.93026051153136,122.4078348692205,6,21.328502581437466,0
28.767490207985315,16.051001761795693,50.20032562687241,1.792255127431185,4,15.147349129799684,1
3.6296243178032483,17.246966403815673,65.67187155107243,0.2104500138064999,4,1.458347189940723,0
112.82209303938048,2.8266219347994914,24.72324018314985,39.914107949984334,1,27.47236863892639,0
250.1534423654785,10.20179245859314,40.47790869193686,24.52053826627007,3,9.205245576443529,0
298.57916617153893,2.617556821559184,85.35436755721484,114.06788334538852,6,15.645909485483706,0
226.25229825112842,10.79237447000726,43.14259078812802,20.964088938898374,4,19.958373896469908,1
127.79236844157884,19.286755366101026,70.62951778563946,6.6259132765374575,4,2.1825485318826288,1
290.12791546281807,2.474372477273452,71.6056946735858,117.25312907720115,6,2.7062241104989937,0
224.78942130219707,8.138269832084537,67.28646590879288,27.621278962265556,4,18.91432193002209,0
158.29081918119223,7.251036406164597,65.32284133946503,21.830095770394767,1,8.696032902027081,0
234.20895735911782,12.102600569985821,43.329259668314776,19.35195299594955,7,14.349718202360801,0
57.22352637723378,2.4074779164803206,38.893576420621024,23.76907633732039,3,4.225597604781641,1
103.30744635588172,7.021386633574302,36.09409837080294,14.713254197097548,7,19.684351081500232,0
32.24164783486644,16.011580869564266,94.24902061211017,2.0136455043082737,5,21.329437515536107,0
249.94448269606744,14.624667888723824,45.256624208973925,17.09060914051827,6,29.199127429011703,1
2.752373901695615,16.64082433143502,76.78495879629672,0.1653988917181403,1,20.628125579738654,1
104.80679755847181,6.550427801199124,26.243339584228842,15.999992785095019,5,7.133505463387629,0
108.20508440176411,13.13887384595914,26.856740524277367,8.235491539866073,2,21.655435757618605,0
298.17787492802717,13.508950755436004,97.41051300046547,22.072615432996553,4,17.33898091738178,0
140.6345455621798,14.61258709737698,44.735454205095834,9.624205804557652,6,3.053740841138496,0
267.4296499022463,9.795642331562334,70.39055896864465,27.300879396195064,5,8.280988076377545,0
58.74353217108435,0.4498571563530862,48.52987513429341,117.4870643421687,6,17.153643761679735,0
177.49031034693502,14.183473981746754,11.975576934799825,12.513881336501479,3,7.398695234249272,0
264.97953249886143,13.410286125801285,59.30630848537592,19.75942422205615,0,27.772412056659814,1
91.25358396213382,7.5401616303058,15.911254391065889,12.10233791214273,2,25.370875769828217,1
247.88760053361597,14.046536172497657,77.7634245792779,17.64759635325371,4,2.073640183538675,0
105.44753741180229,8.155427662348291,82.0031782057312,12.929737320659344,5,15.594541781485843,0
94.62631063694957,6.999226995768007,33.90965978631611,13.519537328074108,3,7.265904930398175,1
1.2854106391353204,6.7700676020449935,32.78737435168435,0.18986673615298083,4,26.181496797644982,1
83.4973285535655,6.842943206119809,86.71822578260122,12.201961354712372,7,23.101661177928378,1
80.46685688325789,18.06145569381873,1.90451503376583,4.455170073074259,0,16.35764225918849,1
89.78754785049186,14.400419971321385,82.32200046703282,6.235064534875016,6,15.288888212199378,1
38.29406240390292,6.013881159687225,99.55564498639137,6.367612093933454,3,21.551245897423797,1
214.77771745736905,1.6610318886417619,14.944042338972285,129.3037893649317,5,16.97190262334454,0
46.762544360878664,13.675636265470299,57.27488340713738,3.4194053902230284,1,20.63980582433569,1
67.56348796925138,16.376523687108175,81.6457356953199,4.12563064421531,6,14.074647298532106,1
265.2202163474092,15.864141443429746,46.605137132531304,16.718220604194887,2,5.802253928915276,1
247.0943149447744,15.191990871358666,22.162999033258103,16.26477510663986,7,5.48057905245355,0
208.3953408955853,3.136212302826662,65.72153185000101,66.44809750531205,5,27.492962311732178,0
145.3393076977048,13.075041604180601,93.34755139277662,11.115781662311052,7,3.6448945585400283,0
188.42858308243552,6.953463515587521,82.83610694933093,27.098521860370266,6,16.804342184151917,0
267.0050104064605,14.402084761123962,95.90337571099533,18.5393305785282,6,21.916439350554057,0
0.40788244462400813,10.182157115775484,16.795406450194662,0.04005854947887861,5,16.41651038618777,1
10.57163641283454,2.1662912288472014,41.26201825630853,4.880062418228166,0,12.69036484270033,1
240.15223205234807,7.349577787163753,91.00207198435758,32.67565008588395,1,10.786122216979129,0
226.11988876516415,17.45307266865573,78.42664985218039,12.955878489594369,3,7.996089543464752,0
16.64095381617454,2.7509061787106437,84.16075645488482,6.049262582984272,6,2.9499144195815994,1
195.40672151260623,1.2727599548937452,26.66091290178858,153.52991014626912,6,12.972957956610943,0
38.588029560148826,19.965257024936157,43.9695904383994,1.932758967838643,4,13.217895568935571,0
205.26404692236827,18.878092027622763,62.25359989384208,10.873135199363485,4,10.91968822888611,0
92.35698016684502,17.485561557262358,83.56236535416326,5.281899575509256,4,13.415962278411772,1
98.27908522600228,11.724615448569631,87.39207214809443,8.382286451705506,2,6.303240228802926,1
149.78879561257364,12.451596106099355,63.4214857163497,12.029686341914054,4,20.83929481321348,0
110.61532862246958,3.4876125875520447,29.325844790172685,31.7166330392535,4,15.994362917769067,1
294.49512585802967,7.934040962553322,24.417831770794727,37.11792354589201,1,23.6370759606691,0
135.08551863324396,9.855867518643212,94.69298036988056,13.706101302368179,3,1.354084888051862,0
217.3921710774442,15.588982699930419,51.86356089679014,13.945244231903247,2,28.78357444151036,0
37.07624203028287,8.508162973346336,17.33970076976574,4.357725885885382,2,15.757529769780135,1
133.36533224250064,4.084063350982516,41.630036210098666,32.655059625952305,2,3.596058502565932,1
188.48133495334443,7.502109187015485,43.854537032942254,25.123779227255785,4,16.371310146244227,0
95.0102053375439,19.809654796522903,30.979926202376685,4.796156536469308,0,0.886438390109886,1
103.08337530317317,6.706469443312038,27.49127536703272,15.37073659613436,5,20.860116087846315,0
36.68277355399693,15.15197067739183,62.525217478746995,2.42099026819865,4,20.649479990827057,1
40.284047126648574,14.076333044300089,77.98176128763734,2.8618282190304343,6,0.07844804256191606,1
230.56474062101714,17.509022901464355,93.49112949685909,13.16833851429448,0,25.33311677788915,0
40.41850239075063,0.37630775521585447,24.878598659607476,80.83700478150126,4,15.296960106780427,1
52.27660872346102,4.19214264687926,23.43814970411896,12.470140719657305,7,1.0701073585595178,1
222.6933845803185,12.953446536223863,87.36523010072602,17.191824890585234,3,21.310601492234216,0
256.81590082550576,8.18532622784614,4.227349194510943,31.37515765124043,7,9.713945968346259,0
229.50689593716294,10.33735427085374,31.228719790956138,22.201705574148658,6,3.6874944270145904,1
228.69177629107534,16.505114721470218,89.36962695498053,13.855812585997239,1,8.755865319446364,0
67.68033890444215,1.6453297927172228,53.268697363871595,41.134816377858016,6,18.626912645643294,0
240.50788112960421,5.82721993272338,92.73528894287534,41.27317724512273,5,8.346814035581419,0
199.42643353035868,18.80059206435685,82.91001156944023,10.60745495927449,5,15.92845548481952,0
241.6027860857719,0.3350254567228417,11.025898031926696,483.2055721715438,3,14.516724565189284,0
158.81616902826866,7.499782731053301,74.63341974093736,21.17610265837179,0,29.65576114082484,0
240.9552970950956,2.859207782259885,6.256687306329923,84.27344755778725,2,11.759858006905912,0
234.68247065240325,18.308697254581418,24.29536188743323,12.818086802635738,6,29.77530767533336,1
238.5683913722927,7.424904446486766,20.00308232170659,32.13083657732132,4,16.962768227245974,0
252.89080716442723,3.1362054852275367,41.413816888804575,80.63591762581194,5,3.740498242864497,0
92.29905575330463,19.90744287948424,92.03075732793583,4.636409422951257,6,24.212352753006854,1
225.195563755788,11.935271555388795,4.844518850583446,18.868072059417184,1,29.337496994416867,0
189.32877296434683,10.480112060613244,1.7833653506962532,18.065529439889236,1,3.645050892036723,0
210.29048737222996,15.41920996533532,22.175743410667604,13.638214139699395,5,26.39893864279262,0
5.299885523014991,4.427064958134297,62.9917599436983,1.1971555812111978,2,11.542713573095503,1
44.473451862236715,11.594191517444363,83.60040442371296,3.8358389884558095,4,15.8662671413647,1
216.4846422787187,8.917829201942855,53.84691871717834,24.275486486280197,4,15.159010406406116,0
34.226923769224015,11.918897273716667,73.48756682360522,2.871651880472248,7,3.256415341435599,1
213.09295017492164,15.543766707320883,87.49572440272343,13.709222107313154,2,23.54390900966714,0
282.6690696096558,16.74295501206982,21.539526251251072,16.882866220800487,0,22.666969935338592,0
141.66996355977034,8.17263837335367,97.93237727350011,17.334666858829284,5,17.321340992748603,0
63.250163451146776,13.097707704086298,95.15688165119107,4.82910176957252,4,25.7202385586341,1
68.0611376406251,10.993634633636542,30.899200077710397,6.190958669154118,2,24.00419995853237,1
199.7921357730506,10.482262403581785,99.29411185619544,19.060020449858392,5,5.664423821938733,0
5.3190245538526915,13.113317411952437,66.46420386079889,0.40562005682898694,6,1.4507568152116435,1
152.9802025544812,19.58048530144268,27.28552416633525,7.812891263895779,3,29.588139043319945,0
164.1266934861262,2.578774407948723,25.46596970903252,63.64523123086218,0,14.725782108714856,1
45.91043409542468,1.9591935000833405,75.67263439082693,23.433333202397687,0,10.944926552684507,1
291.8026680529618,2.8262372974129213,54.27609112735955,103.24775924515322,5,15.221668949328453,0
13.463330862371336,13.318091804301979,55.33065521261364,1.010905395472829,7,27.916565105320228,1
259.5605118869653,18.4606673837775,37.24075489878891,14.060191134533778,6,9.130123757609384,0
265.82737786911065,9.01892071739515,99.47872734852177,29.47441120714132,4,0.8280999719567317,0
294.9832280164107,13.428198012465549,32.49596231092304,21.967446990472915,4,23.50262599922913,0
3.6066006492794567,1.9966363677411425,27.972992023729425,1.806338253449584,4,8.866233230477313,1
153.68306391213716,5.887755895856419,95.89082194821043,26.102145984057103,7,4.921032193467299,0
22.763144538439363,16.019747521083257,62.29809363579379,1.4209427775613355,6,20.90518226208525,1
157.55502962119306,13.517287896455512,42.99494277891745,11.655816671812321,7,18.938698545117855,0
16.200140843208143,1.601519477697697,63.6754290098851,10.115481621551707,5,17.34285499169066,1
200.80542131280205,13.123028406273091,77.08125224798744,15.30175925069344,3,26.323535333582168,0
181.26657565222717,8.205099039228205,46.90365487366237,22.091942435502595,2,1.1363287710835024,0
64.74764596374914,11.596931879688604,7.387661779602306,5.583170327761528,2,28.530145914397547,0
223.51409035820535,4.580010353551467,90.89113094597087,48.80209281293138,6,17.218174552176666,0
119.25379665812132,9.409850789050969,93.99834266116926,12.673293055494737,4,3.216169885075769,0
32.16434328323039,5.724442419228706,42.81807407433663,5.618773135910783,4,24.22462537014588,1
288.0586075208833,11.773698562264297,66.62468410592666,24.466280158058026,5,5.160602630640324,0
126.25264177153565,6.528811869254438,23.488889429703164,19.337766855572323,4,17.664460652674794,0
34.119406071686974,18.725307565528585,58.99585091171734,1.822101236643898,6,5.320021453774498,1
199.7406109521607,9.308288713931898,2.2796968852432875,21.458360080001064,4,17.325569660067245,1
233.0065659622428,14.474035298329557,5.29563585628191,16.09824497174841,6,9.582109525814742,0
33.02895238028738,17.177437506708355,25.212510500500873,1.9228102193582999,7,10.306287361521093,1
154.4645265475386,2.7490335903427243,6.391312352302148,56.18866466025298,1,1.4936720854164987,0
1.1921294081269296,6.580193971260724,93.5464537609424,0.1811693414105428,4,10.452505371313258,1
244.95481704117822,10.457980751914114,3.1599266215931565,23.42276418861685,4,18.691718378686417,0
275.1188982004091,1.4928908440986022,38.42343555559644,184.286010787697,0,20.164325910140253,0
230.20115134771353,10.628381480496166,71.76198215634923,21.65909755593069,7,24.571205218733148,0
99.77908210062326,10.465650035203778,67.57639966618567,9.533959358949694,0,19.972549921645687,1
109.85586714640517,15.295118300190149,18.508703701215556,7.182413695031012,2,25.42969902339402,0
215.72390892607035,17.857731565337097,33.4905586088121,12.080140645903933,5,6.561665612030529,1
102.48295326608581,13.567659382023773,14.201828062948463,7.553473328042769,5,29.7386533167343,0
82.74155684698198,19.9704992802743,65.87388366327566,4.143189195510464,4,22.582677525732308,1
172.3110731911905,13.419625043040115,6.408966515842762,12.84023008381721,4,16.155926050952917,0
78.97630596784802,17.310757495971632,86.98071003360583,4.562267479411372,5,12.28965937159041,1
231.71861715845088,12.576654691142537,33.82409438795315,18.424503403249613,4,4.429625613626885,0
67.53941183704039,12.250421301005186,73.70271327668961,5.513231763833181,6,6.600947598108923,1
45.83273900706114,19.315276784998,65.98717575301573,2.3728750831393217,1,27.77249418556695,1
250.63435261295785,7.074202845728765,89.97846834866317,35.429342086831014,3,22.787961537849178,0
89.20113434243052,17.237686806200653,46.88939527420973,5.1747740485889056,4,12.324170374976223,0
292.6560769473394,19.047617191056545,50.00538822989555,15.364445537300623,4,1.5664352136863036,0
270.7654825244763,6.358339504671148,46.893507019850254,42.58430716471788,1,23.36655392935,0
37.90817914364186,16.474780605919474,27.051711236877285,2.3009823347827316,5,0.3527131018994978,1
85.78654185669792,1.591024680149653,56.62190522590237,53.919051619380774,1,21.98696120496883,0
101.75154921220224,12.115656212490794,14.326710986308433,8.398352299506497,6,23.359564759791674,0
100.25954368545572,13.054496637546862,39.33593394616792,7.680077330373116,0,10.114456666939596,0
58.73332345576742,8.138628138415246,60.9207638535217,7.216612241876427,7,5.380365130084232,0
223.18513169384107,12.854486207015604,33.20371947865615,17.362431146569914,3,21.40501411672457,1
296.1632090138215,16.57028470899188,8.36904458874994,17.873151500716716,6,14.365575030876665,0
187.43309161996856,2.395812502273711,93.64470306538257,78.23362280733068,3,17.623142200533536,0
266.85803442075667,10.542199221658684,65.71200802983986,25.3133173458251,5,6.581543681650964,0
162.30381996479883,15.754318481169488,11.758537784384304,10.302179694970249,4,1.7623685605163952,1
196.47460845093389,19.02793336130582,2.1219357124064864,10.325588424146684,2,14.625263163758909,0
288.62087344359105,19.206141884716185,21.65275346593858,15.027530004517411,6,15.3783572588635,0
150.2532151478011,9.897085798689105,38.86099071844088,15.181561340784024,2,23.834460290576104,0
36.78339217924048,19.503497557148922,7.046477055003275,1.8859895293886757,3,1.411635503865779,1
82.9146355176907,10.184645296927133,23.870205178557214,8.14114120819773,7,17.06519465584072,1
210.3315056472628,1.728181433702174,16.179109927570934,121.70684254874958,2,13.447370575249755,0
9.145661594543842,2.298430557796207,22.78502479367551,3.979089802614238,7,26.165802320034892,1
279.1163259232031,15.513026722479532,22.28075275250624,17.992383492690227,1,27.41334035544548,0
87.47548930018972,19.39350225624866,74.03730620832191,4.510556584590326,1,1.8135200534661478,1
152.65567434662205,19.46163905398134,60.108272557152844,7.843926913000306,2,10.029869579524682,0
70.52446844896227,7.734075691902936,10.226916120985397,9.118667990642594,6,5.3736572602727515,0
120.74378519842942,10.025910283735433,48.09512579662103,12.043174313489164,4,11.616970381713593,0
279.2520017726465,8.146740002863261,17.102513695873643,34.27776038937051,7,6.867953961885792,0
1.1991342343240508,2.2362356086930757,10.07613494247157,0.5362289329722557,6,13.35085566555031,1
299.3960360613899,0.4061595505697202,3.117825396021856,598.7920721227798,5,18.987602461230615,0
166.87534058000327,4.5723768965599,82.37157146572606,36.496409713196336,7,18.69342221360463,0
92.39559447391905,19.38845476804175,89.93666787466323,4.765495527070881,1,14.992645661977507,1
244.96232840535708,15.247946664397993,58.754452492720645,16.06526660913058,5,2.0665701804582737,0
288.1871525703563,14.042658784890891,92.23395976499908,20.52226412283331,3,14.788094078730023,0
21.488249004323478,16.611182047512262,27.856919459661412,1.2936014392510748,0,10.039986319939066,1
164.3023014267188,8.750088719839136,29.351816654423423,18.777215487449297,0,16.324426502304043,0
32.928371375999674,6.42185274208731,7.192213541518355,5.127550054238224,0,26.93239771490918,1
258.4608636466097,8.79415782113752,88.91898868182537,29.390064279421573,6,2.0250242482726897,0
266.4040269563183,17.67601057353962,47.26169051306825,15.07150190072391,5,15.693403241423889,0
236.52149360321872,12.13603368330897,48.87695488783651,19.489192249730934,2,29.286892419672995,0
23.716654890344845,10.143623072891252,68.19525641675808,2.3380851910524365,5,14.576551797614894,1
99.42008635146509,1.37732440636674,46.944620649844246,72.18349278637012,3,14.678743429684038,0
232.3375867558428,5.398821694256886,20.175069178589354,43.03486944252984,1,1.6337964188344045,0
83.83176906953419,19.193610292267756,96.55359248553914,4.36769152822209,6,9.865218097150741,1
45.907175082261276,6.815486557997385,31.673095019381805,6.735715006053848,5,16.707345669268896,1
245.01136183093524,7.273283154566579,9.46385163941067,33.68648746709431,6,25.868529517585777,1
124.39901807096147,15.795280218488104,48.050628890406784,7.875708208414977,4,29.294639735423146,0
173.63556988058602,14.13520227147978,90.76657324285162,12.283911227144294,2,2.9317507213274197,1
183.06970422539584,4.24548229988911,38.13425579632644,43.12106170603456,5,5.104154529527381,0
183.11084659906004,5.440737291808362,60.30833988987519,33.655520709436544,7,28.67732261770005,0
153.19777154402144,15.972428149410849,89.94076260676655,9.591388993017459,3,2.5122425095583045,0
151.43501462134398,10.681013996884799,54.973002281172,14.177962379368774,1,28.04063132812315,0
169.10295413781526,11.039926260245633,47.4003937816018,15.317398880348392,0,15.520156981844723,0
126.45977907282274,3.404327291685676,14.663920157889432,37.14677474803115,4,5.329476122796558,1
133.22694964821625,11.304164146187109,62.844771736156936,11.785652430848119,3,19.91080526240607,0
247.12283614576677,10.27767117234571,92.26602259569589,24.04463345847297,6,7.083165391994999,0
39.80638931295929,4.692699221208716,45.001933423387406,8.482621075106152,5,29.599263578652184,1
115.40953170247435,2.3453304929278707,18.08646452135534,49.20821694446954,2,25.67984182216067,1
140.97530477167126,8.954765368973925,91.63102534466577,15.743048417562816,1,25.085505207139562,0
262.0278881383448,3.5291214523828884,87.17776139171637,74.2473421994082,0,21.39592426757357,0
207.28747109930103,9.317341511407044,0.09906538929074227,22.24749096569262,0,24.35257731039005,0
278.60104841295606,18.775669468014865,15.34474018943106,14.838408232929567,6,6.0270461294317865,1
182.99090524626104,4.838459211980988,75.19347680364298,37.82007809286459,2,5.8975730947866,0
99.80579269568489,19.92463181186049,87.95555440253864,5.009166223903506,5,28.351865204235388,1
48.31748467922677,16.336064232767168,91.33541332202797,2.9577188232591975,6,14.901980756680546,1
259.19178228186024,13.686652165496806,91.36029229682563,18.937558955086658,5,2.021550232881019,1
56.424297967286286,5.194325854864445,13.282822145951556,10.862679690078622,5,24.687454861148964,1
48.81756304558935,16.93102158872707,24.23487394724546,2.8833205834485987,1,14.641076732922972,1
32.43034164556563,14.948429850711019,47.63725256871758,2.1694814752750164,6,4.379788021162297,1
212.27169613923354,17.676835640402004,62.57393674916604,12.008466925724388,4,29.330310146406962,0
85.34148178587606,5.516190631350684,13.68607189067841,15.471090012888025,7,9.01056379452382,0
227.6486880486096,5.615645631379924,8.261970969695742,40.538293010606125,1,8.368312457285013,0
104.28750085611037,8.001926204640462,95.02427175505757,13.032799627123799,0,28.483195007055457,0
11.218773000165328,15.072816466579205,17.38838205323361,0.7443050225577014,0,20.37071808924509,1
92.8798133835163,4.909211506707358,2.9454385660132143,18.91949720573588,1,27.59993971734334,0
272.9619696492735,13.934428357387652,26.01009123662179,19.589032477572466,2,2.5126989898621677,0
157.79399083195102,13.916212749013868,41.66220828661464,11.338860196940626,0,1.346845540085806,0
99.74588522007411,19.219923301174774,11.98776616521926,5.189712969040692,0,16.319829897163444,0
237.3182479587467,9.964941730842348,57.729514949440855,23.815317175837205,3,25.92980653017815,0
261.6942590536315,15.58285342593475,68.97004023375803,16.793731667788794,2,7.617192831016421,0
83.55338956851826,11.269421758152454,27.805924619249478,7.414168300877956,2,26.70296365353586,1
45.06990810067748,2.7464625623484107,34.010476339103334,16.410166560631968,4,20.480167712564025,1
73.52859524258031,14.746728595743367,2.9715523192306192,4.986095374658505,3,28.212103002413794,1
212.70653366397957,19.270444870348985,68.97140355377788,11.037966953802218,1,13.37091167170607,0
7.942122514262973,4.760084310234916,41.26785992195017,1.6684835806765406,6,2.781478531881274,1
210.47848475073027,11.17444164225746,98.45359273137117,18.835704860167798,2,8.901014245553476,0
295.41964824505465,9.302713298128044,82.72068069050717,31.756288598564144,4,19.471462998670685,0
265.4073829327074,5.478496287836856,75.10020242650003,48.4452975758977,7,18.92964269268303,1
258.76099565900256,15.04233930319839,94.86814579447581,17.20217782908163,5,15.453197080480962,0
85.56147831200825,3.705892745338022,24.05748095327279,23.087953211717682,2,26.45205430452048,1
124.40966855281945,6.0926435294097185,45.27783862611273,20.419653300292918,6,21.630778559902915,0
272.56995585473646,2.98148138557913,1.9548342000322294,91.42098192298182,4,27.46311899198148,0
79.08010015725334,0.19992518046434649,20.27696686459828,158.16020031450668,0,24.392516759040557,0
207.7286496040274,19.28044407699321,76.02604174187736,10.774059392745208,4,15.881680049797568,0
115.38115236628845,13.99733455095779,5.993288420641663,8.243080276908385,3,25.2415828646755,0
292.7441894892716,16.864473088411028,70.19207732652147,17.358632431299636,5,9.316507543260563,1
157.11976828544766,10.14546902060924,2.1207398322133364,15.486693416172152,7,22.08454701637993,0
59.20152186230878,0.24135480893343386,36.01979736265809,118.40304372461756,2,26.174278919173332,0
228.45708470541769,18.573219615278546,36.74128492776948,12.30034907450759,3,3.082038673009065,0
275.68954264897377,14.385579391325676,62.600228499999474,19.164298854393806,7,1.3903087701134742,0
99.8459771493781,16.60756743837969,81.99341279158845,6.012077176253787,6,20.812058827252066,0
201.86011915885564,8.249506387044436,5.57589887545652,24.46935727886337,3,24.938892355483627,0
227.24174253836213,13.571180902421325,59.2096671494633,16.74443397168322,3,3.581005554546348,0
290.0918790216962,9.084137692885825,50.70219382038972,31.933892773210545,2,29.111692903967114,0
129.51219776332488,9.064628482902329,69.20967098921159,14.287645434957467,2,15.43387213157928,0
92.72046569483301,8.084194493000565,95.29583302509114,11.469351185837004,2,8.92104118718153,1
76.76454441315286,1.976933066883031,39.68433562709155,38.830118074854774,6,11.330902236171168,0
238.77716298777554,1.1707406699087475,48.02755860128887,203.95393200646805,3,15.631175665288147,0
44.894920287684904,19.52042968184542,23.84254971829106,2.29989406070495,2,23.9197344640569,1
64.66144583018755,16.48925339908706,15.52442441482864,3.9214295678036932,5,20.641695664447173,1
182.95257681733239,13.892456444269172,18.549856131226207,13.169202836896625,2,27.825726828704912,0
231.3948634687695,15.72773239775374,29.817698140639205,14.71253818521338,2,11.48679011925506,0
98.32903065307097,12.756424386551327,93.05152589101297,7.708196879741316,6,8.402521125042625,1
79.08003705750808,13.362336190721146,14.060112092324395,5.918129579198998,0,28.311088596351915,0
244.00354042038944,12.483859354094536,49.86064133621183,19.545521420854488,1,17.72538020910113,0
93.03791957520424,15.846689260562037,44.15473572228746,5.87112664641879,7,10.15011193589357,1
149.19477919864417,4.544234934203713,49.24696841205333,32.83166063349398,2,6.198171611139526,1
132.9413008216422,18.182263789548678,44.51727666251934,7.311592349576294,0,12.794504237168908,0
153.85623690316737,15.082868389169384,4.854920396745721,10.200727934061106,4,2.3389371483592702,0
57.69458480321013,14.25948680032391,92.29141497985744,4.046049174918383,3,2.1988519788954672,1
213.57537429439253,0.42851703951739983,40.96942931403713,427.15074858878506,2,2.1786026752462884,0
229.09627879084294,12.412988400611953,41.1092105906623,18.45617440354239,7,7.879604007466558,0
8.264324504799248,16.86018750949401,40.27317978854682,0.49016800674046995,0,1.2813868202779577,1
143.3492276686064,11.738515885603153,37.77188494874998,12.21186980241845,1,0.11459255848631611,0
156.4282407786745,6.770959869601791,55.847681425334194,23.1028161134079,1,15.481409660555821,0
134.2997429455954,18.415404057655817,49.80593648293333,7.29279371362819,4,7.510160659866003,0
229.03821749655253,19.72231458196343,27.575326257241485,11.613151009466907,2,22.00430085813865,0
90.46837457912453,11.729344837861984,61.978984194006706,7.7129947008715485,0,3.931325625471783,1
193.0222524977001,0.16766999761011148,41.40957343597148,386.0445049954002,7,8.918627719196682,0
236.45499018533562,10.283652200729403,99.42698879584508,22.993289307135868,0,7.023604886631572,0
146.35180174447106,14.957418018338346,3.8545491443746305,9.784563188983443,2,25.979744666526354,0
123.37098708200107,19.240681816496625,71.9185007681146,6.41198624137243,3,9.416624645511744,0
204.16158531903233,13.42433306362804,7.241483764170109,15.208322406137912,7,19.518732867290854,0
99.76931512607679,11.248729081339492,98.60084832480072,8.869385546104406,7,2.471904232487657,1
224.94312805358612,13.96547170242335,39.23785796308723,16.10709132112974,3,28.21205111162356,0
225.16762782666189,19.15158430925817,24.4737119732674,11.757127984331428,5,3.989718923833009,0
152.25175758243273,5.348270984517825,95.88708191280509,28.46747257630945,1,21.63133243698515,0
295.27214896416007,11.24932819582094,3.7363576520833774,26.24798066375661,4,10.68583558624544,0
32.66956131086618,4.056003649753093,5.108349326998907,8.054618321868356,4,6.596368902446307,1
111.09483989071083,10.67314414837162,74.15917454056805,10.408820338818375,5,21.926172726032423,1
271.86089558827695,13.341033639960846,31.709916362830846,20.37779852184488,4,9.713083376043311,0
92.31646409631897,16.12530634809672,2.045628976150382,5.724943272610454,6,4.458741037932359,0
53.73639720752952,2.5503145157868023,16.036685281094655,21.07049811891582,6,19.595762547750375,1
220.4278713546273,0.6454542507956451,44.351684725144146,341.50812560752064,6,0.14986081571832677,0
85.92835643800059,11.63456944981041,93.47560634771348,7.3856069026603155,7,29.008834188051196,1
88.61433089692865,15.021066895760187,87.58374746204409,5.899336679070428,1,1.7012124568414821,1
16.761915886996604,15.615443724039107,28.98836627730086,1.0734191216860887,7,17.639083804456202,1
222.51658177894117,14.106494492416402,20.026801180477317,15.774052291911731,1,22.496799782275083,0
158.07980175582313,18.0172579245971,0.22270602019125452,8.77379912178607,4,24.92636927897548,0
214.78533280540978,3.297712289612582,67.4511981726563,65.1316166913527,3,1.1362384779990797,0
187.1443320624156,0.7579739730272816,53.24418787638076,246.90073633396347,4,2.8130232631078966,0
173.7216032998916,17.250410020699732,1.7712930369070068,10.070578211847332,7,4.092256735791978,0
256.3168512026964,10.20971222959706,66.10316058290843,25.105198407028197,1,28.2262400243191,0
260.9557173227006,16.161023304359198,20.438600650224004,16.14722733877326,2,3.7818991725778583,0
210.5421693422068,18.749921799615596,18.24091828682153,11.228962530740969,7,23.65127033184171,0
4.66360768334172,18.71244302008537,85.51199405595926,0.2492249503892113,1,24.62615614798383,1
170.4165324824472,4.943526621938035,65.74652635768193,34.47266405447979,0,2.123334389425935,0
138.2141482062314,3.986552031788262,39.90620355830241,34.6700976443125,1,21.873121328608708,0
51.973399873200044,13.903837913936359,87.88343118654008,3.7380614039743,5,25.87045348588671,1
211.3354523655157,0.9205119884854063,80.06860182492854,229.58468223020452,7,25.348417052801352,0
111.9625854226817,0.40412625886154574,73.93856618433561,223.9251708453634,1,27.14528503022444,0
211.75484966589067,5.437993520220226,35.861500913936005,38.93988635303028,2,2.824579060618617,0
9.800936607623278,14.04920648282517,42.619545281409074,0.6976149592224085,0,18.934372907308763,1
29.76663306649212,3.0938689829122357,18.564489229940683,9.621167939203751,5,18.720958331126816,1
237.9204536156321,0.31887963069124003,37.65054744994901,475.8409072312642,2,10.082004270159166,0
221.5557409579179,4.097064787001514,26.47526451496056,54.0766994119383,6,16.659350021071038,0
180.6365519404901,11.551920511702,88.5604658848536,15.63692822829821,2,2.032432517251107,0
16.112475586802177,0.5219378110703832,87.62544726217965,30.87048925188793,3,25.110466902743305,1
131.46541076732117,11.842538916508689,54.073697536077326,11.101117057260103,2,21.13208524082398,0
143.3305513625893,8.34757727943382,82.24600442253477,17.170317394451338,3,1.0082531586088683,0
78.33145128063983,17.992744450995357,10.436552607512606,4.353502129371183,3,0.40376590097731535,0
157.36356270783483,10.167771051818821,67.92043955701449,15.47670201323873,6,27.448842653447095,1
153.54631949622896,1.0107332385979606,87.91490007340916,151.91577127632692,0,18.09453703169726,0
85.97616198028415,7.667992480746446,26.851406268921853,11.21234302148334,2,19.90286732854764,1
88.70968576992885,4.838419930848619,89.99381658253952,18.33443294252674,4,12.528101016336539,0
293.4709974208006,13.874938704895087,33.2749615068893,21.151156315902416,1,23.593891774914812,1
149.95861135691408,0.941544789910238,89.35399236271209,159.26869646977744,5,18.928510630281906,0
267.5434053871517,6.740937784879348,73.95870397129812,39.689345002898634,1,16.598158724007906,0
2.229887377071471,0.37606891958228417,8.740825445618071,4.459774754142942,7,24.591713525346766,1
209.28550296081573,3.3813165860211125,20.73090065601203,61.89467848885682,1,11.266212361138003,0
223.76048523977008,11.982210165363636,74.47958345019018,18.6743916315692,3,3.895010911935546,0
139.30708458993854,12.54996743876321,52.41128707975017,11.10019490247117,5,7.213143183502819,0
132.08441121607356,19.583776684598764,85.43188442063794,6.744583199825215,1,11.791122665016545,0
19.798774659872652,5.11105400101169,41.428819076352255,3.873716586824098,0,12.007743011857713,1
9.162298625293896,7.894763617465346,88.82038017603153,1.1605538897991097,6,17.191141006430524,1
13.984525773773004,15.761110490978492,68.55640469687032,0.8872804858374422,3,29.226248765458156,0
2.6665646286693323,14.972850602898,27.009847955447373,0.17809331699023417,6,19.297674359095378,1
75.47940759681157,8.533294068439554,99.4383662321003,8.845283778039793,4,23.06603786935354,1
90.27521221539011,11.993380939075085,6.296409013688153,7.52708620479723,4,27.63473068349469,0
179.85593137520468,3.235348291822069,49.08776554211109,55.59090247866767,7,2.9218459253891647,1
297.3034504937588,7.726820551868112,53.670142076355845,38.47681572233223,2,6.311041129972682,0
223.01463514399867,0.20001952761389719,42.71722508782604,446.02927028799735,5,22.027434633271014,0
262.3143588306994,5.953419156964028,20.161870724234486,44.06112721357046,4,24.83166378469624,0
240.10307931716792,10.726699236432617,86.98810625751831,22.383687099352205,4,17.95469255085675,0
11.120332008488209,4.624291661750575,90.64947448478948,2.4047644097514578,6,13.479875918365057,1
269.2046069349235,13.358091926145354,75.23424484028656,20.152923667789572,7,13.300413005352748,0
159.18380185637307,10.538806322712746,10.011204439752797,15.104538121486067,6,24.001305374400385,0
188.41913648917895,17.50929895434435,11.152799936731238,10.761089691853655,3,26.456177935093578,0
102.86262423665148,4.398719215987401,26.410465971186714,23.38467612635771,1,4.008117244818848,1
213.500292968868,5.4860619283632595,78.2711853585098,38.91685798606448,5,26.40758130590889,0
89.64952781852037,0.04659988263318704,16.852538702241183,179.29905563704074,2,7.34335153403352,0
28.90224533140362,11.136646469244502,59.194510076005535,2.595237750540205,5,8.92732071771692,1
46.22279589415433,17.509326764894382,16.98237909376459,2.639895669023066,7,15.180900678057196,0
286.4930534944028,13.247335938589927,64.78117625888913,21.626465488796057,5,17.440176677899753,0
53.01316311271231,5.078837007933446,54.99076642026601,10.438051670077735,4,17.985754886150865,0
133.89794300663917,9.374016644392496,58.62611072055921,14.283945515152936,1,3.044176570500615,1
50.16237494451142,3.222893247983911,84.26712802959341,15.564392328505022,1,2.2396345650882554,1
273.57648982999285,6.277591609522107,13.507720069851292,43.579848267768945,6,24.215614157180436,0
95.74003391126857,5.953441270091393,75.05442396780772,16.081461052155277,6,19.815507239319686,1
275.8077644361229,12.685183064350072,99.31688707631994,21.74251353228334,6,3.81645791824294,0
90.18476399875408,17.041255894228797,2.888278476885453,5.29214305321805,5,23.208704370198493,0
295.1507962462223,13.284664401000033,75.21839324882748,22.21740702941688,7,6.5221034621397,0
187.11176350480204,3.185583982584941,3.018985564793164,58.73703676553844,3,3.573251571522593,0
63.667611131646254,12.796130941402293,93.92021104840983,4.975536075959308,5,21.31720166092446,1
204.2245062762767,13.923877069299621,27.852545976378494,14.66721555065764,1,17.976704399453936,0
287.0418181773579,11.752662629585743,93.84786501821301,24.423556365411944,4,11.525877430453244,1
123.14909103283026,15.793094838383436,6.393800754893785,7.797654119921416,2,19.69777515082308,0
50.225785481082276,3.387630267631785,82.56210663184483,14.82622999356833,3,21.640138927978295,0
187.0857879142676,3.9561970723156303,71.56379321834908,47.28929941924331,6,7.753222167166066,1
167.6096184173902,10.219429501877311,7.202952413081065,16.40107389425215,1,16.50426625514271,0
265.13018101389684,14.944077692761624,43.76804439772868,17.741488398599294,6,16.81076926659143,0
249.5802088978904,4.800398573151908,9.256588422635526,51.99155967876597,3,13.695134145914167,0
81.73433937050325,3.503812109434168,22.650523331978,23.327260942568795,6,26.629825166940506,0
259.798630955382,6.001121009414325,79.5179088372408,43.29168342844946,6,22.465335835781826,0
117.18775137754038,13.62714166463018,28.720193532973216,8.599584143291482,1,1.4626391586777232,0
195.98380265287193,14.532382358357577,99.48736901889774,13.486006479877789,0,22.71606553443275,0
104.23317711231212,9.300498109463023,78.85642004237613,11.207268243650034,2,22.80860823086169,0
11.384904808867235,4.83923428148016,50.15622681088726,2.35262525983449,4,5.187549002458569,1
224.91703543103145,5.458016075989736,93.36464067007714,41.20856961569976,2,1.8205602749024186,0
65.46953160312313,5.415928593875005,56.184207034620115,12.088329908404644,6,4.798977869281787,1
92.67793199082851,16.85863493585418,62.06902624596765,5.497356834848193,7,14.660188558209324,1
249.70314987238459,16.414814257405354,34.25956847571582,15.21206063965871,2,12.244311377340289,0
29.77706697996767,17.134116988561768,93.59669576420009,1.7378816194523454,7,2.064623933695785,1
75.03510809151064,3.950313323278123,4.844278609413532,18.994723190524947,3,26.837565431477856,1
143.9907973734022,3.6767798502003424,63.5471710845379,39.16220259027919,5,4.801433890204826,0
70.6559675905079,10.740941905243647,93.00999594943,6.578191020287912,6,14.760349661497097,1
95.8775954524855,17.342814314559178,80.96425617579985,5.528375828368115,1,1.4253191395447773,1
162.79905165142702,9.832266427311161,34.28725998401796,16.55763224633731,3,28.90501178155334,0
28.322979139292503,0.722862822142003,60.782685964549735,39.18167911217958,5,24.507863679911015,0
3.7060774022349863,5.2235296321344205,28.74733349635261,0.7094967700452427,5,27.6508157043666,1
273.81751497945515,1.1643428265419642,55.6774381448625,235.169151849098,1,6.500296787778367,0
272.37199662850793,19.826744300471603,56.65158499041942,13.73760575618203,2,3.552087074723167,0
84.32210806191136,4.729295119269155,61.29029673742632,17.82974120569201,4,18.17205809390915,0
113.6605515533463,4.041102550269051,79.91995867798231,28.12612403161581,6,9.848571342208968,0
148.97337786500702,12.773712143486584,72.38138667031996,11.662496867910846,3,22.139471274993777,0
184.42638579358555,4.818587118557263,95.53742377203004,38.27395484525448,4,21.535224176502304,0
70.90895421034098,5.038647593733801,82.84325173736177,14.07301322254116,7,21.570221989805322,1
272.2846797444044,12.782381317167616,53.05438825834244,21.30156134355868,5,9.371522673501726,0
31.005861422543113,1.0045608479348478,95.67453085873147,30.865090438557527,1,24.042648218206825,1
218.8943453563496,18.57867306537387,39.499486328368846,11.782022568894623,3,5.764855537275874,0
105.51678404871593,15.468095395496666,97.77952057773336,6.8215757241473804,1,14.165637248808187,1
296.1810698528959,11.978127263857816,31.000222608864636,24.7268260996506,2,18.81684756398777,0
211.20771389071717,11.274960267747797,8.339557268773913,18.732457487666736,6,12.504599630458731,0
138.5732587518532,3.422037094839976,70.19743080148517,40.49437656909247,1,25.06421718610046,0
98.18700587679187,14.848397155070765,54.25319262667977,6.612633326773642,7,3.894463602727072,1
151.20674482005126,11.968792569961549,42.83466160907494,12.63341677418151,5,21.859372648113133,0
137.0203884800459,8.948785722577686,96.64535395698162,15.311617992410413,2,1.5096521715530087,1
245.90477180081567,11.310158703882873,51.33935037740412,21.74193822022979,3,27.125321562406107,0
88.53412440588733,12.483254730320208,4.026102643118512,7.092230857938788,6,8.755234239867137,0
288.5506704123054,3.9109465832021373,90.67975291799003,73.78026374782416,4,13.481795880413038,0
157.91742582033817,12.374029357297378,86.69290225968342,12.762005104441505,1,28.86583070926465,0
110.66932242566394,9.911968895612237,0.7967924936646331,11.165220915357622,1,28.341114893818457,1
5.49602418644305,1.5896081527755301,59.39224484801865,3.457471060932051,3,11.457348223004269,1
284.40595120155365,6.144333901259262,53.19183790981384,46.28751558297727,3,24.322618660559886,0
150.62626774745308,8.105171645937059,54.23400875037731,18.583970127635563,6,27.04417520052406,0
81.28839587832628,6.816220001794521,37.11532903511861,11.925729488913989,5,11.202235189727634,1
274.1305922908893,13.31734818873511,5.512617428431166,20.584472854946537,3,11.534172328117345,0
179.24344386808076,19.41242880123167,44.2711861713903,9.233437284092355,5,15.595005389732147,0
299.3770742747232,15.847920302784708,6.095941513545167,18.890622148201892,7,2.0631511604528905,0
224.56277755945385,6.492131391576956,45.416500551423496,34.58999271807821,5,25.310264165515225,0
134.91572302302555,5.691459947132378,93.73407217719794,23.704941135710243,3,5.551354113769685,1
272.8545033304658,12.93860641039686,7.943972636507879,21.08839968354031,1,23.860056239315046,0
294.44617793494575,11.861853358123433,47.54549895610263,24.822948745467183,6,8.98909781902639,0
205.19881692882828,17.199921695116316,47.27405259628276,11.93021808855628,7,23.198633185128248,0
294.0700794052199,14.815476604407078,83.44680248184564,19.84884369617542,1,19.25775759149785,0
107.84447514301304,10.810469196618445,9.913971981285542,9.975929183235376,1,25.492907717109468,0
142.6898810956614,1.6072301803994327,32.54198234656393,88.7799910901373,6,29.80591810126183,0
111.13697183358936,6.555392302360752,96.95497291597667,16.953519592346336,6,25.2057896587953,0
77.51340590559052,8.720367986300406,48.35170830805852,8.888776944661412,6,14.078381732327063,1
56.38216322708175,9.177065355930754,70.69075959004125,6.143811887603515,7,15.710817505308249,0
120.2340641344407,0.24271141494584425,23.53824789155352,240.4681282688814,4,3.6331593757727454,0
245.6924138386176,11.618064028474448,42.827904640162316,21.14744876912846,4,14.798040929659713,0
282.94053619851286,2.863507887304233,21.694796147329686,98.80906473244572,1,4.200489326499174,0
1.3096610241940643,8.742813243417887,88.98216588526778,0.14979858172997754,5,1.5109883035937965,1
240.89817486787848,18.987296576618487,35.38496442821353,12.68733407601204,1,19.780948099229068,0
41.96493270228291,4.960754366777291,7.949008151712378,8.459385327224949,1,13.114504276424762,1
118.3197987731895,12.404712554700076,80.8890379875288,9.538294277392087,6,12.878766692668789,1
13.209402401916659,7.861977720843263,59.18201647144402,1.6801627873984664,1,11.499639021153568,1
179.63238605605542,14.052166019225593,4.606649688524211,12.783252475831114,4,25.3525465237009,0
100.21123057947938,7.875285702577443,75.0020389499106,12.724773978254781,1,12.401523307500197,0
195.7234828007748,13.11440455491965,38.24677248467619,14.924313336616752,7,21.485363949097113,0
14.238475173639287,12.5852470865986,65.25126371524446,1.1313623861069146,7,18.558905367162822,1
271.68332532043644,6.935687680502813,18.93473473816021,39.171793459526185,4,21.544209675675933,0
9.429011709779667,7.556976245626714,94.70104647473471,1.24772281972387,6,18.4784358669576,1
229.5976994191764,12.387844048865164,31.710003536717725,18.534112837835536,5,5.750517197487594,0
61.320804562851386,15.863298487494205,21.611735354962057,3.865577175591413,3,15.700348809062117,1
60.82971938764008,19.334479946083643,71.015873561867,3.1461782037722528,0,20.834507559040237,1
86.5492526221755,2.6647681855245398,71.29266804008853,32.47909258761243,1,0.8780523256305883,0
215.5353674544522,13.340853821058818,14.472968662280728,16.15603996156716,1,21.844356413912788,0
4.331297502878028,5.340303630578336,28.48323973428758,0.8110582847906279,5,18.02987286486188,0
76.76495551813389,0.01494007379563067,53.00318679570761,153.52991103626778,3,6.9833833081186025,0
180.16338851104976,12.12898966981254,22.865044000439116,14.85394854935467,4,10.892240489839082,0
206.3380657903805,2.3306473103243364,26.213357195785914,88.53251406866283,0,19.87954946751408,1
265.57262393277983,16.850824324101758,44.09805950089605,15.760215573129614,3,15.888773070795049,0
65.52789314178882,18.345522885884712,12.493515708047276,3.57187383261814,5,5.5812469447190445,1
253.00995634475606,18.28525007874365,77.13546067895201,13.83683325386272,0,12.675339840332445,0
244.63782638261515,17.788548990790403,94.35391938285845,13.752545331790161,3,6.3928018440239045,0
69.79111580291607,14.205853080192789,28.908286019497666,4.912842291761117,2,14.93200284130615,1
175.8940051390553,5.048293373635331,50.70195560039009,34.84227086675673,1,12.578159412653141,0
213.42000268559426,0.7405980185619199,21.93426808900312,288.17252725035564,0,15.299924175629764,0
275.6413487425164,13.657937026816878,10.885377804574038,20.181770365561384,2,14.915216672923812,0
75.65809880317452,9.236300862563345,34.41041743422934,8.191385266566249,0,22.84768560692281,1
179.69581090008288,0.09403363005038745,97.72900792557002,359.39162180016575,3,23.174458230771993,0
100.13620191275558,18.669436109770164,24.48935506333294,5.363643621799156,1,23.047197537914144,0
159.5145891591009,1.0588673848681007,97.09193465882599,150.64642790841182,0,7.339594328339371,0
254.4044308395014,6.988841981211449,2.13811683239038,36.401514231318025,1,5.124252244976718,1
115.34219811062417,16.410968841300505,48.38275497071262,7.028360069781459,2,20.52968872048631,0
246.1303860412804,7.530255110805715,89.42256067646989,32.68553089099065,5,2.162834409590694,0
237.24567394000132,6.563220055017885,1.3578453536635005,36.147755515010665,2,11.071145428357443,0
248.72062030443192,0.6465600577365493,98.62852430784044,384.6829344440836,0,19.175653499658353,0
161.803870036084,11.915238237937373,18.643761745986797,13.579574894349204,7,19.93422319324308,0
177.04174287830634,12.37302642045567,87.85587239985013,14.30868543088315,2,0.1026544386302064,0
50.13095256566275,14.574421350956797,39.24125468604377,3.4396530303669106,4,29.6365280476566,0
207.9071592113377,14.932141112454184,87.86664054212936,13.923466008363146,2,23.978550857874644,0
197.4524678471306,19.090224875383626,88.35913824217336,10.343119011748295,6,25.560899239867016,0
187.94847888075785,6.653582188041083,13.016831394657192,28.247712821308482,1,7.300662787333032,0
79.66368410481304,14.892382623899445,5.61827737251146,5.349290715709114,5,11.449187136868362,0
258.1986381273026,14.612032685942394,35.646195731901265,17.67027515451046,1,12.800066858377283,0
298.4133273481136,10.065331879410579,42.25206898229349,29.64763913632509,3,19.490402439101665,0
212.91579076734834,11.912035488730853,62.00227366807914,17.874005745598488,7,15.794560255355897,0
87.99106178588652,7.229350531287356,2.58063894068411,12.171364689687781,1,20.621471558560902,0
125.03225704826633,11.045963830908864,95.68087340594197,11.319270908564858,1,19.068908027461003,0
83.97391230886701,8.64794138216822,50.527108351319406,9.710277694760807,1,27.101367272525145,1
140.12838370307583,17.26889083145076,70.60334580512661,8.114498207833284,7,12.585862212800299,0
170.6421839098907,6.9983034401889865,9.98060196704097,24.38336453517405,4,22.953624449020143,1
127.70289462761566,3.2734049401277887,45.65838789330541,39.01225084075004,0,5.0894573766926925,0
138.04570594979427,1.3982079260210223,23.627397841537746,98.73045587907698,1,4.864648828679784,0
120.3536450816805,3.376827610299833,71.00000083864315,35.641039155976976,7,16.195377005487753,0
260.67999048598165,1.645818730164612,51.694767035267866,158.38924767851492,7,23.586894600173604,0
50.97706320078637,5.04132606534143,49.378751968971535,10.111836159785051,7,2.170065632468531,1
216.127259946013,1.5425696975759418,22.83001115999105,140.10858652652414,7,21.48274222472328,0
296.0546977900022,17.41712437989739,56.34580618756486,16.99790914576602,7,16.780870473171497,1
221.02963790377,14.432623959054919,29.606365244669007,15.314584411734616,7,18.131847650436335,0
231.4438009694492,6.993037350956914,29.874241690503222,33.09631986132304,0,22.52359817197837,0
16.68036708320033,1.4630331802600427,80.23278517551188,11.401222684666335,0,11.577202941720866,1
82.87418472494063,9.608707261222008,38.96612447798229,8.624904731919258,7,25.06070839058411,1
34.04946803631488,7.958338220304128,48.43890784128978,4.278464560534055,0,12.45306125635093,1
266.12839210875177,8.750465330291439,5.288755947761514,30.413055999147446,3,9.337472550339246,0
299.65169450091037,19.92578691098228,8.464139004301208,15.038386982636787,5,24.226611877989114,0
238.0332943958818,17.051512063939477,61.37433122296249,13.959659032190723,7,12.901752062833276,1
34.68480539484718,4.64660509488472,99.21014089844164,7.464547704523123,0,3.3067772639008943,1
207.5458628699828,8.962537963004966,36.763972350046714,23.157041423609957,4,24.385557108857565,1
168.89478549327703,16.292524172798966,61.062881804113836,10.36639772339597,3,7.306946935503441,0
168.6480553719372,19.535874637782765,80.73275549438104,8.632736363170991,7,3.074012595056266,0
120.72199382137536,17.627312046094556,34.81201360556816,6.848576431034594,7,11.385132961621467,0
78.72910440444537,5.485731930183597,80.7673355819008,14.351613495960684,2,23.968928496005184,1
65.20122549891958,12.114968291862372,27.52738022190142,5.381873392331969,4,1.0383941955249143,1
171.37170872064206,16.513485858399083,87.01509048534713,10.377682228339394,6,13.86006870551411,0
114.80803557476386,12.007194047380798,17.975467928762324,9.561604078498892,5,2.0157063287089994,0
254.63771062651324,19.72172292097554,64.34568680880551,12.91153473998394,0,7.6656183630982175,0
39.267822838921084,16.95485540389733,6.3211358701559135,2.3160222781902804,1,1.1485313278440124,1
28.246717553593236,0.7132775655484469,14.057535481672566,39.60129817327709,3,5.50431738434324,1
263.8751387171708,14.334258978853452,52.82171592774646,18.40870456620404,2,18.96007408542851,0
258.2265082031627,7.182716338901769,80.34714464454447,35.95109371152548,4,18.285412892243322,0
71.90339557311935,18.75098096297065,0.5321723126061051,3.8346471427342306,7,15.230386760704288,1
132.2567436011873,5.819884500197521,60.25139194049704,22.724977376561107,3,13.345036515250278,0
36.63065629227732,13.245128754730953,12.56800591167433,2.765594579757741,1,3.3020201566889473,1
167.64325274252778,7.942083546670771,49.77595342964574,21.10822075307957,4,16.54466942125679,0
243.66527735941344,17.80787094113346,6.781494569051604,13.683010067002671,3,19.97346012699968,0
258.0678796590764,3.9810944562958372,18.017044527141344,64.82335008428629,6,14.333456480032002,0
269.7136012440809,8.832912585025374,25.00323522424922,30.535069678073363,1,29.859918446635998,0
55.742168623126,15.056752611483514,12.94969249282828,3.702137510090486,5,29.349597944719783,1
228.79873887984542,17.993548890622883,76.3618842489544,12.715598255276984,1,12.062801164605588,0
2.5162338995476263,17.92616478853445,15.983045293582588,0.14036654963458808,4,12.101200884154345,1
9.931786340538196,5.528174919848867,71.23318604973412,1.7965759919929807,0,4.832443839951642,1
8.530513772571545,15.841012239375754,47.79474313968011,0.538508123323545,7,5.427113183713353,1
253.97664403485783,12.514262681897247,96.94593757203347,20.294974661372,6,18.267008029639168,0
6.446978281335403,6.474082474048397,13.47563595364143,0.9958134310426778,7,29.585287259642943,1
194.2764334334046,5.775398051636387,65.04736830458559,33.63862225537144,0,1.129196891485631,0
123.10720173453979,11.637904175612633,16.755579372035555,10.578124710161509,4,13.203232066295918,0
295.1697493545837,8.299632399181725,91.32089882820922,35.56419551589839,4,21.439693933460962,0
96.48368941172596,1.5302861453130179,30.1718123893316,63.04944320853821,1,3.092038464117767,0
44.79119117585098,5.315788604900793,84.29158570886673,8.426067043854335,2,27.843551042304288,1
256.4408417379679,15.02865835284477,60.41871887579011,17.063455414130583,1,13.478003369875992,0
104.68662754549636,4.427724622289766,29.59985942385298,23.64343686111139,7,24.905752170268673,0
296.48155060880345,11.930496382268561,7.809607138085816,24.850730523622023,6,8.52471086497151,0
170.04762595277387,2.1329444537378994,3.901378100306685,79.72435740404408,3,24.21681896548842,0
44.11080415631638,13.873684145433796,29.397047499673647,3.1794585846063415,6,6.942408144104245,1
31.05141684033137,11.862116096504769,59.869140788214025,2.617696251470749,6,4.960828942431713,1
3.2232659408991005,2.346193800039118,2.7182575849693302,1.3738276611443432,7,17.277668698673374,1
15.233011825753351,12.013220234606063,70.58437145012363,1.2680206912274985,4,20.743680544942002,1
123.41314440312098,18.642228381293677,13.259821295024544,6.620085425353894,1,20.779948526652035,0
49.96397135332988,17.879832693313094,39.2014774345247,2.7944317047226055,7,13.72430317964047,1
253.23622011202298,17.266169511281284,3.7135846860934185,14.666612646572522,0,0.09013954550080472,0
62.867490386024436,10.515755190328077,61.01856545880835,5.978409467334039,5,13.448125513356771,1
157.3998802391781,3.200209126069713,71.69341482426995,49.18424829082539,3,26.85448256945025,0
175.08396563579623,11.615580905970566,2.766609540381759,15.07319927028365,2,2.5187796107605642,0
228.67636450491162,7.009417674249139,84.61160517327806,32.62416011318769,2,25.26488269499145,0
202.46429879078644,16.35098136204286,46.57108315618167,12.38239432287451,1,0.4256763976531308,0
264.9624447995899,12.168592032299788,60.93350667147388,21.774289424469565,7,25.698032762808317,0
221.68647217169263,14.780200501900842,27.31400049847347,14.99888124949199,1,25.199155333336687,0
110.24716571367215,18.50261356885388,0.6498449459635958,5.958464478729383,3,27.43320237674835,0
85.60472957691104,6.3901517433527015,55.73488878182352,13.396353172044874,2,24.03031377637608,1
67.01570475675597,13.981835721126677,77.75819836514977,4.793054795765813,1,10.782657953288803,1
146.47438546439,15.2994377386972,64.62082676848391,9.573841076127206,0,19.764744546185025,0
116.81055429455121,13.967873491718123,40.7435239741235,8.362801564877495,5,5.883667278527781,1
105.59202942191814,5.8157841124222465,70.89308037293037,18.156112293848466,1,23.985403675014062,0
53.066417778642005,3.711604189872062,45.11020850088965,14.297434495694755,7,10.425880700887596,0
5.4534824058557145,1.8876022969213224,8.173159251286355,2.889105620792229,0,5.697105763708899,0
43.811998008334754,11.42564372806261,26.749207866498693,3.8345321323758568,3,6.849298421449687,1
91.24120111146406,3.819722676621946,61.24321012520144,23.886865313519355,3,14.960135613853941,0
215.23062365542356,17.646330194753222,27.73620206602012,12.1969056047369,6,29.952416609104276,0
58.30626215057533,3.1442998778636544,46.13561024605403,18.54348007995682,1,15.520158618752562,1
64.81807915199157,13.252355836595278,38.48419366444673,4.891060876361457,6,18.291443313747767,1
51.046505330108104,18.400968634737715,97.47353096091679,2.774120555465841,5,9.645051568040365,1
169.82725976011392,3.4129497305732093,36.48187088304282,49.75967217999171,5,3.890483932031702,0
37.22000657419059,17.53612403791219,92.8048889145839,2.122476237834704,7,18.313730612688857,1
107.23117147150948,13.727217937259349,50.086516318627126,7.811573471158737,6,8.01348759864932,1
111.5202714407293,5.7919160557295495,33.225764822812934,19.254469568910597,5,9.004383524365464,0
63.75196073029213,5.440465422423511,45.59896568900855,11.718107878699314,1,17.05941948706264,1
25.660248558702424,4.175570975093892,67.61903318765371,6.145326881463301,6,1.2724892072865301,1
211.99238083760991,2.3689167783891563,0.8228267716556603,89.48916347401743,1,27.542744374834246,0
72.06127873149312,7.9523571017849655,93.62079225591253,9.061625101734734,0,11.222327425647148,1
116.68438891869292,18.65970812294037,59.14634955919762,6.253280498811252,7,5.069160452012661,1
183.59907476428086,18.533947816149738,92.78685708534394,9.906096455300258,6,0.39992529439929037,0
279.7612003966759,6.9923176687325235,71.95055993853339,40.00979555715571,3,20.628165460848873,0
0.24573347116018107,2.38818270945492,22.761203230761495,0.10289559093921562,3,25.89394937031066,1
54.39522469789336,1.6370016038906954,88.53237978769475,33.22857141288751,4,0.8934810233847956,1
279.60496990604037,1.9915760570687024,45.05172446052572,140.3938197156158,6,18.78455570471332,0
297.8989094728146,16.61562411238423,61.99276227751549,17.928842603678046,3,7.935477215140116,0
203.81194396157508,8.4648740775656,60.87117945607973,24.077374582775725,7,10.800252514533016,0
172.4916634820458,7.004671213243741,0.018468017286454863,24.6252333950972,0,14.836367454045492,0
12.614582572003973,6.046302038656974,88.65206975730469,2.0863302050332186,7,0.5876801674270293,1
251.7571961829195,17.943230368858305,9.526073661059353,14.030762076145509,7,11.585705785403894,0
234.2037838575964,9.568461372753225,54.33014972868789,24.476639945948456,4,15.463019394113624,0
165.37132580409371,6.434898084068632,63.61917959837417,25.69913674522929,5,12.64407985044849,0
166.05880940358264,6.105952575851443,54.38473692911822,27.196216698493863,1,19.496590164530563,0
101.9141611774696,17.884432958487757,70.18619194688294,5.698484341886962,0,17.58552641368097,1
185.79050093165657,10.828677303581308,17.09860435450693,17.15726636993893,5,3.5774307719301692,0
265.1955830837519,14.365259030147406,34.933641415118984,18.460898096386824,2,20.353463105236717,0
75.35168045535993,3.1521664732367105,65.1430487879948,23.904727461296563,7,5.949263529267579,1
233.94178220279974,14.95790028210653,13.449818747091392,15.640014827659593,3,20.786822872091523,0
78.58464609664128,7.100139880475542,15.111029497839946,11.068041956854794,1,12.798113551042068,0
4.461928914689484,11.547590901835347,46.85193395652869,0.38639478594451376,7,1.8023077290041034,1
54.48439127443541,6.0052616857432835,35.56829577175099,9.07277553012942,0,27.590953400837314,1
12.328374551064226,6.153969495092905,49.51181393171247,2.0033207120858676,3,18.309728423419827,1
281.735668886708,16.54169287557024,92.30124053293316,17.03185224184594,2,4.9932895356378015,0
53.84624244774825,5.356415454970637,33.976485506036184,10.052663558384014,6,12.833962390129887,1
262.501783978832,6.3591629600136805,4.6963659466267345,41.27929817641712,6,5.197437616636682,0
239.7333828947086,11.798607733864383,40.90415877220526,20.318785767122797,6,1.4938233926986821,0
263.0311873146625,4.536772681641543,58.74928024243942,57.977599005355,6,27.114858011390755,0
152.48793196225574,10.739525874146889,28.23070916597692,14.19875828311358,1,7.5113339152213925,0
277.0431882216535,4.416132019280212,82.59367967759047,62.73435373130193,7,5.593692865016617,0
77.65025367096108,6.959346936800617,74.54441955370716,11.157692578933105,0,14.834278161021638,1
165.03375385955337,16.964016632429203,23.01302849282405,9.728459800261406,0,10.465089841599523,0
12.702375866849092,8.224584597818414,44.71242024923725,1.5444398091811737,7,12.258843418585391,1
276.5262774469932,10.643384050858067,9.174658880929332,25.98104852043742,5,26.531349214190723,0
103.77148888038568,10.593439740131013,14.559091401893143,9.795825664375025,4,17.208561769442035,0
23.513435657604585,2.629777004912548,21.374948081527457,8.941227949624768,6,13.05295125456088,1
12.30881345743694,17.009483395291763,50.290698628759436,0.7236441678672045,7,20.70819595199181,0
114.56592783500106,12.099327203981165,72.01223564412533,9.46878499139227,2,28.931929212579128,1
288.8500168268449,4.167226711904412,14.987143284542547,69.31468739190366,1,29.993718119027932,0
86.16509437642708,12.073910930516172,14.894662552124306,7.136469274313541,0,16.837249797366933,0
241.3061915549618,1.7105472280974787,75.95333571860746,141.06958731759175,7,9.689347103645249,0
206.81334116372514,15.982754890487199,41.05986809720121,12.939780568543831,5,6.377694137286217,0
235.83339788574955,8.259540730764275,79.79205195292167,28.552846407953645,2,3.0491407818218343,0
100.90374211529365,11.748796800215883,3.1472574749124793,8.588431975727042,2,26.387492289939125,0
288.7563851547116,8.239770862812716,6.484748102683502,35.04422513226808,4,2.1052673308434535,0
233.6752530708734,6.146495154182312,48.30010724319761,38.017642121115436,0,9.351566415370176,0
51.242360051239885,5.956936183984194,24.34072434400728,8.602133457298063,6,12.257710695756431,1
183.61247644753976,1.2873067992090736,95.4091484849453,142.63303554393715,1,28.79634205362964,0
157.5087378528466,18.867885293473524,88.15316008358879,8.347980465374649,5,24.13300851251222,0
106.4142074806345,15.06167815813458,29.27020857093182,7.065229144015524,0,5.978391913103572,1
11.2868471818516,2.3720939973516697,55.154230532484014,4.758178720764366,0,9.33747900340154,1
62.528309397287686,8.259623724151343,29.317724153284995,7.570358104141399,0,27.231877953883522,1
292.92005259864175,2.9776454771074046,88.26624978653307,98.37304502858251,7,13.940833806812128,0
58.545487282349285,16.503450938773504,33.89248175446987,3.547469405007983,7,3.081493425440973,0
112.78645760337007,18.459982915819197,64.6640598154444,6.109781255903451,5,28.014957516365413,0
158.01701745133104,17.57169645689587,69.3912544989237,8.992701293182112,5,23.776581470643745,0
144.9901151801783,2.5714475876329335,76.94194112389584,56.38462781722277,5,5.800145312797805,0
96.96388166043576,15.45052955209309,36.36917012197177,6.275764292318383,6,16.792371413810073,1
122.98037688391243,4.093586390509813,74.76995000815766,30.04220875099121,0,29.8056408817001,0
271.0366781686084,11.613010786764715,40.28583494061735,23.33905333813238,4,2.2683997468867623,0
197.5013216720473,8.570366386568132,60.999824129619775,23.044676594174593,2,21.569393582235016,0
69.79565968368891,13.142123014605636,59.82738218108521,5.310835974227358,0,3.0939080809881405,1
293.89730163368864,13.678800681363832,61.19756834680634,21.485604511665848,7,29.147584902754247,0
282.8314056206633,8.847590309518713,95.49752382633957,31.967054952395127,6,17.735775902225306,0
225.43418909273365,8.726746823866169,60.39026256598975,25.83255749739519,5,0.06768124825583643,1
295.1841192305109,19.368713319335853,81.88718397725924,15.240254443532269,2,18.71262097109674,0
219.87248289078408,3.8106441540193825,36.75635186237767,57.699557871040646,6,5.222130576279367,0
238.86640029327958,18.63050154198609,81.93828273713436,12.821254422752133,7,25.78999144638965,0
155.90670495799722,13.125792355072614,37.546945599728076,11.877889024942961,7,11.663059876836982,0
216.31260400488011,0.4837001653018502,71.3437209656388,432.62520800976023,7,24.90972375774514,0
140.81636142347074,1.3518986465924732,49.408428847297294,104.16192203343445,3,21.26820292897953,0
242.02016695723646,6.7319179650577565,52.69710665813761,35.951146198371724,6,6.279698937703398,0
247.73932573480073,18.538249407746168,82.68429128254427,13.363685010693803,2,2.680232283350239,0
144.9592039057239,9.26361382687058,3.501321925592471,15.64823476182122,6,27.13177980156187,0
49.75291497256824,16.135722729488275,86.88220978385836,3.0834017048175997,7,15.906415203444382,1
179.9083930613393,14.313202571188539,77.47654484141067,12.569401723097396,2,6.988692787437571,0
71.64289328466116,19.423660238715254,6.897912535366613,3.6884342293973247,1,15.529031455451008,1
14.541833483341815,12.928110237979428,55.33972071812565,1.1248228252743149,3,29.74745221009529,1
134.63651152160523,18.10415694096775,19.186154957166668,7.43677333115343,5,18.10637262434261,0
14.111464134245754,18.76895246449386,2.435987351016422,0.7518514504707227,2,9.957950673265225,0
42.769478254454555,0.07792247723406254,23.40482766476302,85.53895650890911,3,19.6070947965797,1
69.84773827164446,3.5824795342089533,18.671014231271688,19.49703762566435,5,8.002674256361152,0
103.77282319448472,6.841806607610936,23.420418885724615,15.167459290510514,1,25.45683116554674,0
160.48482823754594,10.909901595512036,50.578258431772404,14.710016110829448,0,3.4879626897845153,0
91.273706352531,4.335215013247391,88.79757254117887,21.054020636489806,0,7.759676229067507,0
141.67006353525548,12.303541387278496,96.1476341646526,11.514576094468069,0,11.840087812025665,1
87.77472054876691,18.813997776336258,31.61912216861239,4.665394436219589,0,16.661615956565903,1
35.34417485556885,19.34871895586614,5.313700442815961,1.826693278050494,5,1.8874641693176175,1
131.5172329193377,6.918625531243814,94.29559001565386,19.009156128687575,2,16.735366214431128,0
239.2373826784807,17.765796893489856,12.030114369727041,13.466177966165281,1,11.547148888998278,0
93.11549567179338,4.694963480986263,40.42337967214464,19.83306069342051,7,24.233135380004885,0
76.6947209797498,11.960230730233523,9.490917548316025,6.412478380193619,6,25.487799876667015,0
195.4971381157705,2.9843569623619826,25.50791897208552,65.5072903748898,5,24.461429492796903,0
227.35581944971145,5.972451558568565,17.627865867079386,38.06741958811341,3,16.15579878683561,0
260.5839016889525,10.280690195315188,19.707411548601993,25.346926785878452,0,25.845570195248975,0
282.3411136402878,1.6885837840145568,89.92278012697182,167.2058658345222,7,10.675308855838844,0
275.4012472065163,7.685065031672867,9.55262335864896,35.83590328403085,4,6.5516359972758655,0
255.66963332368178,10.408459082257496,34.90737681476085,24.563639180702765,0,0.3379121112141137,0
32.19444954856678,2.2590794788753454,74.55712092813084,14.251136292289454,5,22.13979503464034,1
246.16422559873735,5.5793817853551015,36.43435946486715,44.12034075977293,7,3.1174122918360214,0
214.69284950608485,13.491179669690446,5.306887556993245,15.913571293429447,7,3.6680401137653487,0
40.290459142299305,12.787414091703972,88.86071123440625,3.1507902108557153,1,0.4771886045345075,1
192.51050164236477,5.048014646833197,26.352670749608087,38.13588412686829,4,3.459256589661164,0
76.12576940197594,4.044859925176749,66.19788450618418,18.820372228007244,1,23.917170526464748,1
45.54008549417106,16.976068142149593,31.12893647787055,2.6826050127061136,1,5.905520090246865,1
75.84554212159269,19.18396773401238,94.24077399720724,3.9535899545494795,3,24.357700202929674,1
127.7217893239132,12.467854504796694,39.095913065972624,10.244087246508647,5,16.41866020852434,0
88.8045143235368,15.38275698027296,67.52964178034742,5.772990786854451,5,14.94939450304168,1
27.27658876708815,6.442049644849512,81.50391382050516,4.234147557198053,3,4.287666784386462,1
79.01920183667016,1.3215266913218437,1.306992876080959,59.79387503526849,1,19.238929076282115,0
191.15925330416616,12.418145735492736,50.37463608082725,15.393542431846907,4,2.886891222010509,0
126.8388857618182,4.9755760729761445,3.1431691612513024,25.492301575031377,6,14.602191718218592,0
240.53012858228848,12.988353113575911,23.649934110974968,18.518908939338694,1,0.5414200865713759,0
285.5863630425011,19.869273837038815,83.19530990576742,14.373266249425399,5,17.93161732505222,1
155.87463749405856,0.8248420959616287,32.86000774018877,188.975124156745,3,4.923130867878594,0
135.29699125966903,4.3220868369923515,82.0242113931847,31.303626318118894,6,14.691404292869892,0
36.658824614417526,10.033093422249262,44.98665234533634,3.6537908172093143,3,18.586215035660707,1
40.56073866039331,6.224312623457092,45.77371704904423,6.51650087554008,5,10.59565372812592,1
39.24872058754929,14.37998616574325,92.07908149753997,2.729399050539397,0,13.792493202782815,1
247.0739736610919,16.06277156795338,55.216792345436815,15.381777211725147,0,21.682131851549375,0
288.82446451539414,14.269658873863316,70.92408529105097,20.240460340955497,6,18.747586156249238,0
143.02072627567347,8.260120543579486,28.20043010064327,17.314605219271545,6,6.456401884717557,0
154.30405415909004,3.4771487679531576,82.38409991686711,44.37660406745322,2,4.96375221791364,0
88.33356113545531,19.76913245472656,16.93295100844302,4.468256831084959,7,3.52246385779495,1
214.5330229497421,0.6867658706189861,59.82114225657135,312.38160212647466,0,2.411080758683788,0
35.6847573988406,13.522583510879882,6.7678406380141105,2.6389008705422063,5,8.800940546811491,1
107.78096722563643,18.728017355769627,19.981476469063974,5.755065535136951,7,13.023945858666995,0
272.70200327341564,2.3653736163849137,73.83463497075091,115.2891878832216,0,14.33190395666289,0
35.591861935045756,3.76143667873325,63.49473114011703,9.462305224032677,1,10.693547788467582,1
148.3794958669309,8.846557303659662,90.14426050641735,16.772569348027506,5,11.210797043459888,0
164.7966826571239,17.330717865442388,44.554719406261626,9.508935748456793,6,4.226479066178045,1
221.51898197681078,9.28632682732021,23.091830462782582,23.854316792416334,4,7.75084671640712,0
283.4549021364405,15.996261408133616,96.73732745901185,17.720071890817703,5,1.3072479072641363,0
67.20553236930843,17.533013913628807,48.94888875733518,3.8330849847251907,1,5.638166720843902,0
8.99462938904878,13.627400909899944,89.16008788885044,0.6600399774335854,3,16.745410402825275,1
179.43508417745343,14.843604159171184,2.5170641109605763,12.088377071588015,7,18.569883445064452,0
31.969918796410656,16.254623615402817,44.49803263603685,1.966819998595113,2,7.638881505386337,1
197.54793955565415,13.673222671262653,60.27418926125003,14.447796565973103,1,16.887920763906514,0
270.6613913071457,13.022530962926702,22.45311366425301,20.784085065927684,6,15.059952186586678,0
54.69935741158043,6.444125103771041,29.157136197850708,8.488251939673065,6,18.617439712481698,1
93.81582986866059,13.023083558001629,18.001843578886657,7.2038107911100955,6,14.138299753835108,0
225.04322968763685,7.356774407527073,91.72978363106434,30.58993211173965,3,13.712276717870637,0
42.459874471183944,7.125579245737621,35.79148525456065,5.9587961914229775,0,7.277983712784735,0
289.743256082124,10.743663103437264,30.347628245755807,26.96875854096963,0,2.7347726447651333,0
245.4234999363879,0.3184975109519783,35.828016644958225,490.8469998727758,3,5.8736067455695,1
217.7177267683174,15.360322116772526,8.532597133030128,14.174033924105213,7,26.190422487135695,0
84.82536174646397,19.24379838471999,12.658742082055085,4.407932366087207,0,22.71099580074823,0
10.141812926858517,3.6417391101157093,98.45649038488466,2.784881788672742,7,12.763436074985165,1
242.1129095147515,5.534720348979292,51.40748999370648,43.744379887125056,0,2.5712999506238923,0
41.45842883603543,16.451845384975986,54.03544304899779,2.519986534391804,7,27.691208177831328,1
130.48541797347443,19.74750980786179,76.23050797923692,6.607689741292148,2,19.892435282002292,0
220.4595790692879,15.206668440402108,18.785681371007858,14.497559405159118,2,22.67930941035498,1
277.7376287354606,7.127004157950834,25.70884628490051,38.9697582013641,5,28.97281340731634,0
256.01222523019993,4.116227179180248,48.05984272614013,62.19584441915694,2,27.125462916333543,0
103.9293285981084,11.05516956488561,28.01128387554187,9.40097101072224,4,21.93591162720116,0
299.10538625312284,0.9305952521328198,22.241728086554303,321.4129725760011,4,8.01500197670533,0
147.10561696376908,2.7011911280651035,25.981581294175548,54.45953654865683,6,16.08157375945437,0
111.5398995225655,16.502972567718196,94.92989429144018,6.758776278932379,6,18.70355662603354,1
235.71288040885221,4.55559481408301,2.9824994038371244,51.74140590383005,3,0.24730013663838535,0
245.4583940321991,4.171912295611346,9.275212065718975,58.835943001584596,7,7.694864469358582,0
7.089747371103683,15.612286368088688,20.926889237868895,0.454113331253969,1,21.117240745437194,0
96.92175770727364,17.069615046747344,75.62475572980296,5.678028323535176,7,11.696413752891413,1
289.8779324034264,13.418665027210563,11.596866913547576,21.60259100406842,2,1.2298491154363078,0
219.1494806123412,17.667611311699908,2.38527554492316,12.404024332775267,1,27.0679750141931,0
71.73586385931661,8.39644955789426,53.272925083760335,8.543594928391043,3,28.80527101322026,1
112.23186481959834,10.058896642248412,98.86422421483866,11.157472714076098,2,24.70293412341756,1
4.3047206360184775,11.284322574784305,33.831600683172304,0.38147798483160256,0,20.985459452302507,1
238.13835504213822,9.05291025593736,9.794742587975191,26.305171299577935,2,11.77740592440929,0
163.904102821664,11.97743844181933,77.4933810430315,13.684403690975476,5,15.801399629950616,0
61.55597699887642,2.373493116610439,58.288063771032014,25.934761119840058,0,20.90200872115836,0
184.77113361591583,12.528714665409117,31.985591794583545,14.747812409365158,0,6.977830390014588,0
94.73337835508315,16.209941182044766,29.67027067311676,5.844153121296719,3,13.04904344119801,1
101.7156116074698,10.924513084815981,97.16891401897365,9.31076843588065,1,16.756379072293623,0
256.5102437742002,9.98902338013663,5.901026647593333,25.67921147169161,4,27.140195416667645,0
258.0001072921973,17.33469449511228,94.90895689523435,14.883452798371696,6,23.780272707015428,0
217.34738188382346,17.35814764558524,0.36450549279989364,12.521346535446838,0,23.769780251998387,1
139.5897046001588,15.79903450314526,81.18387712465817,8.835331334479292,2,4.064132119073184,1
62.871197025212055,9.658753458214818,95.1796055275393,6.5092454525526575,7,12.984071853728366,1
22.753137760214216,1.4835666864992625,32.78079679022119,15.336781263203113,1,2.985881946533685,1
172.64717521617325,4.528462577157731,64.6430229193906,38.124898301474865,4,18.708502407967977,0
95.93314050589073,13.604098657704649,80.52538940552556,7.051782181214867,6,8.983977711581096,1
269.6321656212186,7.586158211640292,32.165118776914206,35.54264992885223,4,1.9325599588152065,0
144.0422059610676,12.541174963242556,0.48205309794433493,11.485543131584306,6,6.305937936750135,0
131.7601601895145,1.8018858520140557,12.74711394269561,73.12347785085261,0,4.135800261044116,0
4.604827277276769,19.14975808034747,85.66223491274702,0.24046399217974948,3,7.093316565857206,1
17.79547677630484,19.088918137936723,18.35648783357361,0.9322412432027074,2,27.4161010379758,1
218.7310965597493,5.44135265460044,72.51646401255513,40.197926957522434,6,24.844106168002426,0
190.32338332996238,2.7649327381108857,86.4150225318296,68.83472451485349,1,19.700192813313365,0
198.59417367971088,3.9582183990519115,52.45964241288471,50.17261647999993,0,17.59577466721762,1
157.997905309225,12.88456563970226,20.59920095179941,12.262571337474753,1,21.139025607446285,0
201.4458177329517,14.748184729435323,48.26904474296387,13.659024580217922,1,22.809151571860504,0
219.4614166800477,7.9812222437489595,68.6147943586702,27.497219094723736,6,6.583769346212385,0
120.23508421693893,7.679746208757199,98.21215327874563,15.656127292310144,2,1.7101641866764594,0
25.5830381461152,14.875693312860168,95.44877681471188,1.7197879526057747,4,19.323297791150537,1
238.51259523179243,5.308533669045731,91.77254662926761,44.93003343325648,3,16.17869370949969,0
145.15921632796147,3.216157978609604,16.99195728224616,45.134355119805434,5,10.312433703827677,0
205.29115342917535,10.901044481018056,77.32900828663664,18.832246193165066,2,12.044937817011194,0
169.7545675271476,15.662946590426516,84.38451604736922,10.837971421731384,3,0.2546457743021513,0
208.01775377979575,6.5237481622328675,37.846331502591,31.88623297631986,1,26.71693293227215,0
103.33234442946821,17.991238178616644,97.75733643871514,5.743481543826323,5,6.952007180543184,1
20.434801937702684,3.7810000091077556,50.16912118353384,5.404602456619647,4,9.505592451960473,1
29.313040034609948,1.64862863012607,33.6630161499438,17.780256571407712,5,3.6390680565428033,1
109.84574119503391,1.1655484975070252,85.58508962756687,94.2438186227183,6,28.774741759497957,1
102.16509718891832,16.89925711111825,2.948625386278958,6.045537772290744,7,10.600475563989923,0
41.20182670822814,13.867276431262802,79.32426043813828,2.9711549281112988,7,12.662979088983906,1
109.28060392584605,9.307451654716939,0.07167284085394243,11.74119490273834,0,7.456861389267633,0
293.7621574922462,13.898987933583067,14.073421594927915,21.135507052456035,0,3.7397752912037707,0
144.93671715072824,3.3982993425772023,10.892938806625995,42.649779357227295,3,9.77404805837529,0
152.44542634692053,10.409175314214878,63.06860090016125,14.64529338253526,6,19.321206792443558,0
83.94718709542597,19.39505089163869,42.94146810230332,4.3282787740255975,7,9.13418842625996,1
157.40479213265596,10.783763525359342,36.52051713988384,14.596461779090323,2,9.094467334832004,1
46.584261488998976,10.524334836007272,19.27927545474143,4.426337836536579,2,24.629227789230946,1
14.657224394715374,6.952314959448714,49.903711144374576,2.108250917889604,7,20.104930884228768,1
235.19389441995074,9.138440863791255,83.12462495486494,25.736763844678,2,6.103926940196754,0
112.21694155537641,1.3888561328701088,93.9694981896826,80.79810348929162,6,3.120518765418099,0
24.35797224031132,7.045336461962767,6.7507523336404525,3.457318521523869,6,12.289344512970468,1
192.47245735417573,1.4034118402232387,67.00859898860237,137.1460977011277,1,16.75306077878307,0
111.9531589694023,1.449499392306559,16.47374637235376,77.23574053470523,5,17.486978708243107,1
66.81813915937704,11.065611998577394,12.981181364194438,6.0383591226555975,3,16.410860872707286,0
38.936673845090944,14.672200837715879,37.10699658206652,2.653771869384558,5,5.634136086316604,1
11.531417505883134,11.071505681438543,78.58883988120974,1.0415401335353724,1,9.774621847952387,1
115.23461838931188,13.7879844020644,0.10574989479538166,8.357611600725225,0,4.507233268298261,0
257.8284047677318,7.012137187812051,90.50366233756142,36.76887628722795,1,0.09371631175138062,0
112.2037328137959,10.228015862618768,34.6437389362806,10.970234532376585,1,13.073293711555422,0
224.26693472069772,16.392963358170533,96.67557477980161,13.680682974803286,6,28.573973246504043,1
64.64516309060593,15.774225565660934,42.66403441189618,4.09815130521099,1,29.87142946320872,1
31.885103321864182,5.585204364313854,61.047688418079225,5.708851680628036,3,5.851210070572516,1
290.1137398491241,12.682192028777663,50.35827162699239,22.875677894705863,4,25.18623599190604,0
10.417020983299363,18.23542245607117,24.686606060239225,0.571251968984749,7,20.634736824964186,0
36.533500725111864,3.991933810008379,61.15994720611617,9.151830281733849,0,15.30638756147788,1
25.676118334770525,13.965972485919044,15.180208649032556,1.8384769381908805,3,12.147542533139791,1
138.7758592062075,17.453391522411454,82.34730141623935,7.951225928095922,6,4.12542107755887,0
17.06293919994125,6.612897355579177,10.221739158596478,2.580251632901208,0,7.0892376995221635,1
99.80881277465576,14.712689820438836,40.338190748717075,6.783858967515347,4,5.948649077304632,1
55.02051614045984,11.65547828769535,34.57957607277349,4.7205712869410785,4,1.9265531467550645,1
179.21344906370967,14.383905574722455,98.29617980654464,12.459303777595029,0,18.297485419922587,0
78.96188030218066,18.44592309384344,29.726004029733623,4.280722623663935,3,11.039034669727279,0
140.3501882033222,1.5844172627461495,34.7740115992636,88.58158232892764,6,23.021272056586092,0
215.19622442821574,8.070938945244393,72.19315188291084,26.663096560161065,4,20.734254590607556,0
107.8638558279676,1.6265663562906107,18.805734844103316,66.31383675852697,6,15.95421681956431,1
172.91207514918133,15.713214186708253,82.56473612566569,11.004246050145934,1,22.928787770155,0
264.42614138480025,2.6581096748628252,28.378915253145287,99.47901844887053,1,28.30673779406655,0
176.93480364568472,1.0807504335486495,35.37338531910355,163.7147653642094,6,2.985959428652496,0
80.17497979748234,0.37738326439381575,55.40277341241434,160.34995959496467,0,6.253994588933556,0
263.8223925881032,6.841503756568321,58.46873251909127,38.56204746431883,4,11.81860580634404,0
240.8182949712521,11.390191782145811,34.67584825024239,21.14260230005399,7,21.857504712383225,0
177.53063005793794,17.543322346203748,63.45420424715568,10.119555837515254,5,9.880629335651873,0
92.96390666609251,16.16409914299894,63.71146555970015,5.751258133451713,3,9.291843115162749,0
86.1207518614846,18.691054712386638,18.040690059293752,4.607591876792915,6,12.878555503505243,1
112.97741730270148,8.459014838429727,19.56851094102634,13.35585992702595,5,29.790075473722766,0
29.212007999939903,19.978685007943472,26.005772343083432,1.462158695045509,1,18.31936572335139,0
1.7322244447522395,6.433832563762616,78.27869361921933,0.2692367927801971,7,0.9549356489841088,1
45.46012998737402,10.916584373347831,88.76178636482412,4.164318108360169,4,24.457726783791102,1
152.25544925741644,18.803978484364418,30.542481854689683,8.096980614183188,7,15.639059527472615,0
200.56361356361256,19.08694631786924,85.47994518105573,10.507894255240005,5,16.49215446927266,1
279.58611781835435,19.52556953904001,87.64745838756994,14.318973756916103,3,24.099298892643688,1
24.569312170909573,13.887192110998821,99.88401864551622,1.7692066167537486,6,13.50792420708024,1
270.79851333454695,15.704702654950168,49.865640886224305,17.24314807381536,4,5.102235711085907,0
229.85523387312728,0.9131616121352426,9.76834773415981,251.71364062891078,6,6.234800659929772,0
205.92891646364242,15.404426900682184,38.867425659019574,13.368164735458148,1,15.239692961799582,0
223.10945604340097,14.56902367002047,44.65815892610626,15.31396070846575,1,13.635203764339485,0
239.71818437072713,10.290525284375203,52.45993492050559,23.29503866383841,5,10.241781932753703,0
272.7680759875035,9.8378980371963,18.792553373408982,27.726255644873465,1,7.529510229305803,0
131.46067775393382,4.251373778900707,99.32640812320786,30.921928908336564,1,7.227517827508026,0
149.79366605809756,12.567911845561357,51.719630646911185,11.918739397507835,6,22.641453589643877,0
110.31190420027393,8.839288577742439,23.287453967507144,12.479726533427385,6,16.73018237324196,0
141.78459828055043,4.53334934547164,37.25083422105931,31.275903857305632,7,15.130494911069112,0
107.73780004250045,1.789564356393738,50.386371181947396,60.203367181278445,2,6.790761411654611,0
173.4418936905868,2.312458890964777,28.551556182338565,75.00323329779299,3,15.248928263090999,0
166.9318495425856,1.8121664109343927,79.73110492604843,92.11728488914652,5,27.121599411396268,0
68.96141055774541,8.870044094998688,94.47479660196633,7.7746412328016286,5,17.44345185301517,1
278.49455515929776,9.176203052979819,88.3024156264634,30.34965045470101,2,14.216233434166726,0
253.52044977524997,4.2750281323897426,18.14848118494937,59.30263893574238,0,8.598872976985685,0
62.355879198483976,14.951657263057196,12.808174790129534,4.1704995039281645,5,17.506768464692854,1
141.58646996198183,13.154293086643387,9.8119747142428,10.7635179655337,4,28.556283635127283,0
8.140033313965455,9.391943230308355,75.40665285839763,0.8667038454509699,7,13.213125483687508,1
95.53026640415854,17.538055571300283,33.27103484742082,5.447027238326618,2,15.850304887744608,1
234.0402541946364,16.32393476568447,63.50463512770791,14.33724512833919,3,17.97706367452703,0
213.725609157992,5.874478055749231,34.360224423056785,36.38205933016009,3,14.088534865149324,0
215.54505466940427,1.7947411806369895,59.849135647689266,120.09812723687715,6,10.737094679351385,0
273.2142799396791,16.97190820649183,72.8254903185368,16.09802955658065,7,15.879955262685224,0
296.2520611068214,7.783595346927843,88.6756975134033,38.06108204529813,4,3.877530848276116,0
138.62046809929885,8.662268492762815,2.216960862964412,16.002790517878083,5,21.97034800901959,1
275.4319842560862,7.093873757255729,87.01109331010525,38.82673891318829,1,6.910396711172867,0
194.69289024501293,1.3216815478978394,93.59283481413037,147.30695949767613,4,6.219860670143209,0
74.62882618650004,2.404402957371421,57.03112299418003,31.038402260196406,0,0.6241516383053103,1
218.83241962601883,9.27615364870091,45.97678159972529,23.590857581004542,3,28.387967361961984,0
23.132963467419508,16.859899682823315,98.33193983713994,1.3720700539509807,2,4.343451420908635,1
252.84484748345275,13.33909896114397,8.24521098311568,18.955166928439116,1,18.382402214381944,1
286.15264885499926,9.164791356294625,63.7754402455916,31.22304019048529,6,10.906055362121249,0
81.97337658187787,14.939855583609718,21.998331156685026,5.486892167271655,0,5.684403358777093,1
8.170434564392771,5.2624752549062475,59.88058971037383,1.5525839398057806,5,17.718619692727373,1
257.842830672814,5.968524463144124,52.920732846352,43.200431239748404,0,27.575594052614846,1
279.43198320965695,14.923834038650082,45.22901767207532,18.72387366986109,3,12.755568419961767,0
10.133000382345958,10.092919576886953,74.31465752416565,1.003971180504677,0,21.5621275442557,0
61.67587177507856,12.200018821472263,46.998695551423566,5.055391526653047,0,26.03166326528355,1
149.80123387991856,14.366327072065662,0.03699270241179775,10.42724651391216,5,22.70352991820042,0
56.01998244026816,12.465189842449572,95.80049674215483,4.494113860143145,2,23.185160148654422,0
108.60197734137404,9.68813542005891,16.795747863355793,11.20979142348876,0,26.018545750841287,1
64.43665525335997,8.984921862623052,4.737505467815318,7.1716433641358766,4,3.0488541092214696,1
120.03773906129155,17.313195227004428,17.066448532181443,6.933309391328383,1,4.7051175742443085,0
162.31796400882058,19.001089887347742,49.79804062049544,8.542560714735803,7,4.352526081587287,0
242.62716825275444,19.314753172189864,84.01288856645357,12.56175349950102,5,15.49323637970508,0
7.134839263378634,7.578253433400812,19.698378650073987,0.9414886063234769,2,17.715472561309422,1
159.0964006572191,14.675177482462072,79.01358763053551,10.841190905346878,4,12.052559329124104,0
207.71976584892258,0.38577297208230554,55.022016324371435,415.43953169784515,4,7.320279037359065,0
1.6245972186589075,6.384573548687634,83.32135451465419,0.25445665341154194,2,1.2227352994292329,1
41.86195456069201,0.816159612881624,48.74353623581188,51.29138210219633,4,29.722748908992028,1
95.06985398714045,11.04921632101745,72.38724134546749,8.604216916841581,3,14.56453633789746,1
135.7982054528453,4.912044099220343,2.8424059897772525,27.645966263698586,7,2.339239239635218,0
212.59783714564148,11.495470383792338,87.88380806424951,18.49405287889627,5,28.152996777256305,0
118.81975562245357,15.570939424045179,90.01266137744572,7.6308662172924535,3,3.574440083694399,1
70.48940235162591,7.445922807878258,4.941169850107507,9.466845704745108,7,10.49328687830652,0
175.2837675518275,10.075572483181425,36.431776415787894,17.396904031450187,3,2.3769646148973433,0
10.849505305399987,13.167561241456152,13.620754969292149,0.823957079557139,4,22.325970098632922,1
46.95710117632669,10.1714279793114,85.70760181580577,4.6165692046226985,3,13.749907399239639,1
108.22429789323567,2.6360841778299604,12.853720132201897,41.05494763916323,4,6.6610036346882,0
96.88723549660395,1.642461850749164,2.5339756707465577,58.98903250167515,0,0.8772974015924229,0
16.255033455320756,8.555598691317265,42.20618883788204,1.8999293961528771,1,11.018229447648807,1
157.14824700030758,15.00478127051554,11.495246708292905,10.473211449546723,2,6.324129593297273,0
288.7874298903111,6.616318203501514,31.15589647232898,43.64775408436037,3,10.770182540532861,0
85.36283925617916,16.86553195815986,12.966863411457751,5.061378405848564,0,23.665467676308314,0
41.333444751744864,18.677972359280012,87.96131396708267,2.2129513823382787,1,3.6146298904151153,0
96.41126294506181,13.617754075712236,38.34690283208805,7.079821122413631,1,14.408434932892273,1
181.61714194081043,16.952682719356368,35.25269140543532,10.71318002863595,5,18.739047660117556,0
186.62533805214144,8.594331825214267,11.620417392255156,21.714932800781014,3,20.19030572044776,1
250.05469489573971,10.978034676427807,25.254246880632557,22.777728643238916,6,4.062891576060532,0
81.65881834612792,11.618751971705342,7.499637683620675,7.028191887131097,0,1.8566883177408566,0
227.90108164586368,13.537946347663357,43.25596527095743,16.834243229601753,4,0.66443681398061,0
233.11226099300256,6.605154859688252,21.429814825569938,35.29247473298528,1,2.349771528786949,0
235.5104418906774,6.265107816356883,14.464383294637939,37.59080430759851,7,16.310395697602917,0
81.50942652853927,18.145163263004278,4.875282398626624,4.4920745736538406,5,12.19028361105148,1
189.53698004821234,0.021477882404008497,0.48259034054544125,379.0739600964247,1,4.922200255669234,0
153.63820278759454,3.8563613326075274,31.2167097219475,39.840198969039584,4,6.522815950911501,0
56.00312765224116,2.9266162089373893,68.08223089790899,19.135794943394735,4,20.63940036388739,0
96.44562879779514,12.278505655730399,65.62429534167265,7.8548344156834595,1,2.8894910095498605,1
16.453726919981648,14.88832906110301,87.84305899362036,1.1051426155651254,1,27.4068478954508,1
116.13064796492782,1.7136735759285693,9.197339526455917,67.76707629514647,0,16.20472211681563,0
154.2448394957238,16.93871374354672,46.407767015164595,9.106053849837783,6,15.570439298562441,0
239.966135655748,17.90522376193787,69.54294945360677,13.40201825155949,4,12.082787757680482,0
79.57897682252755,15.595083778392233,79.77621495621932,5.10282457942215,5,14.342203901323508,1
55.24409181170314,12.40780114219026,53.13826833523048,4.4523676015290565,1,1.3625260091029678,1
191.10514497228954,17.539524224923863,64.81528197786193,10.895685796352844,6,8.266168555454003,0
194.42389163126313,5.612089159006787,85.39093938307253,34.64376386808362,5,13.642988133756745,0
93.77997599298405,16.8610754260814,91.82922994687549,5.561921385389295,6,3.4224549217829137,1
1.9189000952363866,5.143039230970945,49.911492214089414,0.3731062527543895,0,13.77411759460295,1
156.13743302836528,5.378047166052586,28.888482642296154,29.032365876956046,0,7.8327745535067494,0
22.245869298814146,4.643102230532643,7.861549671889934,4.791165086249278,4,1.1174068176157281,1
197.7160273725748,3.599245219690379,61.404373906311896,54.93263595681961,5,12.106694318882866,1
143.44410071928962,6.962949040935353,24.560545546613575,20.60105565558187,6,2.013198837873075,0
90.15263925649882,14.996949641467673,60.24099453636017,6.011398411795697,4,1.1617134892243208,1
150.04648264891767,18.750039490151934,71.3221386777571,8.002462220291667,7,17.52770766246026,0
121.5733214371783,11.742918425008938,13.371734205350105,10.352905218030225,2,1.10151987795991,1
105.23731008706385,18.218339620376042,9.35190192682488,5.77644902224584,2,0.2068005747453705,0
110.00651945753444,15.932642773438381,0.6498264569736123,6.904474105258196,5,11.198104503386267,0
156.8543514137106,5.779030560163482,73.95768070619306,27.141983379522628,1,9.448452691272319,0
67.42112808663164,13.45961253330141,77.24196775293227,5.009143310761741,6,5.732774491241955,1
243.26193730835377,0.28477357941503634,32.45628553816838,486.52387461670753,3,20.927956494501817,0
84.76814693850264,5.953734776511286,96.35190496121722,14.237810403132247,3,16.747011980744652,1
93.77523600621527,19.25058067860453,2.4957488793841964,4.871293888315738,4,20.79577479367361,1
1.0214069985739038,10.30811864216262,21.236087377991065,0.09908762539811192,7,10.785278289916949,1
248.65791744569253,5.090421090462572,83.60899662910207,48.84820195161826,5,1.2077258203322339,0
49.22954887216435,13.714264441888295,75.3977445282921,3.589660173228074,7,7.851358614088659,1
75.94476832313967,16.535469005166252,95.96370590157322,4.592840293759548,7,24.95444323609892,1
147.5044874899436,14.25356724972457,57.46259031296832,10.348601504847421,6,5.8599929872792,0
174.36940342963024,13.44551345770643,81.61717847292465,12.968593871711809,3,19.144342216728216,0
246.8298764845031,14.710415596184376,53.03571909967461,16.779259217430027,1,14.961756280141236,0
285.7901734655821,2.510867966815171,6.668912928192183,113.82126708481742,3,21.395422644506887,0
237.11979062842326,15.03305393977785,60.30565284481456,15.77322821951687,0,2.5532880763888355,1
87.91871753097354,6.170607051189108,96.52690143183038,14.247985133655716,6,6.7206360170695,1
138.47489858725024,12.589815702093299,26.825736885407668,10.998961530805103,1,26.02259240923406,1
167.88256273439356,6.913904633252798,33.79868310448825,24.28187422877563,3,11.028030935192515,0
59.27978004872217,13.25365371387171,82.54754695022481,4.472712304734355,2,0.41532295456659707,1
186.59504919430043,16.970092255427687,62.69044314999549,10.995523559079071,2,8.70160969182615,0
107.52072038795633,18.615444045747,72.48872163310813,5.775888027367318,0,0.4623951345728805,1
124.31659610298001,3.284810201177315,43.66871740722136,37.84589930292577,2,18.17958351842899,0
99.51278400018614,8.4687751154355,45.738201230936184,11.750552192466476,2,6.724233815925826,1
224.92483385271856,11.223313058905614,72.68094984085066,20.040858939976054,1,25.91370975944581,0
184.153216128618,19.833733242747414,52.8652087503736,9.284848892275848,4,10.88265661677516,0
190.5689972666615,4.237004318281996,27.886284738615664,44.97729597404155,0,8.254596589295991,0
126.7564700597474,14.006939821466887,32.272817475459945,9.04954770102473,0,25.91318988380975,0
281.5542640002428,15.70176277761508,89.2253185315431,17.93137929721084,6,14.09970546515474,0
40.69644910878768,12.283873560053891,72.61934630186396,3.3129980465713245,4,27.04759663857626,1
289.9932241405002,0.43059864872208475,27.768504432558938,579.9864482810004,2,9.617923757411464,0
97.45748065918453,3.208149513170997,64.73219316971299,30.37809810891752,1,11.151247777331996,0
243.51652338760192,17.418565438503432,12.96171571557958,13.980285819021177,0,11.112396612487561,0
74.95194964199189,9.711607704336153,20.298081081777752,7.717769490269511,2,27.114609726985243,1
188.21122579343205,19.391683102482776,69.26051404380088,9.705770499587773,7,8.840726949495238,1
30.23284141176894,17.5326308594573,12.666690992879436,1.7243756315933045,4,18.055342780984848,1
138.42518604002615,5.768364839718463,76.65528462872942,23.997300775237075,6,9.964968971624383,0
169.7456118447321,19.89112313703291,13.905756754696153,8.533736917484715,0,12.67773149296642,0
247.25701723103285,13.504727501302769,63.68848090189736,18.308923094314977,6,23.66977963671315,1
58.30692270431047,12.320165917231463,11.589285202340827,4.7326410290270635,4,13.213089230016099,1
217.42604615523743,15.628040335557174,50.913093542843434,13.912559827513762,0,7.819444888870308,1
35.47649198009676,9.82709808684514,95.73151279119357,3.610067963765081,5,9.317846146421285,1
175.66606487013996,9.94983234096743,24.916797461505567,17.6551783839465,7,17.219204702218814,0
82.00087522168673,10.212099739682763,11.055342759661945,8.029776178452607,0,17.27252480394615,0
36.918139649012105,9.389263934585731,31.376854173782576,3.9319524838387654,0,7.718208717536044,1
133.58942124441785,7.625139282402498,12.257323859955704,17.51960407499954,2,22.20826832998033,0
269.0908933996515,12.298323160696444,34.092980569958264,21.88029131155252,1,26.26627135836247,0
139.9442710595816,3.825036906545203,39.37956617277136,36.58638451830787,5,24.614596532606456,1
213.11797701783414,14.396523092742914,77.59730979597632,14.803433832246894,4,15.312323135201256,0
168.55609388119035,6.610267487103647,52.74742059006859,25.499133614492333,5,0.4236198735922925,0
209.92622248980194,3.2016995190898156,41.46666141162226,65.56712184829891,6,6.129099668153159,0
261.31131296559346,0.9790588282675139,42.686212218766016,266.90052264580964,0,19.117094157400572,0
271.61149551178954,19.904914151243407,72.36260960809446,13.645449231682454,1,23.143999734890578,0
202.53723199926668,14.063621617306376,38.914379130869314,14.40149895315933,0,3.852057906972589,0
129.20832544199047,16.073963703165795,1.2267719596504079,8.038361155222882,0,26.041194724193364,0
224.65827290127947,12.402027719105323,94.22958763766181,18.11464044344889,6,20.559364460690528,0
171.58687778600384,2.1577687727134442,67.96238656006334,79.52051209371677,5,11.245646188101755,0
147.76508341155161,0.6848479904455362,34.640352644381736,215.7633306559332,5,18.923826956953018,1
128.32966512788644,18.6751499456484,58.709034918214066,6.871680575597694,5,2.4004118773113357,0
151.34835901532418,16.814303091595455,76.22178393597831,9.001167529267086,7,4.8474960072824524,1
71.684131060098,4.130673581969075,81.72691781893724,17.3541020943917,5,20.466009448015733,0
205.35511632117863,0.6812750386650412,24.234194579528733,301.4276241847523,3,27.149271279939413,0
286.8119032447922,12.929083039254841,96.16616821857686,22.18346826097285,7,1.570363882868474,1
104.98464082716579,18.77609730096673,5.483946500406256,5.5913984223846365,4,6.4390265823156225,0
121.77105033986057,2.306635546177007,7.420987008358059,52.79163001787716,5,15.276114466281276,0
135.99982833076118,1.7994800350973117,56.56772281453194,75.57729215006636,3,10.585448052525471,0
0.23352142473501702,16.65896330327119,55.02594219407221,0.014017764520146477,1,28.744964161118915,1
246.4345203738858,10.786478450955311,95.11475240678672,22.846614999917804,2,14.443864592281134,0
127.46255930374112,3.166944975060637,82.8038474441056,40.24779726439693,6,25.076736088392906,0
186.91106824550772,17.55160335674177,46.37603348791585,10.649230411973335,1,0.12011585674605363,0
205.1317457505161,5.285377413729204,98.24959669299386,38.8111821906359,0,28.828491779886228,0
207.86555834919807,7.220715467339545,1.8004821284718475,28.787390846434448,5,25.52721027300633,0
21.453051545180912,8.71506096647223,67.92699684979576,2.4616065943443304,1,17.264640780667843,1
21.769920064260173,4.656880135860069,94.79521394439826,4.67478642978633,7,29.16965557999046,1
242.26623392296253,11.176661720560999,47.12387664774652,21.6760818194292,6,5.813330838275911,0
136.50125190398958,7.910284849809875,79.15288022294342,17.25617401847045,6,4.52090890091355,0
269.97208979853906,4.769410150652638,50.984457594143215,56.604922049238425,3,25.55547044919784,0
163.421409129672,5.413506603455247,16.269893234900522,30.18771770322881,4,29.182622092277107,0
17.298465488010052,6.136532184392922,19.757586766979962,2.8189317627968022,7,12.586218207419643,1
87.11463787053948,10.377770275595335,45.613945518324236,8.394350188633563,4,6.711135653905912,1
212.44618574168024,11.150808712273738,1.4720638500931305,19.052087720582982,5,8.190449047035337,0
4.206946935002187,4.971389110068467,34.89235834585589,0.8462316752639482,3,23.28178231194279,1
128.38308481829702,4.0140370225729445,53.69607427755646,31.983532811564643,5,4.667272596157436,0
247.34610918000394,9.644204268089126,77.8816183742554,25.64712466723938,4,7.808443093526592,0
145.31690976552247,6.676685691840223,98.699068039136,21.764827112218057,7,19.029889670959445,0
190.7866765110069,15.463878007538923,21.16247574518799,12.337569943192445,7,27.08328857629723,0
293.8138864612406,5.671254218283563,20.266597254738492,51.80756763010441,5,23.237716492594295,0
240.69769375963975,2.429425037480748,96.60007834734436,99.0759912515091,1,25.130866776685373,0
244.47589769200795,15.03353712909038,24.904588174961106,16.26203438304211,4,27.368862884815467,0
165.79072455228746,1.313069901742705,97.61403434039325,126.26191822099507,1,8.34984408067334,0
178.55242501162024,19.890387395132084,3.50101865758069,8.976819881110945,5,7.9026593186121215,0
77.91237892422552,1.8113113752011611,41.98385251238371,43.014348604514616,4,8.304045710560318,0
11.53245272859299,3.8119341523252293,22.348906643741127,3.025354654029988,7,5.6256234493796855,1
248.94661264272705,16.36417120419487,20.607222716310723,15.212906876634905,1,5.417000863220657,0
283.74711956921516,17.34637174728363,32.5177568434694,16.357721585993843,3,27.934212567491194,0
192.4078823675185,10.901699536101956,25.49096084898983,17.64934740040693,3,28.489928152155166,0
21.369500468359025,0.763267043910274,37.10488135067862,27.997410131690582,3,26.35892634457005,1
275.47291148339235,16.766830850348462,12.541297188698975,16.429635030144485,2,8.852764835126973,1
272.0306611169444,12.480678699590207,31.84690520697363,21.796143275916258,5,29.93786265724786,0
84.4473960458313,2.78603083712464,10.235724578054285,30.31100550666781,2,6.930191443459019,0
238.5845002577322,18.98792429002199,53.448523056562415,12.565064859833392,0,22.586487753335565,0
139.3095424613481,4.77389585374945,92.20893184662093,29.18152107401619,4,16.13317734153114,0
81.99362026525195,0.8163061966335983,86.62267021379694,100.44468681407677,7,6.2899676166219445,0
172.11565067546047,16.049229137823442,8.19180605234633,10.724231624921668,6,17.349056829663144,0
139.8764240826511,12.675480403577126,86.53050754479574,11.035197059921833,5,4.65862126960625,0
110.26686417141624,15.641312230614199,71.2921411006488,7.049719521332406,2,24.46291991477341,1
76.5630002965822,15.090082143403086,58.025998447210235,5.073729855741917,6,19.395853996360493,1
41.618983391188344,2.96732022518011,20.398716311325092,14.025780917751188,6,10.021272759633032,1
49.33826627553627,19.867042684153336,50.3570262880791,2.4834227750912437,6,27.515817594051352,1
120.18227492510445,1.4627048706995338,68.67129512315479,82.16440468105344,2,25.145067524938845,0
100.17678407434022,10.51357060029038,0.121297059302794,9.528331323667848,7,15.31207759333377,0
22.473411536967312,10.699468107557294,81.71431076411835,2.1004232463755645,5,17.944862439582916,1
81.69075155197092,11.219279637346897,82.1554391764771,7.281283129804304,0,13.651121753161974,1
243.1919710466241,0.5392001648114575,43.231204148602075,451.02354731597904,7,10.874230088023033,0
241.42160151805277,3.3292001787346903,64.67312355916016,72.51639689921213,2,1.119280115349366,0
57.92351278701196,1.1192990873649311,48.40154412675061,51.749807929689524,7,8.628190138544339,0
263.43126953245917,3.3736271524070083,96.40871261612517,78.08547229189413,7,26.573960022352992,0
294.261637104618,16.046773549280715,62.52695114180058,18.337744731108767,2,28.60940134106881,0
285.50099485294373,12.929526401599762,76.32084484571328,22.081318834510355,2,14.048137547266412,0
43.17419205010412,16.254490011848763,39.75581693108951,2.6561394432327408,0,24.626155825757827,1
236.82960947773586,6.578957470521645,60.26767163069042,35.99804536492279,6,9.451674556454066,0
286.71527089010215,9.958014921391245,75.55994594283693,28.79241225820988,0,11.49543048649575,0
145.50691667037287,4.31400964866647,98.33075373702785,33.728927035513564,6,25.891713360701914,0
57.4101428472906,15.182021310298587,4.1775940572222,3.7814558202699233,7,26.83776790146607,0
260.2587073133076,19.634374845020336,69.97899105065922,13.255258156554667,6,10.922647972420503,0
176.27731382499277,18.16473872985317,34.52312784351753,9.704368251401636,2,10.150863668676534,0
190.9549505812195,9.380452377861381,27.330052606840095,20.356688876955282,3,5.986072108593616,0
168.05329943347004,8.016199327559406,24.266737322661758,20.964211662715126,7,12.571244978170018,0
35.924527275160166,0.6000680620528764,38.840392850832764,59.86742095931543,3,20.60446710085811,1
55.85278485491971,11.34839611595553,7.542504801456196,4.921645691975119,4,13.997015511562402,1
276.1691614255813,10.790509778813423,58.544757081472454,25.593708461098323,3,29.58927410379043,0
195.12837405281817,11.360357559616386,70.81000583781818,17.176252862538178,7,0.7781535094983338,0
170.3640786367472,11.064969585255229,36.66076177889597,15.396705551162842,5,19.103329859259123,0
56.258821257041824,18.0165735181797,97.55972184622212,3.1226149189952026,3,18.683206072150213,1
187.87317623004196,3.2068719779184063,62.63423177766633,58.584557638621796,0,4.561042062753917,0
154.42209557729274,3.112038584134098,69.2397348312689,49.62088078360364,4,11.195297905636801,0
149.01084959256264,11.265375420774948,85.8175742979383,13.227331005566448,4,6.2885319206294295,0
96.78625268693015,5.046939419768259,94.51776211587521,19.177217049174388,0,29.88216874542711,1
135.08831600541222,2.87485551401236,45.46689789531819,46.98960185893761,3,19.101553853390666,0
164.63573500146893,8.010250667918946,49.08602882708208,20.553131459522866,4,9.208547919130565,0
53.49309434045777,9.918031569652397,58.03538489574146,5.39351926486483,4,9.153545685394992,1
228.54642759661732,10.79249983960934,92.5126055794438,21.17641241539181,5,15.22215923715116,0
186.45975560010228,3.8280050237474295,97.16700805277264,48.70938111193159,3,4.361991212787815,0
33.157052044077936,10.873363452267723,7.0982242255271615,3.0493832188753682,2,19.026861333747373,1
240.8856889441985,3.4063241780319564,28.975137025554222,70.71719435798768,7,22.04797771865481,0
131.5395738809131,14.485258386629852,37.4366352858177,9.080926992805765,4,28.459280755667624,0
89.3737417743159,4.729449821765259,45.66078271783327,18.89728089787774,2,7.362132141294449,0
63.76964254567336,3.9184376861990966,57.49144844790405,16.27425204955351,3,2.4683795755129823,1
55.38377091853333,15.472271154245394,86.51058696467373,3.5795501750456804,7,11.248184774748822,1
35.27814829160363,8.74532975422165,84.65266295299634,4.033941461678301,1,25.68827227609852,1
170.86775967438993,3.8449196219780246,56.64959806716025,44.439878196071824,3,1.4329414138260932,0
296.80505567914855,18.27540061801425,82.08471044069003,16.240686695895725,2,10.29583031024193,0
275.9037916889854,5.500885908360484,24.869676147499465,50.156246881916765,6,4.283021115855369,0
270.2679630221041,5.138958045762574,78.26713029814981,52.59197693683425,6,12.603630180594616,0
259.7849156310699,0.26962212493925497,76.06122779098516,519.5698312621398,4,5.642259725938548,0
295.3736083734205,9.658947495705574,24.54171030185869,30.580309966975737,6,7.173064202152747,0
105.47169522337036,0.9836974058164483,11.169135445779698,107.21965372657566,3,27.322034426475565,0
23.906655607548956,17.655845467265223,2.5549836916946345,1.3540362964703692,5,18.50223703349082,1
104.03327101581554,18.74531592372481,45.514624401417294,5.549827564343524,5,9.15395575337916,0
296.56490006104247,12.262861771833226,42.0581894619954,24.1839878471294,5,7.978522289900496,0
64.70189449400084,11.518712995636486,47.269173466485746,5.617111435844541,6,11.065027968003706,1
189.85180863007434,14.94048390207071,44.68945096425466,12.707206130302206,6,19.1910211787168,0
289.09245282330255,5.133327400233942,54.65995952593642,56.316776679805706,4,18.569209818893817,0
208.74826141080194,1.5993222076929148,92.28894967712871,130.52295554122864,5,1.7040729662751275,0
294.5228182474498,7.970992331655751,38.69647137351675,36.94932901613655,3,8.45399114907577,0
224.7749060156737,17.032041946528206,5.711230530355715,13.197178983080862,6,29.101093169391223,0
148.37980912314376,6.440516421124554,5.789177022267545,23.038495583438902,2,7.759447454977229,0
75.6822657047631,7.542181075903029,22.87097211425224,10.034533106950315,3,27.458669773985175,1
93.36491316181646,0.9611178128733622,62.104483042062085,97.14200685001592,2,8.975140326688912,0
31.74097330955655,3.047615592326809,75.53007606803929,10.415018675410698,5,14.869521473763562,1
244.60032209228564,8.028306598560182,24.943112531964328,30.467237279671522,1,24.98578180523799,0
268.7757655853625,13.38026592851784,2.8417265127859026,20.08747561679705,5,13.129776762881702,1
79.16264312301603,3.170822575961598,86.99861313161293,24.965964265284946,4,28.92126638704764,0
158.69326472304775,13.36781276118904,7.9598052468680685,11.871296191683964,7,15.571142823807957,0
7.512566448401836,18.028484714607472,78.57019786180466,0.4167053730430724,3,10.667619593431782,1
96.81288224692307,4.052738282360357,64.41350606184238,23.88826405798359,5,20.008899276307012,0
273.35460417977026,5.114579697563393,35.06818485244757,53.44615204842688,3,24.67478326254711,0
27.10658198398136,8.948212725411114,51.5476428570767,3.029273310300743,1,22.618136227778727,1
76.05314505601541,11.361047402960109,88.31744871218365,6.694201895170321,2,22.137578114714767,1
80.6543727106234,9.572299964361438,30.617100126007568,8.425809158813152,7,26.081004444868135,1
69.08586741768814,15.121092090459689,36.05921256282147,4.568841126314964,6,12.691708230741543,1
162.04085006183334,9.13342175747982,10.56244381174929,17.741527147712183,6,23.509187270388264,0
85.43389214363476,6.299908060355746,51.458728896549665,13.561133166570443,0,8.488334115829264,1
34.152109319351624,3.4112601461379333,23.733951814833144,10.011581602187983,4,12.356546778968184,1
259.3067846598932,4.763784902943595,36.3236816086564,54.43293304440859,1,9.189036602945555,0
64.95328328596321,4.773562493833534,54.23932211665014,13.60687816905499,3,18.294618865546802,0
2.180798408992146,0.09126321648446067,81.308353775279,4.361596817984292,5,27.740134100670357,1
16.182440386256392,1.580983949348631,93.01317740772525,10.235676581614628,3,12.533433931783508,1
110.11189110792546,5.623751197365124,41.728588673073084,19.579794205603513,7,22.67689418506024,0
86.75859563888278,6.440942626338799,67.17906980497355,13.469860030130192,2,7.656557744990835,1
299.11868154607953,0.21359604987668535,16.460080262965114,598.2373630921591,2,12.422905986659835,0
113.45075868133505,6.661453528223511,15.784804460027225,17.0309314927534,1,2.391319019044168,0
162.7768017623892,1.2731636135317426,4.1185788371691405,127.85222577234049,3,1.4815029780143785,0
270.5368015112088,8.969114296202132,5.88204423278913,30.16315687110426,7,19.88765528168995,0
148.05497797793913,1.7731940985261252,21.513060222019853,83.4962050127519,7,7.430650550002196,0
299.42766357046554,2.0082615174300256,63.47493906304828,149.09794415303213,0,23.24731605217598,1
264.3456508279064,13.630188544682637,41.97051666886967,19.394130166382183,1,26.6008152852925,0
29.247136454620527,1.8003098151789354,63.89796314697717,16.2456129539646,5,19.85890250276953,0
79.4019566574979,11.334874851716778,43.96754999026857,7.005102190914062,1,3.176439439856157,1
268.6064982466437,0.5847564265808392,55.40309577320964,459.3476634660131,1,2.5447523880737166,0
38.624831871029826,10.664308991253478,5.622679772899797,3.6218785392198094,3,2.059174054758919,1
278.3646815359771,4.1249959451171225,74.97328590570966,67.48241337436598,1,29.904913767955097,0
277.551234202772,6.55060819878539,31.782519071719907,42.37029994470366,6,2.036745749804089,0
44.04840158023819,10.892237269262905,50.565065247903426,4.0440178166646765,6,29.836879485541075,1
83.35276254249831,17.403749880672702,70.8791301904212,4.789356495812643,3,22.96491351016983,1
181.71169329351412,0.915131244754368,21.275605514320794,198.56353319275823,4,16.09142549999799,0
22.609915357233678,14.200438770375179,1.919617215387015,1.592198362518366,7,20.679950040665123,1
207.64899913220896,8.270858149786202,25.501992837122522,25.10610088719471,5,19.15768569608537,0
37.82301366891908,19.202144549014207,23.58360006992991,1.969728619237002,1,9.888241582006977,1
219.50184822484638,8.052878263932094,85.48149985484115,27.257564442265277,4,25.653237538677846,0
191.14519446210062,13.181542673150553,15.614501937801995,14.50097300458191,1,26.76753872665569,0
51.55249327995924,15.090953616911545,1.778264256382478,3.4161189934470007,0,1.3970755058073192,1
207.8348517341724,5.1160680685937665,74.48707179296883,40.62394185292752,4,17.485804327449237,0
280.7695548547738,17.043516465129905,4.309896818484971,16.47368695475566,5,15.638711198356589,0
90.5122051788329,17.661366099017624,57.977566860881126,5.124869994279064,5,7.850634296987113,1
44.049410918957165,8.293635660149537,29.345212192575985,5.311230529526654,3,24.414914992638643,1
147.62210184960733,10.515287700995737,8.850444951054548,14.038807690980093,2,7.648380685578937,0
282.72950926276604,11.601242127308744,88.56446192355475,24.370623952174476,3,18.765960256523194,0
2.2233068451372406,13.954343879385952,58.726878755518506,0.15932722200014146,1,26.874369641245565,1
241.91650489145545,9.409114486955792,89.57541100348116,25.71086845917683,5,9.179085912871136,0
139.99423950439717,16.63419662346932,57.67365361744234,8.416050541742315,1,13.57846916054769,0
138.94738100940245,19.83317781427818,50.505624813664426,7.005805237593963,4,26.63773944576602,0
133.53150736756507,3.4557152358970744,16.421945783451697,38.64077282192537,6,15.515349224745938,0
68.92540831928092,18.717486602004072,27.408992741080784,3.6824072475575385,0,19.47775098346405,1
21.079842258552837,0.4803945560857992,69.37495911917794,42.159684517105674,5,7.882348477282068,1
91.81634649990103,1.9881783510984707,64.11523660638785,46.181141872494685,7,3.4641880254437494,0
230.45449691528063,12.045959886956199,60.9782679555236,19.131268830209628,6,29.055783124463847,0
175.0058757347627,15.503253367000623,45.6784922815259,11.288332299804287,5,12.496207142649302,0
187.16595193554636,5.125306581015147,29.933418776692765,36.5180012116417,3,17.638526445594103,0
142.40664775682743,6.041193268747131,76.68162800361796,23.57260253426072,1,26.605701385853568,0
213.78203430277176,8.808301552934134,85.95868549825313,24.27051719540174,7,24.150983277500004,0
39.331367819005095,9.901002886900088,74.24906851504602,3.972463018978008,1,4.098770759964031,1
121.44911687132655,10.20745869039844,30.751930378551016,11.89807576547595,3,20.923374266825487,0
202.3080770760538,10.08147731822577,65.2081895863945,20.067304690584553,1,2.3210753645955817,0
249.37878992796183,15.249774895667226,28.201736957470192,16.352948921155253,4,19.878409635620674,0
72.3240223180895,16.456885102586813,95.82949120639321,4.394757687572424,5,12.274149915473815,1
115.24751041262287,6.587744364397697,73.09661233924888,17.494229289687944,7,19.59534036817085,0
139.4072588002324,0.8973702401555284,1.3962892901491886,155.3508825700203,4,0.746692153020333,0
257.7939212873983,10.187411046617571,39.02408505717009,25.305145743872888,7,7.081292025668134,0
13.662384757275348,0.12803027004259393,27.416634246018113,27.324769514550695,1,23.41446491138988,1
26.179612760572756,16.360377446880342,71.97880279642709,1.6001839105224789,3,9.645238185526953,1
32.140010114772444,18.882524125033772,63.91586814644803,1.7021034847858276,5,15.895392638306841,1
90.32270653618738,4.738838771223888,31.328003926594818,19.060092756196465,6,26.032783819773815,0
84.42858936143188,7.532806245318831,95.44643138461977,11.20811907433554,4,9.219026596739667,1
83.42360607721774,3.649899722087895,72.72800030296737,22.85641043022847,2,20.98295672007202,0
61.771305799760846,13.646241239634849,48.898856667900716,4.5266168694386755,5,21.7259968855341,1
204.01313227320156,12.055095262420563,61.22122317743186,16.923394451238657,5,14.1284887603065,0
265.6923403139247,13.152913170561273,61.73017054150889,20.200265664993122,7,4.321487472666946,1
249.20522406730214,12.550058080196164,69.52971052978427,19.856898069702552,6,0.9368649966358455,0
233.29243255054382,13.20091791694594,77.51112835125046,17.672440205924445,5,14.85227928495685,0
265.54250127631894,13.046259725192463,60.02503365805744,20.353918047756906,0,25.86134421733224,0
299.3186804752603,8.37221568498617,70.4942449873341,35.7514296976398,4,15.796854289420812,0
231.7288609182315,1.5493452023575127,91.8797407215663,149.56567494811907,2,6.906150940244348,0
277.6195151723867,17.250841810645717,56.02615275200594,16.0930995843382,3,11.609712030351284,0
4.619321791895414,14.236786124416966,32.96791106809099,0.3244638046485079,2,15.64105552665562,1
56.69044645034597,19.599437927946944,49.42043129259849,2.8924526641404733,7,28.181602802595147,1
234.69671562772461,18.815085432180293,93.74096092877897,12.473858621248256,5,28.688917093468838,0
44.460076740645974,12.545349653052098,97.40530524677182,3.5439487914017205,1,28.59583268534332,1
137.03872331369794,10.31698652261147,95.58433989420001,13.28282469046109,5,22.01593012688266,0
94.66531081285768,17.0149986830021,59.655110480713724,5.563639032627599,2,12.319753934477731,1
123.74048571348607,11.489307700361946,44.6695498185305,10.770055858943344,2,13.657243418971428,0
239.83192472461718,18.03849286061212,38.76760373378184,13.295563358749401,0,28.28690140257837,0
238.25428515331825,1.520235405990904,58.1310710667646,156.72196833096504,5,15.514387658730007,0
179.03584554306968,4.627715348535255,78.51860177293798,38.68773942626729,1,6.384824098895814,0
203.7731954659384,1.945004523641507,88.9065776584201,104.7674660850798,2,7.188963324954674,0
231.99608306725898,13.996359978144564,32.67619794130462,16.57545843558774,3,12.540576559867274,0
251.91318002587823,17.92325387311956,84.83004671496195,14.055103041512211,0,23.187145316082262,1
104.64657634858196,11.195975031682257,73.30869817422351,9.34680329783285,6,26.79379531383139,1
246.6922676124272,3.9310119150428235,23.936759347326397,62.755410806161294,1,4.055925339688427,0
176.81557024589668,6.698700367405108,0.29548364203371147,26.395503686992072,1,13.738256078715892,0
238.18712830718468,15.951522587651443,71.18097186799214,14.931936873008759,3,23.01439563591464,0
6.078790812627799,9.198023896602328,76.91263424280383,0.6608800847835646,7,29.29029242617896,1
245.50369385482048,15.49302870341381,30.792827800939758,15.846074938254326,1,8.425823446406287,0
252.9527326538173,19.050687694857555,88.1749339928193,13.277879345116663,7,0.47032206051718317,0
177.2834965462349,11.187799982588654,28.424231886491647,15.846144623798923,4,14.395539948567924,0
229.87809802132628,10.163277692808286,29.54386235471479,22.618500150201747,4,7.847028312517066,1
51.83533133764461,7.099578988658559,51.05981344452518,7.301183833640073,1,26.958595973520517,0
177.34481421219039,6.269002416808576,22.44917828892633,28.289160287558655,4,12.409751254052992,0
141.52523693908887,3.9435566418751122,89.95214617126182,35.88771502259833,6,7.029340956075182,0
215.3653295008817,19.14366432644869,51.168292254271364,11.249953291509357,1,26.12773135041685,0
96.44510730083648,4.037676499772454,26.127823004898342,23.88628888576678,4,23.97844943714527,0
67.22982541935468,7.933166593913548,9.467278456579342,8.4745258559091,5,22.136312622208465,1
169.30422824597844,10.59006475239512,86.67245954305237,15.987081496143587,6,19.39146969025963,0
268.9469569757728,4.109454291376931,48.98773559965809,65.44590544299699,6,19.593514536505605,0
136.82533003963187,12.22011960545797,71.63133870897947,11.19672592881337,5,24.44711524290507,0
286.19317562077055,0.03904431530306729,38.88705758227026,572.3863512415411,3,6.370009422960653,0
168.38745951576863,16.250202524835494,33.68430325763702,10.362176056477995,1,3.0010051406091343,0
177.4383678206426,12.415729788592609,26.548484286668327,14.291416682060074,7,2.219110868401488,0
288.9163437887868,19.01112941146633,39.73753541222973,15.197221455687446,5,27.54417989118512,0
58.25418691393344,16.430031862143167,45.50765985909765,3.545591840765587,2,13.996407088624254,1
106.0693619487029,18.96828389327568,56.73227606491056,5.591932435506454,7,18.373398494186294,0
126.50415039572492,5.644626572878817,27.2458158625103,22.41142948296162,5,9.81466714583728,0
194.06064799851077,14.342085526455858,11.994922688395182,13.530852792680706,1,28.384089638019397,0
298.2262121507459,5.201508056737751,73.21602053473515,57.334566994362305,3,3.391007437038734,0
53.0742458115755,19.10082293203764,20.94560471749406,2.778636606413148,0,6.813706375980811,1
88.50809998326864,3.750530289657781,96.74343889657987,23.598822872416957,2,20.78003994279286,0
29.20975308459606,6.15048488690139,91.58335442246259,4.749178905683307,0,25.667656725497988,1
48.62448255371918,8.018589003827854,64.93465843614106,6.063969924198283,6,14.10091178032322,1
226.40672784185162,8.051925337277432,97.8466808451456,28.11833423164921,2,10.47618570037961,0
142.26895642643137,18.38896400843421,54.223087086682256,7.7366488052931555,6,13.705507620711039,0
211.5357229457944,9.135354203671326,94.88650896996164,23.155722069406153,4,24.008263923626302,0
7.342362899439969,2.3660754309066556,78.3182174204266,3.103182089434254,4,14.417462830851495,1
269.22383270127256,10.809117973101552,77.66390949440417,24.907104665823336,1,19.889812476407755,0
240.57869466508765,5.165272214799326,88.225385798339,46.576188952015244,1,13.123663883449462,0
106.54852878168528,0.5057208190221951,1.5072050127047931,210.6864593545813,7,3.6692076599029324,0
136.89302625904463,7.124329276125958,45.9861786492634,19.214865140748216,6,16.90609518846247,0
296.2484810529141,11.780955401400204,17.254697187412972,25.146388468434743,2,9.531552588867687,0
262.0866582370005,15.828680885666394,45.208191694381526,16.557706869580784,3,1.321893822608492,0
110.66642866823119,8.289823991237206,55.07576476242853,13.3496716920904,3,28.481134519415747,0
153.35094741697714,5.007337091587254,53.00787205602446,30.625249431403287,2,24.75964454888084,0
284.79637059130795,14.075214401170175,33.26849332408916,20.233892179122382,5,29.192768664603594,0
213.05569492091536,11.387070311382807,17.378541348765552,18.71031697309706,3,2.2262097912695578,0
259.9156326731997,4.854621693034291,45.19743805012387,53.53983257771508,5,2.9940547494182788,0
264.6892016090247,1.274439169541819,68.37543455820929,207.69073011478818,6,20.53636311835193,0
160.4316329114269,12.844402867251802,73.37104176758943,12.49039247441115,5,3.957225337840078,0
173.28699800514485,14.991623959481204,75.28266552888601,11.558921066423386,3,10.547972309315272,0
160.4829826018386,12.134375374031695,95.45963923830935,13.225483607939308,5,24.250750289732657,0
61.43956187619273,12.807979479915886,98.13290846352928,4.796975352165088,0,10.873443643766779,0
98.28906938855695,1.2924085912855632,29.610842130751656,76.05108017023353,5,4.683076395292076,1
267.45501103112673,10.036551803607365,94.86431288396861,26.648097500477935,1,29.50689273099095,1
104.50420101971461,8.915402110092046,74.23964794323685,11.721759683886617,0,2.068263191904809,0
0.6784414592895693,4.914134417152907,71.94710262372695,0.13805919856840967,6,14.779840517470332,1
118.34567972840581,19.360694094700087,45.905383534921974,6.1126775284777874,3,9.314662463797065,0
279.981349695505,8.850370701304776,92.25200389409876,31.634985600572463,4,18.170654750180777,0
94.82381869538159,0.05981502166175767,68.3663601935347,189.64763739076318,7,12.252713865894837,0
277.03422009000667,4.707122846402266,33.59328227678034,58.85425750078918,5,13.447067187502382,0
269.5527262863638,17.778738934747256,64.8785291899044,15.161521144761428,1,10.192202083533147,0
295.82161455648026,14.562062042151444,38.136254052547855,20.31454156013022,4,23.53998653381546,0
253.33557303752247,12.437932038130981,20.54876679725207,20.367981772281063,6,1.993474069809995,0
201.57257509896235,19.802415388038813,71.1335859082729,10.179191333432868,5,6.434828896597074,0
189.7167577725088,9.083358111117954,16.872102537146972,20.886191588141514,5,0.9103414717581659,0
220.9379558314727,14.491676536314323,49.3735578885765,15.245852008760332,5,16.25731310773502,0
160.77942740160768,4.3458984099160425,57.534180379494735,36.99567091461619,7,6.92462237256213,0
114.73282557310512,9.0546019160203,46.103985349882194,12.67121698305791,1,2.06815075398997,0
99.47699470876783,6.906758220509037,24.93542267075639,14.4028488522125,4,7.583819048274324,1
178.6637974300005,13.678620367625442,2.25946794805828,13.061536370499907,7,23.1485941157251,0
103.20409135941658,11.869795501627005,83.66280370592231,8.694681500222163,5,6.768100857881427,1
225.03907534705561,1.0379261942046436,95.70587190573299,216.8160670802818,6,8.65956402692301,0
176.94724460298556,9.336185237939748,64.51697568937502,18.95284209699691,5,5.280529173285875,0
248.19032361954135,18.362863138136266,41.911002467559975,13.51588375693418,1,7.473574648820911,0
196.25822993151985,4.929633256599047,53.0110569033675,39.811933203915125,6,9.088539020271948,0
68.85474682962428,3.222730594721861,32.31136282513841,21.365343706480935,5,22.607780382153962,0
197.18033874927764,10.71145600738899,43.86851762855406,18.408360041180064,2,5.272291594628129,0
101.91613811991984,13.339327328947792,57.744358263203864,7.640275675577038,0,12.520670778457735,1
62.042484907861336,4.192724596138424,92.50392339236265,14.797653288509242,2,1.9239600934973122,1
167.0843366562405,15.81502580735255,95.31116991904265,10.564910781148487,7,13.060352959849945,0
281.9743638746957,0.3777905156083472,47.095581345322216,563.9487277493914,6,28.291755629225477,0
137.81873607442088,18.57138764381948,13.53750001126116,7.421025219959084,2,6.031614753307055,0
263.78595064594685,15.158627485987616,80.80185458536684,17.401704137778054,6,8.976418252495336,0
132.34656691230603,14.424392154753436,3.6120351828119124,9.175191959038104,2,21.428105079631024,0
99.32925420179973,5.388043044243334,30.508198743361326,18.435126331799555,7,26.383226662831095,1
90.41448137592141,15.172556526558513,19.886854401128208,5.959080212860443,0,16.91731783585702,0
72.47648228216036,19.07332176876132,15.430001975262275,3.799887778376593,1,26.665287916272614,1
152.560459831314,5.026763233866863,78.9948472901611,30.349641057980786,3,4.684388541210712,0
107.45531078160164,7.923180853178833,96.42300243817793,13.562142878322645,1,29.4166831156517,0
101.33120460825894,15.194118672663304,84.95612127069182,6.669107092770724,2,27.57308965646892,1
95.9881687586798,9.703474902691113,81.59889672791417,9.89214376512263,7,17.202217645870153,0
69.72171157825747,16.00165495181969,23.708659269955955,4.357156293407563,6,5.065395128709097,1
232.34098603898462,4.659969834103885,41.72350510761481,49.8589034501044,5,17.780696749724505,0
32.861394197257084,2.81793559852356,51.89092547952478,11.661513561372592,7,20.0914211775106,1
141.3947703413688,11.222770632513182,85.52494928925606,12.598918303804398,3,3.7565728609651137,0
116.32951751995992,15.002503642295988,85.44706808663967,7.7540069506796545,7,12.72547950237226,0
15.951598269395372,4.130452114518102,76.98964874674961,3.861949691494351,3,22.401057090884898,1
260.1405714681329,7.647887614541458,87.65640057991774,34.01469589766325,0,17.271948721677727,0
155.68128647302777,5.312918846090433,14.185688246699357,29.302402499068375,1,26.192842501844012,0
167.2043444509428,16.703077971854306,81.74700604499337,10.010391182552834,6,26.941596506315715,0
238.37066863167507,17.69211435913458,76.88479986789261,13.473271978292543,6,25.40609479772813,0
213.72539209106216,4.639162525476543,59.215383068130635,46.069822067531014,3,24.351493495691955,0
254.10967602980173,7.769466667251688,27.713468169720834,32.706192961850824,5,26.013065299087028,0
185.43628803067247,9.004293052365163,45.12749789326763,20.594208446154894,4,12.102295101825758,0
89.35736936299385,19.211932808563915,44.55134293177767,4.651138969378547,1,29.274450958544268,1
68.92740826763605,18.150330693956477,81.68212165873172,3.797584155895674,6,10.961888762789005,1
285.96206480219917,5.69195463577449,98.55081877981569,50.23969499069787,6,7.757078978644742,0
48.658777045446676,1.2951278737729077,12.791674422341703,37.57063532552669,1,10.51601912924332,1
277.4945167834338,9.985226220590768,76.56718289999341,27.790508762956808,5,17.860431867425334,0
182.45504116646723,4.161656343668354,36.402766636747764,43.84192881376637,2,13.697376600709903,0
27.148816218458983,5.343020488823111,23.12459612528842,5.081173893165991,4,8.689786859038476,1
209.3554206478051,2.948446302017005,8.697636512065133,71.00533610009686,7,4.492359066349351,1
148.73206301015847,6.263912027047769,21.372301797857496,23.74427711754711,5,15.18129302128139,0
203.57232290257136,4.74433985757334,14.670946323679146,42.90846124305597,7,2.1054080672403996,0
168.36445444986185,16.462220652813603,59.79886913988028,10.227323397046451,4,17.973413624405477,0
298.3436665335517,15.66683310637995,10.985469961019877,19.043010448107616,3,23.569257690049902,0
58.70563549816718,2.4667316227112357,65.66164036059338,23.798955248176778,5,21.17545072595241,0
3.1592399885184363,0.6864854079410776,62.60344575226403,4.602049733283771,5,12.263919039126094,1
108.9078691050512,5.625906242417162,85.31137795807113,19.358280144082013,5,1.0093666639377075,0
192.4513664930478,3.3286035420596005,90.81388884025614,57.81744928804797,7,8.468798055441587,0
32.42210889476008,5.736860564644102,39.522151032460584,5.651542081147208,0,3.916277511876567,1
109.01350953033017,17.565112515590275,5.828747631155218,6.206251706817875,2,14.382504087135045,0
210.44673327730447,13.139304856508643,23.051098845669483,16.016580448931304,5,3.677414662719406,0
204.60759984614714,16.08689905970057,75.70774805468893,12.71889623269356,3,17.86418348834181,0
140.27338179879294,10.748567047043249,93.33061066267861,13.050426274019456,5,29.528153068809534,1
265.4241132275147,12.398711554704263,10.181297345747375,21.407394797147987,5,17.29997901206442,0
102.83339506884826,8.70600457263306,77.60682364324252,11.811778205596227,1,23.869630893706255,0
9.063621672039535,18.290490183434066,33.943361439101906,0.49553738479073534,4,11.054749290074438,1
67.24468034205215,8.028225845806919,12.214527987875169,8.376032467643338,1,25.9788180263038,0
290.6981702312882,7.5826784784172,16.41452708930018,38.337135229815026,2,26.694340687315847,1
29.036114292057423,14.50561233869891,66.2647402279239,2.001715861011479,0,6.821052894209884,0
176.19121656415203,11.730084371720753,90.42060039370232,15.020456032602732,1,24.848148884280057,0
167.03242586077772,16.479629025898475,2.146872036784664,10.13569089439324,6,28.71438725914342,1
119.26343124143943,6.477014058992618,90.31500767545975,18.4133352429358,0,19.81043415507522,0
65.94578634136722,17.860592562725294,67.74154957735882,3.692250753146611,7,8.269634196833737,1
55.50472027274029,16.889375399731115,22.829354597764308,3.2863690313629923,4,6.245634591776552,1
61.750683207588,9.897338425046772,93.72975226423227,6.239120110444862,4,25.661922553421256,0
285.0168076329138,3.8372653216440322,27.38839695913825,74.27602309000662,3,21.76767391554697,0
20.01687731985886,4.192263481854226,1.2130632893104676,4.774718336884077,6,5.963628840969513,1
287.01685785102933,15.437447234047069,73.24014320772821,18.592248672955318,4,11.688812994942598,1
51.00593864614862,8.644027448877122,25.050475731245903,5.90071456248955,5,8.701138014185121,1
292.7960327361618,0.3451646669319164,36.18442040983248,585.5920654723236,7,6.682252876315001,0
186.5252096536207,18.32748933114772,76.30147719586168,10.177346513939558,2,17.134600467248134,0
126.01733697237623,17.107454422359922,91.42635060980727,7.3662237444086385,3,13.88845119554836,0
184.35454778419106,14.70718376997507,68.47180301135131,12.53499994747829,5,12.153187198444636,0
53.70317729003512,0.8173111208366834,92.56038784092163,65.70714128428725,5,16.14708545717835,0
218.0674407024311,14.129521091123491,24.441614595093807,15.433462981234825,4,14.726663508080739,0
166.17759859046475,19.257347322483906,16.608803672472927,8.629308897412065,2,19.051730167343074,0
283.2498375530858,7.529300833651547,67.98523579961969,37.619673301819155,7,25.463723388953923,0
264.7228983708612,14.48282311747305,98.29161179482159,18.278404439772636,4,5.139416139990207,0
5.352249493487959,14.648323545980084,78.81046517030676,0.3653830744991135,4,6.530871837800317,1
14.725448363847493,3.0863292765275863,3.7056312309971307,4.771185134340242,4,21.825249261865668,1
253.226268697048,12.710416791283173,60.78702641322597,19.92273525371025,4,2.875792002202764,0
143.38250438971517,8.619929728658454,71.94783721622707,16.63383680646666,6,0.10741072774677174,0
243.96205260288684,0.3357620327315436,28.164248257502823,487.9241052057737,0,24.998115800657487,0
25.013311305577446,1.371615468354832,55.71251877094203,18.23638759015992,3,5.990176260744104,1
177.86673421422702,17.304518366414165,70.18006632487345,10.278629572230301,1,0.9246888598071745,0
57.487465770728164,5.649871582979971,21.7003982613997,10.175003967153346,4,4.330824282305038,1
227.3897067789883,17.449353416607952,51.85815240273157,13.031411614516516,0,29.403976048222415,0
297.93388413159937,14.688413011329422,55.64727159932944,20.28359931748909,4,16.068203638835936,0
161.10297723188683,10.800259184840066,84.80091757692195,14.91658435919957,1,14.116878083425318,0
47.26224530025501,4.161120088757448,59.92003857379665,11.358058477559581,6,0.6029304378106581,1
104.19937896691167,19.739417035157025,63.46303472865669,5.278746519277983,5,19.783701448818835,1
182.1221498257195,14.006734968931603,69.76040777342635,13.002469899636525,1,14.188116504163887,0
78.85212953992607,7.484449489275566,92.6940685660193,10.53546151295602,0,27.495645556463913,1
274.38868620349905,8.860486838492136,0.9370028856755419,30.967676066227767,2,11.140041454672337,0
73.9447623638871,1.4110070518018247,80.57703974746725,52.40566464176155,3,0.17078863835941815,1
143.47848097046813,12.781955337077216,92.65848315955841,11.225080763212604,5,22.78798398857571,0
292.1226172835251,4.466826062074696,35.34000467626417,65.39825218711194,5,26.18203602688126,0
203.22476788276435,3.6957755522236835,3.909729446247878,54.988395537301386,4,21.849925077122133,1
50.66615767920002,1.2180811858084217,57.15266275555413,41.59505808767062,0,18.096213082575115,0
262.25382982427254,6.210845714244815,77.4981363649755,42.22514000352371,7,28.009825412666114,0
201.54705257853357,2.4462415218864275,80.8375095887705,82.39049610404368,5,25.878152765641335,0
67.04511859364641,19.752519564902627,35.070092431980356,3.394256533874083,3,17.95879321985195,1
239.79995461700412,0.663752122586776,76.83788039881294,361.2793789381122,4,27.008465571467536,0
15.967800535326083,14.521763278505412,18.617376294581767,1.0995772503027261,1,10.976419554293184,1
200.05898797156294,12.243131475299567,76.33389034524306,16.3405080126094,1,18.693971193537397,0
172.705918103449,10.150959532750388,81.33754366451204,17.013752990172208,1,24.72823069410872,0
6.4250481195783475,10.442471580323627,29.91857444637438,0.6152804027434304,1,28.40426764575624,1
58.55940511591099,18.980500060816592,45.630237115850555,3.0852403745042114,3,3.6061981986075855,0
250.83800873522566,4.6496294669150595,4.735542160480389,53.94795661032575,3,1.3833363334676008,0
202.7418488559455,8.383262395364778,43.678104334953595,24.18412299345948,7,0.974090250558246,0
263.1548961066803,16.023588664785933,5.76817479288898,16.42296876260933,3,11.722858624840764,0
270.1587686315742,17.72828485302643,84.69114421178307,15.238855358613831,4,6.826587169451194,0
1.480497322434371,17.848326569732464,60.439568199311445,0.08294880288357268,6,7.698382978452406,1
77.0320160732408,1.5996568647366471,67.75098269444717,48.15533741726707,5,22.634099554306005,0
160.33835533645814,19.133536277602396,67.9876753017141,8.379964529826578,5,1.9153264527038616,0
124.36151575361565,12.091177816365237,76.63077851413358,10.285310301639441,3,18.480162528602428,0
190.30635679581926,4.692836518076233,32.32068029078932,40.55252213938892,5,3.1234366098704305,0
280.91278548531375,3.560650475113254,58.32529133145255,78.89367053821219,6,27.33221276435026,0
13.89079698251855,17.42036925249871,48.741811600788644,0.7973882057939793,1,12.084529658437651,1
84.52460589358805,10.105555899876641,47.522693860574265,8.364171821029641,0,6.198290352690341,1
249.34848619000223,7.32203910948277,14.775924467392155,34.05451438617299,5,5.3152575196911656,0
267.0132207936868,2.8583884294335427,45.243213705311966,93.41390345839099,5,21.52224112119921,0
189.62039469058467,18.344517527884012,85.42934622407189,10.336624792794801,0,13.331568108411307,0
127.82104695968933,16.068661257638666,33.609330116294586,7.954679292210867,2,11.197687422631628,0
158.03529102415703,4.079953310492746,18.88349003583891,38.73458321636301,5,17.26947385932666,0
203.70730121424938,11.541424169152739,69.61931525962328,17.65010090857822,6,28.769168012777808,0
242.91214853154588,0.9873733191456924,71.42176047256432,246.0185461986368,2,0.19730541687654424,0
192.02821026324554,3.8483802964374747,39.99456428303386,49.898449599955086,7,22.113943019823616,0
67.24149225197522,1.5374336227119456,24.731576332162465,43.736192092225124,3,25.0311205925837,0
77.01229531521241,15.99240034680492,5.097564715545966,4.8155557417994785,2,3.77016317186584,1
231.3433758120035,1.885796871423271,28.40941265521343,122.67672055124436,3,28.280207859340045,0
214.7930853611379,11.957679945430646,98.30252681642546,17.96277257305387,3,16.574953281584378,0
257.3448661241661,12.408975663461682,42.480297021756854,20.73860672335106,2,25.931669105408695,0
155.84734996640617,11.6265613924525,54.22007739260967,13.404423260309455,0,14.460632781153931,0
69.51441231357121,8.572423495437366,25.428248529452922,8.109073513525077,7,3.9893355035414624,1
42.676663779819975,9.916203021534866,46.69591637354012,4.303730337825852,1,14.312588231225595,1
96.6983872331289,12.283431736373345,96.377179277356,7.872261539646809,0,5.1070733708869565,1
242.93110474804013,6.08423623316197,12.231503699070679,39.927954050165,4,1.687522839608645,0
202.8966083354283,0.09308114034604298,6.5951656567696855,405.7932166708566,6,19.421694498250826,0
154.15202928635486,9.983212073283918,54.9691494403001,15.441125376759373,5,15.546843362588325,0
89.14958523526388,16.062565115668345,64.06495764313091,5.550146230896974,6,24.49902667900484,1
193.94951831734363,0.7963753877989999,56.132446412220595,243.5403219245335,1,11.378430337654583,0
272.46372912015045,14.459444635464022,61.500433054907234,18.843305257512522,3,23.43011272044444,0
242.2359872893827,8.986598867715356,75.09809713732034,26.955246456990892,3,1.0927743618827057,0
140.2457615653752,11.93397965929494,21.38184887236656,11.75180162605212,6,12.037407399105424,0
198.00609733326402,7.4943641355787705,96.9968269716831,26.4206667505318,1,14.059311511196924,0
164.99924553820617,11.634635102309927,51.85336309938048,14.181729301114688,1,13.111924369980327,0
44.60194601500046,19.314016530729162,30.45791490028399,2.309304537667629,7,3.799103198951206,1
229.3292708339057,2.886034632340919,35.25241048362633,79.46171825661435,5,16.060157120186666,0
107.77528695330277,17.18354600507989,16.42824374228856,6.272005028615262,5,8.933905573284505,0
240.17477542417643,11.607316801093004,44.90297864358268,20.691670567788787,0,16.827415790210217,0
243.8349912214093,12.805960983733872,12.791866778520955,19.040741380606143,1,20.361921307028034,0
84.95642981099074,0.9308545004654878,13.399525164553328,91.26714193088931,5,27.261764265974307,0
224.46376750918049,16.852339440812752,98.23636714350054,13.319442579323876,5,16.773067967456676,0
173.57273537435293,18.98832108874934,31.732950743541778,9.141025926573123,2,16.293388623971904,0
215.78680713517178,9.740939090588272,49.55235244257512,22.152567132225037,5,18.904229245346528,0
212.12395125489394,17.313596610272285,48.17207460833686,12.251870944540734,0,2.2137965044461785,0
74.55775306745306,2.331253104224986,79.37182273596898,31.981835405314957,6,1.6649507979411593,1
283.82565430729335,8.574947367419576,71.54324395847283,33.09940482966531,1,19.13178170606872,0
169.04494933025742,11.359044374349722,76.95762336469143,14.881969271286946,7,27.200868483193208,0
55.18475177285651,19.960248925015776,92.17199241585408,2.7647326433737294,3,6.375989743029188,1
33.46514314468778,15.564429801151727,56.81882381548967,2.150104023869313,1,23.49285607300407,1
94.2467320638951,8.859236622697175,51.12770780201007,10.638245266238513,7,22.725196466653,0
276.46997044754806,8.572344502654417,16.639192987320673,32.25138354646613,4,21.2819742737384,1
36.32624879654334,18.495170189411294,95.88571562328704,1.9640937836484766,1,12.25260914380496,1
255.1279894607275,10.12468118426523,31.271593471826563,25.19861957305105,6,10.769585054796945,0
82.52533954930857,12.914427873157956,39.77624913036214,6.390166127361606,7,26.358156580620633,1
87.38003972101905,7.9037429384284135,88.99601846103788,11.05552652733336,4,8.181734327240756,1
236.3176936733735,9.310460142563581,87.7454218664916,25.3819564290949,1,12.851553377237654,0
62.9791025605147,16.656634626801765,88.84923332747755,3.7810220354582693,4,0.683939426290523,1
42.58725318745405,17.238922757341125,23.56442477010351,2.47041266945282,0,0.4298520884431267,1
238.72895610714167,14.010169820798769,31.074541187673756,17.039690393526644,5,2.019252682015935,0
146.0769791944934,10.98595379464294,25.285524892425272,13.296704312166744,1,20.23065506651128,0
85.91192664640332,15.65134627978929,94.6760630043236,5.489107780928857,5,1.9714780642827034,1
25.381442953880786,17.444165774026757,85.10187949586285,1.455010419109415,5,11.708336680272387,0
87.88710573490995,8.977468872531189,80.73794750411555,9.789742184884933,1,18.734294816328717,0
283.29396902113984,13.87265012384689,82.67926639918794,20.42104186958204,7,28.687740123382987,0
32.61679614591817,5.80821428820755,15.428358055955371,5.615632366068215,4,14.63943635821931,1
243.14110921073686,10.620258541682212,21.00565176308713,22.894085700123092,5,2.744978995239127,0
251.7306581707446,15.478306197075138,10.339092951246066,16.263449951540107,2,25.263076224833675,0
124.8364529969761,11.36472760399261,68.46887289803438,10.984553026428813,3,7.636687911908625,0
285.42880533414063,8.451865608217288,57.17318440749375,33.77110079183391,5,15.033902450200987,1
271.30006770198236,10.756919682970567,57.36667462044275,25.220981070583,3,5.643289620138803,1
269.3989206813838,1.887480065867968,4.820581619308506,142.72941238057484,2,22.786082759675434,1
222.612943859329,9.033869196212354,14.079909372459298,24.642037539426,0,12.806271215189671,0
167.91823919830364,14.937233683707182,9.568120685549165,11.241588821192561,5,15.835588820958872,0
56.51877454411337,3.345499492231483,61.44176501259643,16.89397193912433,1,14.771502152213923,0
176.96205979899673,9.616431002815702,27.402287738868313,18.402051628840475,6,6.376603786139846,0
24.875342433803706,11.06744721696662,22.356040263347797,2.2476133787807275,7,1.849447442633334,1
7.497595177465033,16.958727563023473,18.49021067467318,0.442108356868275,1,8.674152637660006,1
230.7433793669463,17.949041221002755,47.57274637284856,12.855471026326798,7,28.199566205507455,0
241.04705943953348,19.184968658955885,41.81250861354319,12.564370769873968,1,5.062367749837474,0
215.98875493146338,10.424809969535174,43.213781316640144,20.718723464759137,2,3.3892959639534714,0
214.33044714492266,6.789393420090699,4.243880298495717,31.56842355175515,2,2.2401291540113686,0
209.55631764449055,6.1560238902695374,43.76435718554915,34.04085516557592,0,27.770087090745946,0
94.85739038367012,2.6662864960669985,72.33993312203847,35.576593334434584,1,10.247289223055713,0
247.39804240474024,3.9856869202279865,42.430348534224294,62.07161961195606,1,3.872332006796971,0
216.83563763236964,2.2885290997440055,54.800914015953275,94.74890996868899,6,9.567380132388596,0
60.16092453542732,3.2648570262152887,56.45861996603097,18.42681748461356,5,22.521497863709115,0
257.4626840768873,16.78956798871609,47.600823600746324,15.33468188400812,1,1.6250182603750896,1
244.34901372484956,4.28323941836398,13.91378111572309,57.04771315776244,4,18.8987311168785,0
163.95818585610382,3.6539846479671523,39.172407564403244,44.87106587799154,7,24.70998156504413,0
205.81172578358726,4.012094377440709,50.05869314888884,51.29782762360474,6,26.246450127280973,0
270.9999651846962,6.472538349068689,16.604203691559473,41.869194212451355,6,11.009520363173603,0
90.977241575278,11.618771411638647,60.57203545045206,7.8301946352215115,3,25.384279455578454,1
23.934095940965726,5.5202826506478875,76.60901152903008,4.335664938851764,1,9.045230314871297,1
173.26657118802146,15.8243636014044,42.669227496584014,10.949354776747178,3,23.664403980567883,0
31.81735106657928,6.573050156948317,77.24998565909415,4.840576339273088,5,11.97117393984986,1
299.88233971198486,1.4077660781557433,24.822460139197066,213.0200069210706,0,10.931655692160563,0
184.72686754873945,6.281610702135794,97.08107776775718,29.40756380937949,3,22.058842262319985,0
271.302915602816,15.22327774303551,87.76901599336313,17.821583510616446,0,9.020416687246547,0
270.46522430021383,10.47451061463849,36.14508112164396,25.821275499232332,2,27.17495806645282,0
142.98913750181336,19.42320807649496,90.49558039004276,7.361767270302376,6,27.765339712564476,0
113.08638215326481,13.438274401618308,52.31032527824105,8.415245795222514,3,6.616925775821717,0
22.802554439496415,0.13622223762982832,72.85446412280702,45.60510887899283,2,9.7642426750071,1
247.13883699989543,2.4663684646868833,4.030858062826848,100.2035342806213,2,11.913298149096432,0
117.8060888769888,16.21464593569378,10.954336840652578,7.2654123527704515,7,0.8808512627057585,0
78.7045685928702,7.7080377269434885,77.9925794228703,10.210713982075871,4,18.11187950990446,1
76.56114951728026,9.679332582713167,36.553315526351206,7.909755023193941,0,0.23572461373643439,1
256.52718121503153,17.432031499519674,65.73713561437361,14.715851174437123,5,8.115466003851589,0
237.31957666741147,18.568125129543912,61.31876888327981,12.78101989359228,5,5.706495309905635,0
299.884646245116,4.633820886436551,89.82610561574737,64.71649500370093,5,16.54319698270197,0
229.41351618072366,7.006400084103368,50.45898682526969,32.74342221781394,2,17.304139945557772,0
248.58904923128296,14.874850253392491,49.88887537233144,16.71203709594236,6,15.511010006731567,0
293.3981216032168,0.6071567362470298,69.50635511549754,483.2329184335095,1,7.082585883288327,0
151.8012447848367,16.694441812882204,38.66780485712382,9.092921254048749,4,29.30194510833816,0
269.2001176752142,17.81817018469162,59.356984200097564,15.108179733657272,5,0.5385357725511786,0
290.8882088347368,10.924623318276144,87.47793971331473,26.62684106902806,6,6.430472871070841,0
280.1455667587236,5.501341044991543,52.09748241227178,50.923141188232634,1,9.180200306146364,0
200.31826375387152,14.091819592822024,15.19692185053001,14.215216312867645,0,13.587148506218318,1
177.66790982094847,0.16647385019476824,71.10935450583946,355.33581964189693,3,14.664557725950857,0
215.0918734298864,17.48172610052511,77.76844045438793,12.303812117467368,2,2.886020786802784,0
271.7425574754522,16.63518433187957,31.002901535423945,16.33541005942966,5,7.0585708164874,1
61.306474217952555,15.083089962263188,62.80717747946019,4.0645832101603165,1,13.653770382861655,1
12.014573422140373,18.323812762684174,96.95533116574818,0.6556808660808653,0,15.385804659629265,1
119.61421939018356,7.553952965862852,46.341040889528486,15.834652390706355,2,11.900057772610777,0
169.80751720877606,17.23736852969607,38.00828987771613,9.851127619406425,2,6.36149235523151,0
86.70521878681868,3.7823217854150326,35.467802312693486,22.92380810145812,0,2.4677436282522303,0
244.30727644863381,16.270238773286124,6.683969886588558,15.015592570759225,1,29.346569196003248,1
294.81916592353696,18.65300138052558,57.758723890187284,15.805454570508905,5,9.779166274076607,0
51.42229534580183,1.2999834199931026,53.4093607356715,39.556116297294516,4,29.867899311615542,0
96.42679160717572,19.242273646312576,80.31274125455788,5.01119531816107,7,0.8418858851417477,1
223.19020285821512,17.10910960264675,73.38401410145164,13.045109186961312,7,18.55443239048219,0
141.1239141675323,1.0951529230392243,11.72787143832733,128.86229055198143,0,1.474905829872345,0
117.23686703543423,6.000901252268321,48.77220436855894,19.53654328024796,2,24.036953061608486,0
269.4526625978662,2.242377000558482,53.99807126509638,120.16385404004627,6,16.915512958096624,0
117.76764717394357,18.16765605821586,0.8891968276119933,6.482269743359994,6,0.01855436126010468,0
252.7558991463252,7.257061297386304,52.406895703951484,34.82896020698592,2,0.5071958449231961,0
121.89527575898585,1.9797112305441855,69.62449714026832,61.5722504768936,5,12.58717486546924,0
115.29920938339404,12.202506024809136,97.60236243526315,9.44881396894844,7,5.003974647459905,1
68.20790168507733,5.4563335406516185,99.61564857016822,12.500684054027177,7,5.735476085083674,1
255.8863823960651,19.692454608902366,59.967988876521225,12.994133411910294,4,5.408042760115616,0
187.74831834386276,8.058533105046077,31.469714169971652,23.298076200282512,5,23.891563254089906,0
250.7059732274721,1.6553512841119677,98.43277512592891,151.45182514052672,5,24.3962925347973,0
151.08124296107422,14.604307267040827,67.51002010007932,10.344978381962433,6,16.165156160821287,0
5.48547416316969,16.040599400295324,30.680436336514816,0.34197438800626717,6,12.423755526916896,0
137.722013815513,0.9357508870822939,48.70707861679202,147.17807454603155,3,4.535035540776695,0
282.0331140532678,14.24148826286028,18.116981521005016,19.80362647833436,6,17.277252261515045,0
254.17002665567196,10.406645618087442,81.45683889236115,24.42381877729242,5,6.923265498685394,0
142.15789867046894,7.34739706619099,3.7981393295585475,19.348062639027333,5,3.1613121634133803,1
213.6392142946816,16.971228414912716,31.20570583752813,12.588317655718757,4,27.333866755416057,0
17.49106485584494,15.254236877498606,37.94442169845066,1.1466365047500908,1,9.79649301161481,1
76.68266676163474,15.89241192217343,31.348224701179085,4.8251119551366175,7,10.4315896307291,0
5.164624248591609,11.590592099071523,37.808899998557145,0.44558761143922293,4,9.835842126752437,0
297.8079901936168,7.482440328870998,63.120279667725754,39.800917495395794,7,22.71232927165383,1
272.3877642579911,7.536583134343859,80.22220961246774,36.14207650901278,1,8.150231861932582,0
162.82881831555554,6.8079559065253985,40.82901274855564,23.917431392216386,1,26.896574650865134,1
264.08329649757854,11.288946302393597,11.500697640152103,23.39308642486721,2,15.732469970606092,1
175.22627483378687,7.734882339774911,68.19800666789322,22.654032360999825,0,0.9659009147929309,0
161.09453306078095,19.233895938121595,23.134775451323787,8.375553948042917,0,21.62434290426718,0
29.67675054301018,10.769850371477956,10.863577935551882,2.7555397261231973,5,27.2294468647581,1
288.3157662403759,16.975996763623797,3.3856626002304324,16.98373122090713,3,1.7742153770989366,0
190.54563802754657,6.552803107677945,96.6017540091029,29.078492806274543,0,11.273128355230059,0
282.6830258005677,4.1287274385475525,3.8024029836902895,68.46734980888274,5,14.173514650311962,0
201.7981502974052,4.190849876459229,48.06482974117079,48.152082810444334,6,28.741452098056925,0
203.24849816368163,12.559064412704096,4.088186630824775,16.183410760923085,2,14.713162257579008,0
216.5558919081026,13.599967603126688,79.6205620191877,15.923265277361068,0,21.40416827435025,0
46.21231593552486,3.48990124949915,10.9779985510579,13.241725949167467,0,22.605391611034918,1
169.19922669045076,7.103243647530615,78.76161145897296,23.819994791994993,7,29.398026399379084,0
61.69084907233324,15.149735018225542,21.11009321256425,4.072074461904283,1,13.491249467711935,1
51.98099457612949,0.25928720926593485,6.667810743429426,103.96198915225898,5,11.73995230365265,1
278.39041035950413,18.792101728328635,58.72691344465634,14.814224315305689,7,25.71197238209174,0
64.07329099623364,18.54582452061426,85.18808958672011,3.4548634343549507,5,15.844508522012875,1
193.52270728310793,1.1822742982011047,56.99817362847315,163.6868090404768,6,9.841327269512636,0
112.3492008207591,4.895672669775568,60.37083102215015,22.94867496235395,5,26.36530194754851,0
275.6387752628293,13.665915448281964,65.60130955989823,20.16979955027321,5,13.213056412419293,0
78.43988404002732,14.273881285063139,56.23853790911354,5.495343731218398,7,10.94012367093481,1
298.8432335072215,18.812622976826074,10.328193618311431,15.885250763561526,1,3.329959686867494,1
193.84784151324803,14.74965287518324,43.42769119943123,13.14253583820967,6,2.5484976988343044,0
209.1082757612117,1.8138418149168811,99.84516025564805,115.28473654181032,0,2.6025252338924485,0
66.2275600599556,9.97236569789971,98.73076467957019,6.641108245148275,4,10.18812494073363,1
196.6886307545325,19.864139903976998,46.561041023272985,9.901693791189695,4,4.731963392449937,0
255.87151286306965,13.304079178745837,92.37118344089848,19.232560887929893,0,18.818656881741756,0
299.24655335369056,8.979563281996853,32.86900065672667,33.3252903238235,2,26.94508136320269,0
159.48364840377744,3.015917187295416,0.7132480828420218,52.88064575367124,2,28.5465940515232,0
94.34581821181783,16.30937590761492,34.76552706951346,5.7847595607730975,3,1.2805253175410758,1
207.18744993062842,14.298654906536592,39.09338249664732,14.489995827223806,1,9.208446715335398,0
261.3860667366672,5.313143911418332,68.54226526063019,49.19612024340797,3,14.469146480349108,1
44.83442918870566,8.253449173671669,31.955498755864486,5.4322051599622805,3,20.720554312956413,1
170.0963538635697,0.29940271875360525,6.624244853141192,340.1927077271394,4,12.50054202468256,0
65.3612835072304,17.512391831123498,28.134607919407106,3.7322876359509354,1,16.365624012664885,1
212.0802067050189,16.990268612474605,3.027830483490479,12.482451663495493,5,22.51690540371797,0
2.0921084237404353,19.04158779961223,84.82659158478882,0.10987048169286806,0,15.891310458644538,1
108.0898776331572,15.114453498682238,51.02935777070687,7.151424802926621,5,3.7607868817313928,1
221.32245822478623,19.69934782743708,66.32778659614283,11.23501448695323,4,19.133387387276127,0
70.23105491992145,12.11073568382182,27.373250009985362,5.799074206015404,7,23.597504679645596,1
40.27521990062354,12.637473068358794,24.379183467252542,3.1869678125339034,3,14.731544459642157,1
38.36293936552465,6.537035164866605,15.055813907419823,5.868553311707248,7,0.8566734902881779,1
93.23714531776253,12.94935756431006,77.03017531678134,7.20013675232314,4,16.25286785901959,1
94.90531897517438,10.66753635954218,49.50812822303904,8.896648277207976,0,21.71525969104879,1
28.768670186531253,12.626271520969786,7.866533731643644,2.278477073675477,3,29.407500354558827,1
17.5875205761441,11.624126768883345,31.49308207295215,1.5130186486974815,1,23.708732008483725,1
1.1739646438616802,4.426933163942834,3.9063300025032777,0.2651868913277408,6,5.798472149689127,1
206.5816218160339,15.9884963001309,47.49846173964597,12.920641062058012,6,27.79955749460783,0
184.11739720191864,8.046329956058617,10.51343072159414,22.88215847565192,5,22.78568541586708,0
47.84336758371042,7.23780853371248,32.369322140059396,6.610200775671829,4,10.741138699431117,1
185.40592946002,5.77240104128081,42.219176355647406,32.11937773105265,6,28.846163784114975,0
85.86330744151837,19.011306302710164,41.11240828990563,4.5164338564824495,4,26.432279297911016,0
176.33821845098993,15.435631670799372,51.05513273818373,11.424101210226521,4,28.11390620961785,0
225.40219183573151,17.012648937238183,44.53113815145665,13.249094404244087,7,29.610754724510752,0
95.62429535639517,14.580363899879936,27.045402931542327,6.558429955042659,2,13.311337556948793,1
131.89159888907707,18.61177488892783,37.491072812814544,7.0864600327580565,7,29.58058539939402,0
271.17449536587344,7.4088320962930325,4.568255732774573,36.60151719480241,3,6.2148373222235325,0
242.46575272639555,5.276766070368608,58.22857440575536,45.9496876482641,6,24.604398957252176,0
263.60774451252746,19.85498474676308,2.862125906241708,13.27665308609733,6,10.74553964656892,0
123.65087114776446,8.0202194434107,62.33080547223765,15.417392506554705,4,2.777161462936162,1
215.66981359826508,15.916022629756366,66.63715399922772,13.550484226822592,3,24.901958312681263,0
144.27316133261363,16.611686216897244,19.20910412991215,8.685040124696094,0,2.004801895108298,0
288.6264371028164,4.544511958950017,45.26627220411328,63.51098637432167,7,26.01327711195969,0
1.0543254531308222,4.205273733459293,32.356368928929236,0.250715059222441,3,9.162179107625967,1
84.34151500829945,6.718780429979825,74.10314330636685,12.55309886775876,0,13.424727734117814,0
142.18899060247634,7.882528162593516,59.32352162645411,18.038500804504984,0,18.767778341962625,1
52.9548646290702,18.112637498864007,76.92494142576038,2.9236418292140742,0,23.289087599565658,1
109.26454763639587,0.41982939833842714,28.890693239172617,218.52909527279175,3,24.842012683208043,0
163.02960907147335,16.249859135798804,2.371691795332498,10.032678296411534,0,12.53424755611234,0
205.07847602521127,13.599206354640652,91.18989235530447,15.080179730873002,1,10.574024849177853,0
204.15217481772686,15.013591285053954,87.4375263887696,13.59782419419933,3,15.16818057365489,0
55.45371530304644,10.678380751182956,63.00414473640949,5.193082789907378,4,8.54217089678733,1
210.78781252706224,2.679425251981613,47.5560564022921,78.66904007535595,5,0.7234824692578024,0
86.27851033439083,3.6835709480246437,13.531172249646817,23.422518950166726,5,5.460367233183291,0
213.96543650924733,10.390911603345707,48.64486100238804,20.591594335222126,7,5.422299426366487,1
245.90301822024713,7.625110064746028,2.7842435678769206,32.24911065312439,6,9.181260914457152,0
228.68276967570438,10.059372487887117,18.544600605383877,22.733303687786712,7,6.762583172014407,0
207.8702483465427,14.113473894839402,98.89437275148106,14.728496321699405,6,7.13123626797704,0
22.906717690310565,0.3356415896217557,9.456443835939632,45.81343538062113,5,25.351074841688682,1
18.27013489319167,8.76215536894287,31.085825762736352,2.0851188005578485,4,11.083594538344695,1
100.69579816216367,9.401634949131925,1.6648293044731144,10.710456075670237,2,26.91643455824493,0
254.20843296133353,11.950263535441344,66.74097569267556,21.27220309471988,4,14.95665976837033,0
51.931054278445785,17.835362229229972,44.47869459772817,2.9116904726127264,2,10.50451792469974,1
72.04458914764272,10.148317570741469,66.85282721265138,7.099165812011431,2,2.3283786259096715,1
12.73253833185617,13.031094694057021,41.76212647470864,0.9770889269696573,1,23.743684629642466,1
104.60768805543108,16.602778213916945,34.32072468308937,6.30061347008453,6,2.3514299075531344,0
12.077387631649527,13.887541129724536,82.98229980571303,0.8696562997606104,5,8.56365329232876,1
273.175563828635,16.842683083096812,25.233898191037596,16.219242651593433,4,10.530279452167592,0
124.02496217338881,2.7377095347704383,82.65005365437445,45.302454697330965,1,24.98385677202614,0
287.23565413964843,14.800241754080742,33.231624691975384,19.407497452563668,0,5.207072736412623,0
262.94930465147564,19.150362216045924,68.35935965193303,13.7307744723049,7,8.299846741058191,1
14.509933842779098,0.8184481155617895,93.4406251361359,17.72859337921422,3,2.3290708455591655,1
271.6940890474752,0.7564056312779144,84.0603832284452,359.1909919925634,2,9.490050229160328,0
101.94078239493874,4.867457479613899,67.27100781712133,20.943332904682094,0,23.997774593888796,0
16.17347005218328,13.298853685810377,3.6724383721670972,1.2161551991086317,4,17.62054194934968,1
258.27273167799245,9.51786609660486,10.2833705696884,27.135571046762415,4,19.40420524192415,0
126.63696220544357,3.9524274991523334,79.14318694605117,32.04029984929592,3,26.95250576485535,0
53.97457051456453,12.85674854778289,15.324777106822275,4.198150902147985,2,3.704036421061059,1
188.69696063472597,10.158626757633701,51.017396834731386,18.575046129431776,6,20.00752225136986,0
211.41187895454973,17.48755058404363,22.43297597192567,12.089279052462086,6,13.228467138016185,0
127.41322191871241,11.449146567328395,96.6496460094574,11.128621785863267,2,18.984156094840177,0
94.04757445983478,2.896296542506309,34.5567823825748,32.47166617077502,3,8.846585378275405,0
63.758556096694484,14.506396277036526,90.15812386579715,4.395202976608575,5,9.436772172477665,0
106.63362953132591,10.874637270215306,12.367783598094062,9.80571828573871,3,19.882523262921403,0
135.12093751706956,14.633073306770374,15.728209016798623,9.233941133511053,3,13.34767437096413,1
204.43614972173276,16.895291616037657,9.605696645993278,12.10018473594585,2,7.490144185285982,0
100.00242755115664,4.566626848535527,43.404278910530635,21.898532739373366,1,15.760828043803045,0
226.16252380763555,18.998721900448466,21.511779219745787,11.904091495875676,1,29.884649111403107,0
30.81763516626477,2.4623125585626204,92.31761789889984,12.515728378632248,4,13.908205685857293,0
95.40141800698868,14.157930082734012,40.2179132177833,6.738373296766972,5,10.627115906344091,1
232.01539144673106,19.866588325739137,53.87474115085147,11.678673139168646,1,20.71699665417125,0
271.3130701360518,18.34925129838705,91.99642662280773,14.786056701937532,2,17.22821976150464,0
204.59159575216398,6.137264251414538,13.868755214312255,33.335960025675774,6,25.363710446781457,0
183.11169842917317,18.50162987409464,23.870194217056284,9.897057701146645,1,9.973850357531118,0
99.52112840165228,3.782652024520461,33.613043427627375,26.309881997213026,4,12.693252784577451,0
259.2503848124565,14.96465748911244,36.05626422833018,17.324177649977923,4,10.925110272890505,0
232.6949778960774,11.11748775277916,67.4270587737542,20.930536023114403,7,13.400710130978654,0
183.4213253442751,15.403717332353732,28.183913372453883,11.907601352760462,7,3.755694941546268,1
28.14413083735611,17.436302428832434,49.93078824178995,1.6141111885520725,4,25.437704687792806,1
37.90841296816624,1.5382415157703644,68.27037249699404,24.64399288377117,4,2.926887852292097,1
175.23656641238796,14.283633119974388,51.91936564999343,12.268346921298003,4,3.6926593042400855,0
200.30506652369775,13.202299014301957,84.02705322680708,15.171983781514772,1,5.6755272721965655,1
296.9650171104346,2.2693263047183154,20.385005306751413,130.8604304691634,3,3.854331778334638,0
59.796040443051155,13.68360796192822,6.425947661457531,4.369903070112879,3,26.95083218211091,1
220.26034590069395,10.73970812189451,31.92107631079485,20.508969461810615,1,12.452006045203612,0
38.39431570437624,0.40453914002298363,8.414463523605386,76.78863140875248,3,12.612886869114487,1
292.9655812326239,14.676181519784784,53.22507591194851,19.961975861206167,0,22.710086570088304,0
52.45115410391345,2.762137283158108,48.05496077926163,18.989336418479198,3,16.83273369458758,0
211.67504996668177,19.53474452741206,87.26824124656082,10.835823814826425,0,26.154976423649916,1
284.9274521351591,3.682285871001345,68.9229272690308,77.37787399370956,5,19.222343076177292,1
124.48643993597393,1.3682084949963103,85.92150688042888,90.98499270486523,6,23.867617372498895,0
259.0619965116379,15.228519123487175,73.86433888323435,17.01163418523622,4,7.990087995490381,0
175.47044680838732,3.3734227385020787,81.3061054168253,52.01555227741855,7,18.11617150023536,1
104.2830057561349,6.885285045644545,84.98294874581006,15.145779014930058,0,21.88752082309154,0
82.61596664067777,19.23210895734214,34.21680701599357,4.295730999856773,2,20.896989844895348,1
172.4197333585795,11.7944819687247,33.036372288925634,14.618677939038191,1,27.71259069090812,0
118.3188059722438,0.6893041215600104,34.79569238235894,171.64964240235292,2,15.29432615316096,0
51.0605086788225,2.207874133826797,36.99031273501529,23.12654869973131,6,15.652722464625398,0
144.44483884536817,8.830628991128304,31.585135027319467,16.357253712106438,3,4.682212466951016,0
61.71092381173155,17.24828260641834,19.649364056536832,3.577801061119442,7,7.847623981990653,1
186.8393554362426,9.433434258413833,56.87084156052197,19.806080194982815,7,20.061290822045606,0
299.69582296082046,13.172150953289206,21.77829010064427,22.75223112941806,0,19.0491673610505,0
207.73979027692906,15.402948510819357,83.0968058282811,13.487014523940545,1,12.918637921606436,1
266.9349869209295,9.633263922456614,50.29581975823278,27.70971386952901,1,10.611522051616642,0
282.5842048414482,17.294137699229836,60.46711774972283,16.33988405527918,0,0.6892882109774978,0
235.89766921070267,2.273305977029605,37.52436425330094,103.76855187744515,2,21.74325563078045,0
216.414252698587,5.7775520979383055,87.02456925948556,37.45777606675559,3,21.180954076233466,0
237.94763178607246,15.908839764748244,22.40073543922382,14.956944397248316,1,22.294019317337103,0
140.68561698976322,0.5617610965487208,15.065616695020335,250.4367387739919,1,0.27456872652039443,0
98.35159238668174,2.1884337117673147,81.75198709907946,44.94154511413365,6,13.76833573351192,0
161.36501270985232,1.4746810931967302,92.63576632716595,109.42366688926239,2,18.53518603373505,0
249.33712355475504,2.450473885049318,15.838141441597342,101.75057366495335,0,7.12327709749979,0
50.276058010215564,18.649157250247182,11.770287997645312,2.695889006434818,3,1.8483629108734856,1
56.48971513432816,3.077568375752462,53.96026968552343,18.35530790457791,4,19.613183614627793,0
146.3028638617097,10.08489954405899,70.15985035091941,14.507121585350513,3,2.917758148928865,0
210.83521116341979,8.5745225723759,2.7867857905552906,24.588565647101657,2,22.657342602746045,0
38.83680520268076,16.126634633008333,56.53994446810725,2.4082399140604807,5,23.650390673381747,1
4.464648350712985,17.254217683446804,13.442187891697955,0.25875692729878097,3,14.508319610155995,1
275.00015072187534,8.791633926568954,30.94149054370027,31.279754482361348,5,12.967435101366027,0
89.83643294216506,4.014989724687037,27.264277966742057,22.37525849438324,7,20.558631815567722,0
15.076536282655695,14.52846019560158,90.12978933333432,1.0377243066144093,3,27.103224041533192,1
144.80424721003152,6.053510882748951,20.95074682899025,23.920704862807593,7,15.072013584554593,0
169.98550293528976,14.168574580310537,97.34443486678792,11.997360918120258,3,18.996400470323238,0
55.55243931083423,19.603993230977043,58.22138805238322,2.833730794349267,5,19.371635838295663,1
168.1608626916096,0.44783791362606573,91.92830393397861,336.3217253832192,3,20.87519705239662,0
66.28898857618447,0.2088352041932251,0.017253923134064042,132.57797715236893,0,26.904738538673918,0
40.72897734312506,15.139654159236615,4.2522886458739695,2.690218476244158,2,11.958349668302844,1
72.4804866629274,4.168740412818632,46.8503412579479,17.386663472749266,0,14.181151983441882,0
143.3471055003775,1.450936596072847,49.1390540503461,98.7962574576763,6,29.095583693841096,0
195.18012173035316,5.355685206063622,85.43543051490852,36.44353882288924,7,9.842911782953417,0
19.389310761697732,16.2411725768729,86.62590862005786,1.193836877843889,3,13.978290763780672,1
175.2721318035035,8.720136329696718,66.42599340436513,20.09970087355267,2,23.0512627719412,0
77.25807794457819,18.89446765889896,74.43190108909114,4.088925887689194,4,17.705765017719724,1
111.0573636367364,1.0604656593484973,22.040885892055716,104.7250919044046,3,1.460187300949336,0
215.49334795828736,18.681046463359984,29.374968233571707,11.535400245427612,1,11.895262281017024,0
160.98591410172668,9.337754081434689,39.759949588723074,17.240324889450523,6,9.847643558989597,0
18.142326119634976,11.394544207926307,45.72778362112404,1.592194105229304,7,18.140066563392015,1
160.5144324303207,1.6764834917120774,87.40181753757385,95.74471399440883,0,12.828941664870289,0
59.07708396137156,3.396797245722498,32.333132588806166,17.39199595612186,7,28.946308144145586,0
139.08985234191897,0.03881930919062748,92.04958854577923,278.17970468383794,2,11.502735204174536,0
298.85835522626724,13.59784391516082,31.848123810555308,21.978363414883535,7,21.813852760941025,0
127.69553234489436,8.462629418772504,89.72953228415975,15.08934469724381,3,13.443141764523055,0
25.74947368470868,5.429682978602932,25.770366216639285,4.742353059318773,2,5.028886509252809,1
119.12093049955341,14.123798653958213,53.844569723672066,8.434057537783548,4,29.619970680954136,1
57.26684073450035,11.2498038436696,6.288589063896999,5.090474601183832,4,25.266630401527383,0
189.53525911225378,4.603606312740515,14.309621348159096,41.17103988403907,1,11.577997939755582,1
58.11111619866003,12.60802288913494,39.283349886828404,4.6090585898870575,5,13.646939972720718,1
241.58906720943298,4.140113741384985,75.08850788041762,58.35324396875498,2,10.047123388226728,0
75.13842868611721,15.282503639104162,35.70524920128824,4.9166308388016,5,17.500082224935124,1
84.48199217786153,6.886894774593813,81.53037999044847,12.267065919102016,2,21.117543410516557,1
211.2704349070853,4.569861357841509,37.0472759553519,46.231257004014466,7,29.458774792013113,0
130.0623628098943,13.08641824188454,19.18883970916445,9.938728871863136,1,3.0859885199821404,0
123.04638740371915,6.410490418261061,76.75665402274066,19.19453573367906,5,9.83970231043148,0
90.4656090246111,17.83028871740003,66.32215302244944,5.073704103082105,6,14.657318099104714,1
76.66497921562973,12.663681058633735,79.50539873042727,6.053925305025094,2,18.306443800785075,1
8.571726352608188,16.01498762313774,67.00699059915802,0.5352315315076573,5,6.861009655584152,1
272.866899391188,10.453897512677168,65.36550162601726,26.101929836244274,0,9.708092919462985,1
180.57649745326682,4.404283876086548,17.164712954672503,41.00019493151271,1,15.03662318119487,0
74.18234188909727,15.41195642150307,90.73468746317116,4.813298186179438,4,4.164144611868908,1
100.84306534936692,14.646440369796807,58.35812915281286,6.885158632627263,4,13.146171041443356,1
46.06094083114651,19.83839175123942,73.84780645236219,2.3218082094920227,7,7.470589874447268,1
158.31580114860768,4.237702914281942,34.95702942565011,37.358872094372266,4,14.404153074616481,0
38.53676847971249,10.154743046108162,45.24170428223321,3.7949525955244954,5,4.075078909167581,1
66.25608874784933,6.283211274563117,39.963366439218994,10.544940453630733,5,16.843898951406125,1
53.62403191395776,1.0239719860696606,4.133518245737211,52.368651333699404,1,29.2032407003891,1
92.1172059074376,7.842947050375351,76.72070453462354,11.745228587642831,0,25.799085427989237,1
61.45114449315787,17.61812222634217,6.875267910217298,3.487950855584239,2,28.51420809604657,1
79.87196779566621,16.229223101375013,99.50530491074629,4.921490529568177,3,1.2211568990428667,1
54.566720961448034,13.637594442523735,89.01452615466539,4.001198392533373,5,20.166639777387402,1
24.06921154056064,11.856532946324412,74.21512060736507,2.0300379250430223,7,11.296657841592285,1
226.0838747610649,19.614057923350263,33.89203513277956,11.526624202119603,5,2.929120053349019,0
232.46900220410274,14.285796420653403,93.46964944492552,16.272736595071127,0,14.439578469587852,0
114.22617609036118,14.796810181368487,69.72386395363085,7.719648673616826,2,13.109303401095985,1
22.99397663092665,9.496166634946855,6.185505977702199,2.421395655201172,7,7.746166532047468,1
17.392885682565485,2.273788230395899,80.29124484095522,7.649298844130763,0,14.154414290926498,1
231.03672242606876,14.709091394161547,67.43898888538813,15.707069609872283,2,19.4804620577539,0
146.41869787514824,4.755786805576438,40.731009165338264,30.787481411795785,5,9.106988039908273,0
227.01651729199537,11.456861105083387,44.43709923051614,19.814896524430115,0,29.098396509814386,0
31.229716958163188,13.158009096175636,56.20340344584483,2.373437860537737,0,26.59260997689984,1
262.04748983656583,7.95841817201524,93.40609282818745,32.92708226341038,4,7.7244226845533674,0
58.830136034657656,8.549659183282,21.01595344147481,6.880991952251627,2,25.460206927304807,1
197.07971618966448,14.546516956898278,28.3609495138365,13.548240913863916,3,16.04439735969641,0
113.43825405634877,19.844789774700665,59.10349543843206,5.716273910896587,5,16.97324055661636,1
205.7840604180667,15.733501795345964,49.3359503405431,13.079355320564332,2,6.922001418708751,0
0.8827119690510643,12.290375238714816,51.62267208505346,0.07182140104807476,1,7.169792114852839,1
17.766489968092813,7.863639823804192,86.07921633871605,2.2593214295384554,2,2.497896154931131,1
30.948146830278212,11.516276867118014,1.125144260558053,2.6873395965881364,6,3.7645237514572827,1
57.43775817744594,1.0026347802239677,52.90987331448696,57.28681999702379,4,17.2627910386441,0
116.89270422696684,7.385018774663521,45.079368325293956,15.82835572849207,0,28.16779609498986,0
155.1466935831742,4.547143820767667,74.70046673550397,34.119592363582136,0,13.401361444789758,1
154.63555782883057,18.35900751277913,8.206742457470629,8.422871319225377,3,4.963788250709062,0
34.19630248642262,9.599510572243384,48.62497536198279,3.5622964555401304,3,4.447160370240304,1
236.170562320273,15.782320232189681,6.7601564046844365,14.964248529096414,0,5.662193631822109,0
8.79651415133581,19.110106985891385,3.619805350296157,0.46030690240667427,7,9.225769061186144,1
126.83377826940816,15.191899309419393,10.044913186447546,8.34877691631143,4,27.98538735046685,0
97.79219978695312,3.294529301364635,85.31268196440449,29.6832083862318,0,14.291211402526276,0
282.52526289194776,0.9264239477054881,94.54596496672403,304.9632553127427,0,22.874081019978554,0
2.6340157797817176,3.382734568035217,20.124478646893195,0.7786646356091795,4,27.882479079939433,1
115.50929286790952,10.27643400573429,88.37552585672054,11.240211614598497,4,8.101398088283165,1
116.81257883944984,18.27413278310289,16.32514475824902,6.392236514088382,3,12.65495790597484,1
257.1554351022834,8.198518563071689,15.11492038638349,31.36608560729251,6,10.659215037876667,0
219.8439423921441,9.925898903276018,28.80720265393918,22.14851718060368,7,26.81960934221534,1
54.17176318958443,7.715580781950315,89.83537752272409,7.021086904606435,5,10.266572826356757,1
118.42925248489694,5.224379103754795,65.82845550790918,22.668579391526368,1,0.17514909718239768,0
107.49438103127521,2.924134763859094,54.18384758775899,36.76108993328704,0,6.248945332659014,0
35.970583683074445,19.083773643341466,55.23522180840504,1.8848779258930777,3,6.8064884568588235,1
104.87944138962762,13.484484040661926,39.774485882871545,7.777786756494934,1,15.164639127693974,1
221.12649691793078,10.540823193291335,18.95723922975324,20.97810511219521,3,24.97055136316402,0
111.45476032871713,9.183682143650158,76.96744619174807,12.13617355058177,4,3.643911231742194,0
60.31529030358039,4.425486728087192,6.437461945557144,13.629074949152587,7,9.363683993441857,0
290.0450018633829,15.424035431354621,96.33573003397412,18.804741674397825,3,3.1420673944605024,0
94.32495801891024,16.115593177407092,24.041086550032386,5.853024271619557,7,9.606621078145931,1
19.572163351261008,2.7335987584509525,88.15646014461669,7.1598522975449255,1,16.70079441531525,0
230.7386956920954,3.2732924078988246,46.76154316083752,70.49131789610267,6,4.5935155083523895,0
158.92079638760458,4.210999492712533,58.199533221936974,37.73944800103386,0,12.380624977514433,0
132.44095849590337,3.8323618019830974,46.285058789353016,34.55857388709238,0,29.32575133276701,0
201.90901646377688,19.15005371750788,71.15628382007219,10.543522198017762,3,10.119850854825557,0
245.01134374611107,4.64418114947398,49.86479551886603,52.756629395014464,4,8.159465022179045,1
17.84372745614624,13.29338149652115,28.127153133947857,1.3423016153426355,7,27.7839979857657,1
284.0211014263613,14.129174669832569,70.57310195793504,20.101747487967533,4,17.6766686956692,1
9.50913036379104,16.683528631997554,65.34891225252693,0.5699711717791737,0,28.12128232436286,1
27.997339292249457,15.089668605103405,33.51679245462789,1.8553978901021464,6,13.425073243937575,1
137.5185539461469,0.24921089038494104,88.36861352400297,275.0371078922938,1,5.728690780088678,0
95.81352153977485,6.188702819803414,88.47627300463849,15.482003956172903,5,19.13924414459177,1
55.00660324455908,11.617694751721592,5.14456019456836,4.734726158682024,2,11.974239270416517,1
23.768707525515374,2.3193697454786677,4.216223806727115,10.24791651777368,5,26.969681414697376,1
87.92011424264739,9.507394197982658,43.238692045166324,9.247551159843868,6,11.664231865587928,0
18.760897228096585,13.673357885648551,42.78122122790698,1.3720768069552158,4,0.29702274191220734,1
7.858441706823571,18.960416363843862,14.016286881577834,0.41446567185143934,3,20.01472176439173,1
232.39368556356766,9.668413618282145,9.113864607810518,24.03638225862938,5,9.632411508915204,0
8.051573642787623,10.932212667227612,63.393250502162836,0.7364999097506111,6,21.05329381547528,1
34.974028095796825,2.2598245249030158,46.241564339010665,15.476435320701635,6,12.531951295721518,1
110.02141381062968,7.540631241764801,44.32333876131745,14.59047794318084,7,25.57527782792027,0
271.0612248020837,1.2429191428111142,45.614931541484935,218.08435920378832,6,28.535309598037614,0
279.3249278597952,0.9577918665395435,73.98663721524198,291.634265875511,2,18.37205331976646,1
166.15578619544442,5.582566608700386,27.70596583621462,29.763332503098475,3,27.478958667529234,0
82.60340043070464,0.6564333138075917,47.00036707344791,125.83669764041966,0,26.578385313839306,0
238.5605310746817,3.117346593324295,13.310303735041117,76.52679095277759,6,22.134017705240844,0
215.9194535162399,10.534832943382463,53.309389586571555,20.495764353992094,4,11.959798102623981,0
280.7955245317398,12.430441579119112,20.232238389484834,22.58934429195382,4,15.531911362360667,0
255.3512835151674,13.709963678117491,79.21185041066488,18.625234137033804,6,0.351411735172531,0
66.71917551872485,16.091516584276675,90.96893413403009,4.146232902864943,5,18.24990930920406,1
171.08514549284186,8.750152583231639,70.99074970563055,19.55224710260493,6,3.155413998795434,0
154.82463823816795,8.338246924807924,73.62372206990531,18.568008315696936,4,22.503197977529908,0
140.7191532976722,17.853281511883015,6.108645140638858,7.881976946591614,2,23.558004968465095,0
279.8822829467501,4.7874460347772345,57.630494066123624,58.46171025503232,3,21.41557746117744,0
263.62192680208767,8.339713247169783,49.921166669463645,31.610430597425164,6,18.119295532957356,0
182.38256814706432,16.605224138482416,97.2760407443944,10.983445127030523,4,6.265224096837163,0
178.82957114543737,12.928809070897692,32.19617287829054,13.83186727909662,5,10.460983801047291,0
206.0946319954449,11.69765123658772,81.19828779150924,17.61846270051423,7,14.797815251223115,0
273.1285272514167,17.751128721812293,92.80041586175085,15.38654423230005,5,0.08064240193285666,0
252.60799819435798,5.29053602688397,80.91933550328257,47.747146397023876,4,1.313844343399596,1
59.67370676988683,13.215006493255476,67.99953154627389,4.515601774417774,1,24.710577296967116,1
276.52895129266113,3.255301352052531,38.70315721775807,84.9472664391898,5,4.559909780392653,0
184.9615335790451,16.941718274790883,66.91465881647196,10.917519142923425,6,29.186765656284713,0
8.660906319169392,16.525638871636087,46.56860511866827,0.5240890465078847,5,12.837687267752953,1
223.77378485753968,6.420486739200324,27.961096468638768,34.85308730431407,5,22.228075950851746,0
19.401490021529256,16.562564092948517,35.78593756199114,1.171406185216781,0,2.0286195760823853,1
253.5552297423402,15.66028176775239,74.20905938158795,16.19097494557604,4,7.273861623464438,0
102.79247999010582,4.433988392691681,81.05740505672063,23.182848236484666,0,20.88790569773836,0
113.7842639643867,16.86541132068641,37.916901080111764,6.746604740367267,4,5.706411877482834,0
296.82218220271557,2.831019700188795,47.202531530195245,104.84638527344798,5,6.344467033415954,0
16.50447570175706,13.726925530972885,65.00683124250227,1.2023432096660698,7,2.4858492289079948,1
281.9077705297915,0.564735328018191,31.705545657026757,499.1856477601323,2,6.248735594403184,0
149.55020960146493,1.8814011578721446,3.4580063925772953,79.48874113089495,1,24.78712867285083,0
241.20723823928253,11.691314511090315,48.711171670989415,20.631318917173488,1,13.394798436730635,0
276.52608107931917,7.527050283460244,77.21859627664851,36.73764232543402,4,12.435834284224104,0
23.532280134342976,9.994885818545274,46.61140374536606,2.3544321127390355,2,29.17524366924459,0
42.354961185210385,4.8189387652615405,10.850999103447911,8.789271507356794,5,22.178725224761735,1
222.76217648823595,3.9343020143809992,36.302328880071336,56.62050744299153,6,18.679715323806853,0
127.40288610067984,4.649383944513497,25.585267684860558,27.402100497856612,7,0.5482760927313068,0
65.65538493038686,14.912949859441477,30.27841537333309,4.402575315360565,4,20.698280264749222,1
62.770290758292155,14.464605204086103,66.47097428921494,4.339578569386753,1,21.64671010971895,1
216.99630819756507,3.990725400059103,2.8612583571822725,54.37515399940856,1,12.828104017459072,1
27.606355815400306,14.574105970692807,58.23060198851198,1.8942057832510728,6,0.409925795243552,1
239.3653317416322,13.189216113895272,68.95598367244317,18.148563923329224,3,20.444584522281673,0
73.27546008371056,15.199020889432166,44.487356259766884,4.8210645025600805,7,18.573156461403524,1
14.792887682494127,9.416376317401127,76.85112074207447,1.5709745642978816,5,22.936180783957305,1
95.2553582642514,1.0860090969725933,13.251319486848123,87.71138154347825,6,4.452100861238277,0
286.8655363586714,6.777499462557857,72.3053899325423,42.326161432170316,2,28.387981603720807,1
47.987789604282085,5.74225824880987,68.94184099030079,8.356954272167739,6,25.850670277457315,1
43.176854919295074,17.230463812827715,10.956423042226426,2.5058440323092652,3,9.219846014639778,1
194.35204522995912,13.249418614131327,4.239961128998626,14.668722522109054,7,25.3503709176761,0
171.2629153481335,19.47447095939976,49.963774954203835,8.794226847300818,0,27.05214086387327,0
93.26948280548308,12.049853647840427,33.2736586975264,7.74030005104658,5,4.20889061057559,1
273.09161973869675,6.913459365858325,78.78757154006021,39.50144280696031,4,6.297326365693909,0
181.4814860771723,10.615403754881603,92.28682717315823,17.096051197649093,3,29.689021015452894,0
102.57882564710464,7.885904418187937,50.32116113622153,13.007870778970933,6,24.727685003667556,0
45.97618077669918,13.425169846036509,28.539509426827458,3.4246256325965705,3,7.3456432769829885,1
7.457477126966627,14.663684177364818,75.44353985560484,0.5085677676063258,1,10.010566769164914,1
216.48750460264392,16.43507572336039,0.13544753336253157,13.17228519336447,4,25.003071088859624,0
254.0390549385258,16.86285282436837,3.490464595814835,15.065010504712228,4,12.659775635674034,0
9.818693669722933,19.5533440148365,87.63695660051908,0.502149078043776,5,7.837238000872363,1
59.19207600675311,0.5675972643710825,6.0903575845651865,104.28534406757579,0,25.155185486520274,1
255.77312810384788,10.848428386998725,57.81011952249718,23.5769752981343,6,21.876079303213405,0
196.20201384540292,14.64504241432904,23.565652238022615,13.397162554710967,2,1.8687010463748521,0
46.06593379370485,9.794132525104375,85.72343984997627,4.703421530761238,3,1.961536343697009,1
296.0557743938311,15.625939332380455,2.71202504906638,18.946430553479562,7,13.337787169585145,0
64.33124160187832,17.4018533664018,98.6646353810688,3.6968040269827975,1,15.025410662381262,1
3.3202705281601075,18.008637345980823,18.0670283285566,0.18437100288996197,7,22.56605015428005,1
161.10262346874745,6.793282736347825,31.18031614179425,23.71498872066066,4,9.093087221480307,0
71.75752172902062,6.975980855503778,3.309367361981208,10.286370220240316,6,18.553499201909254,0
32.09307583227421,11.11906499817642,43.42698189113218,2.8863106598925024,1,7.707469950025342,1
119.22834275128224,6.387928631261445,81.66635274717528,18.66463287767475,5,0.8094960172981258,0
268.7386991196336,6.785239736014528,25.561399827338903,39.606367582449444,7,9.077171569948565,0
232.86872015821598,9.863592745982645,20.97066637255346,23.608914738806646,4,4.003581140853329,1
149.40433056491906,2.4113097660104965,53.517482237288085,61.95982476863933,7,26.742274280091614,0
180.05522115909798,5.410175526042282,46.87602716930582,33.280846488693165,1,11.103608019961655,0
285.8730931157832,14.605083768888349,10.369965431937079,19.573533273718578,4,11.808159528388591,0
3.378382008795877,10.024007728026955,73.75154819935491,0.3370290706530461,0,16.719687065871838,1
40.72385860140354,7.681510192496075,18.457475224540055,5.301543261790621,1,10.645918220661919,1
213.37467116719512,1.3201053469401658,40.405463842021604,161.63457837798333,7,25.632728714939827,0
124.49108725245544,0.4896363680089233,91.9269711937939,248.9821745049109,4,20.544734671023637,0
195.88108024026494,12.649555570223017,27.349419068203407,15.485214413490377,3,24.191251254890595,1
134.56325639278876,1.4450155667932485,22.183432179575966,93.12235763065793,6,7.3294776529566334,1
24.06148278951442,6.2291688834413765,43.28523654972752,3.8627115815523334,3,19.06174453395315,1
140.87564579756335,13.071840612952023,61.92800622241214,10.777032092785692,5,25.378885920536046,0
41.567246980299174,2.173021227339278,55.278035499890954,19.12878091448538,0,22.442945783235043,1
233.86731043887357,17.74747936868651,16.277091194235215,13.177494425011528,0,0.8934366333748545,1
136.36014497393876,6.871168163952857,85.56620808649585,19.845263821267515,7,19.036676724551416,0
270.6453181801277,18.46515945666067,7.481290510624195,14.657079935613647,2,20.00575687988477,0
14.779994896287318,6.825997039852128,6.506147934664019,2.1652507040359774,1,25.258992920545133,1
147.74291260442106,0.14216357918102496,46.379950857729426,295.48582520884213,5,4.507276161558531,0
279.45891815113237,6.0657614970838925,36.56568717373462,46.07153088453641,6,23.475642570016955,0
117.07707519547353,3.168847384004867,69.5150358229615,36.94626500046482,0,17.450187062875546,0
36.581983593589854,16.637546654277415,44.45296754859547,2.1987606919307927,1,21.119125192870303,1
12.734502570501306,2.933082136370231,7.381660141296608,4.341679495638195,4,6.14573392674583,1
103.88375712636517,17.592035264592457,57.477248847619286,5.905158531341301,4,26.947342327425023,1
269.3503154113444,7.036493700882376,46.506389816275515,38.2790530143682,4,9.606313580446121,0
251.88027854563836,4.652294576884288,40.491009176866044,54.141085518777786,7,27.24238417835216,0
154.56347564101466,12.220580008978414,4.3450448292659205,12.647801947817326,6,23.107121212591082,0
124.3742654098364,15.374908620773844,58.74298083228214,8.089431194523511,2,16.391826469453676,0
28.545137047122772,0.4572080191874206,68.04772284911337,57.090274094245544,5,6.2622583510116,1
158.4596229722313,0.25623821581689743,66.21399020417546,316.9192459444626,0,0.64346746005159,0
97.84661095588638,17.009984578400545,50.51558094169811,5.7523045070912655,7,15.49869447378912,1
178.07082501328432,13.95133044115452,45.503954840249996,12.763716389943694,6,21.597358289638358,0
274.14911325568363,10.960911135441659,51.38525904554806,25.011525945980317,5,19.365665828094038,0
77.79468938849693,17.032261487516656,15.502700980143747,4.567490315100815,1,3.0118858173930354,1
49.846432621414436,19.638691572319964,83.78631582855473,2.5381748289010866,5,28.68677980266544,1
125.19476580281878,11.82095178781529,16.614879349039846,10.59092093852088,5,29.60017841676419,0
264.6236998256745,9.66860089244758,73.12697904516703,27.36938909458758,1,5.522114929612565,0
113.98432018624531,19.777536919997402,57.35202960329397,5.76332233115408,5,13.741691917109959,1
227.9489785773183,2.2657900204727577,69.86326713586575,100.60463525642886,7,19.038080919301482,0
169.11483839458754,6.763841797455791,76.7138651503264,25.002778518297074,1,27.27086859985862,1
160.01395639359401,18.979548252659903,72.15903197074711,8.43086222408738,5,12.105623312694881,0
240.2096755524797,1.5154514256283713,72.00344152884797,158.50701084192022,0,5.0558326808321485,0
232.80134685627095,3.027413193613333,69.11754901732053,76.89777772898375,4,8.500329540646478,0
211.17409199479283,13.85530389673999,38.06996162937073,15.24139012529923,2,5.50916590330103,0
248.18280879928076,17.667533239493707,33.78689015581104,14.047394474090876,3,25.436889425486775,0
289.75709979207346,12.913731818532838,80.69454988313642,22.437905933297714,7,29.261176111379545,1
119.6340411701928,10.217549613461284,71.90673835669202,11.708682188592352,2,10.537824408424132,1
43.578771932871305,1.7493898001149066,9.606953364361548,24.910841443118557,6,4.79525908226001,1
134.84068301254203,13.24749296685382,26.992773230543165,10.178581211548716,1,6.612133904187676,0
84.67327799457755,13.641519344663909,24.59337227920756,6.207026934114843,2,11.103129720507006,1
172.9791932634512,4.1901490180575,12.574298793918803,41.282348794278,7,26.20311618384783,0
294.66374040298354,5.782428212868796,26.731430247734888,50.95847791888004,2,10.363970404605782,0
258.7506432797676,18.48000528427924,23.557207278060368,14.001654182419754,0,1.0877037843767101,0
120.9090970721784,9.406379915818288,63.057153209417535,12.853945742596574,3,1.8919703678453548,0
130.79957072647304,14.702228545986983,50.52994815476445,8.89658124394857,2,17.047779897100447,0
222.89035658043082,10.257630244277165,33.345387295784676,21.729225100971405,7,20.98587340345142,0
158.29002382797066,18.857000647438873,32.36325878831904,8.394231234725515,0,20.259841755937607,0
237.5905853064361,7.0921181049704,72.76269501541708,33.50065266678575,2,17.16742214555262,0
242.71749695464356,19.86828643778976,99.17499293117336,12.21632764932317,3,8.635941963359665,0
167.9462219585621,6.542328037788034,89.04939806564853,25.67071247245878,7,21.2085362096622,0
254.97744708945464,5.396271949208263,74.99397787850593,47.25066666198407,4,18.55151169909859,0
25.376434004807933,19.166511359302866,35.9511756325923,1.323998589471576,3,16.14547302416182,0
283.5967118710424,16.222843156559573,47.97606248082333,17.48131995940381,7,9.964228191462487,0
91.70933075187381,6.53162355329523,6.560863617103685,14.040816958228723,3,19.55434026236335,0
58.959885830499815,15.5111320073654,96.55643570669548,3.801133650497136,4,23.304797426859338,1
125.35554271605102,8.728408220445282,21.50814910013944,14.361787344274324,6,6.79320718683895,0
72.83931114489292,10.005113311821654,1.0991481862356545,7.280208516861954,4,4.882028651477835,1
229.4990131084676,3.978719075321515,80.01672032469762,57.6816328983775,6,17.57633057621869,1
272.625993908923,7.7793622883428775,79.34335181600738,35.04477408353179,0,26.17544374204751,1
86.89930462277252,18.861011960117025,89.16436427183507,4.607351122332534,6,18.764683331117634,1
296.30222067699293,8.050970211026687,49.64502582514058,36.80329362927893,3,19.80220088641579,0
29.504235909762134,14.064850850454231,38.15054311883662,2.0977283174538095,2,21.859348022021095,1
189.03876249971228,19.392799932723452,30.742025389077142,9.747883913386218,7,28.30500658934423,0
289.6657229528938,12.565092592213421,83.72747874021016,23.053210378441577,2,0.6022095168326136,0
275.35945416205186,4.947866335116022,54.934757548038505,55.652161055315766,0,13.870362262754902,0
229.74805310519454,11.877550029262864,10.193402644664062,19.343050758713833,2,19.026283771320262,0
166.5910444688372,10.247404791813148,78.28784343587135,16.256900927923727,1,19.182123995095967,0
184.823521518268,12.531832999679784,97.89676277374514,14.748323052421034,1,20.287377318057246,0
152.78687770275798,4.738219089566355,92.918001753513,32.24563381613093,1,12.78354363388934,0
153.0073770370934,16.612732841633676,37.93733304211598,9.210247254060267,2,6.201094443131908,0
223.46944348541723,16.377285413350073,74.12777933863678,13.645084508526326,0,19.678116134200977,0
275.7695272581197,14.106700589369478,96.79352483571496,19.548832521896298,4,27.253288811296514,0
94.91542143301768,6.706229094555876,47.961262235596195,14.15332224633813,0,21.88623979916613,1
130.0821026966854,9.431099809871593,6.0987454543071085,13.792887926021908,3,12.151401635814038,0
39.06001297190208,0.7128556087843441,55.29373984552437,54.79372328782318,0,14.853767771399543,0
60.81633383109191,0.19093390300587876,0.1596351087175374,121.63266766218382,5,17.03713576249871,0
47.51096373295424,8.68744916334931,20.539568959639897,5.468919914189994,1,12.570071452173062,1
113.87757830623416,0.9506729241169398,16.86487843103689,119.78628550088628,5,8.618436764943299,0
120.02906598126322,10.473604041634925,35.78250207338591,11.460149295707645,2,8.881584131910522,0
173.3237248566168,8.436825469495414,77.24677671065513,20.543713448061034,1,18.90293089213526,0
89.8438525184637,6.001738601263831,36.338929435040626,14.96963771456901,5,6.875695260716748,1
159.78874545532753,3.571975162086014,8.840382407433022,44.73400239491357,5,18.757411104406053,0
229.22468077621465,13.080783256791662,83.92070115884616,17.52377333040811,7,7.840107466458891,0
236.6672014401558,19.62255289571115,9.888436714901028,12.060979154852147,4,24.295672433694374,0
171.56189452147302,5.011425355838323,27.75588640803248,34.23415143190809,7,13.389834055477287,0
188.79883578096405,12.803290137698697,86.06546565038902,14.746118673438055,0,26.069452547410034,0
288.89319319343457,18.662981897693722,6.306796666718539,15.479476686902565,6,21.10025128333764,0
19.872681664183723,13.272068025310471,44.75968167628406,1.4973312091443145,6,16.410531713310085,1
63.028406682888175,12.660224702203642,61.78366759094621,4.9784587687387125,3,25.43477259098802,1
111.56551347187715,15.90443207451064,81.90116875932104,7.014743622985349,3,1.8116376218915597,1
166.87102799366664,6.528532354620953,79.33190334095535,25.560266677020273,0,27.842925523002698,0
25.829864618724528,7.448034284360343,89.50861762776941,3.468010972098105,3,27.238604018654758,1
277.71976150276964,12.773328925080417,37.48443715275578,21.742160022002345,4,1.3405909843416997,0
1.568781435911526,16.07899547564658,69.01954220637695,0.09756712963117747,0,0.7199214018381284,1
32.35317643617736,14.526245641888218,17.427006966160242,2.22722217658794,3,28.31257250598002,1
272.0541313570325,19.894031604853165,40.502898022429754,13.675163323389144,0,9.957891801729094,0
93.30703017417649,6.709381276234014,2.5407734234936807,13.906950034973995,3,20.8630250316968,0
218.34383720860592,14.376907758514449,92.12976435162933,15.187120963428033,2,27.122730942570872,0
223.96993480809525,3.7537817958053,26.08498135427051,59.66514491022697,4,12.570573251834379,0
136.00503470390893,8.699382261431076,31.189961695349076,15.633872683913498,2,25.34399191507082,1
248.19907868712556,10.28829016277552,52.10499924584694,24.124424443737478,3,23.60674714687244,0
160.50230161142852,7.0292520751724314,43.056551906491904,22.833482125122295,2,8.589693364614666,0
152.62968351049696,14.676065202534947,51.58512708270428,10.399904974811216,7,21.37062578828888,0
196.4849645623192,9.147974241526382,84.59083001630215,21.478521842616683,0,9.617323016920329,0
160.1924740882215,11.75829761741827,99.388908000286,13.623781205445828,0,6.50457517661049,0
68.0044363530011,9.056642810360946,15.94044200386433,7.508790815422567,6,25.23504296908225,0
195.79251960617538,10.727977915151474,18.967457372054874,18.250645289794193,6,13.975185723633063,0
284.3130714628495,0.15182172159218688,91.40144939304929,568.626142925699,7,22.562990295899233,0
217.98952182630677,8.16986484467779,30.466242394830545,26.682145417413455,5,23.862012436040832,0
206.11924706548703,7.592866696739078,38.30014984624719,27.146433000596392,4,28.172931033434274,0
296.494912199274,13.543981561030865,49.429469136708526,21.891266675403465,1,1.276625718637473,0
0.3889267534711749,14.375395241979609,95.49200648543635,0.02705503027390964,4,10.800389496839161,1
152.40428559178358,11.372112726994668,10.102052208397838,13.401580625384794,2,0.3717923885493346,1
178.81203844505058,9.441570741783206,1.6055555825530532,18.93880195736147,4,27.96529292238615,0
260.02129862666004,10.272468398617566,55.07827332701331,25.31244570795203,4,20.138120503493763,1
198.72044757103623,8.704231174445638,89.41217288377975,22.830327410702356,4,25.908059931715304,0
26.604814828914904,0.4675743033694868,53.34982341518093,53.20962965782981,1,23.066112025927502,1
283.03972844002163,10.31272814572417,72.98132298509479,27.445669510581897,3,0.0037324935559168715,0
291.25809517521776,0.4066455611484243,11.652934698605765,582.5161903504355,0,29.0125989126535,1
24.246586973960238,5.877868232600136,63.62745151410463,4.125064736817775,3,5.512947152292716,1
227.67354431306592,12.115197871540834,46.8954593571134,18.792391732031195,5,5.490976785233399,0
19.819888342801526,19.861525516560995,95.46745162749853,0.9979036266008494,2,10.682936956394864,1
295.9220405373048,14.50726660471493,91.36302717214384,20.398194132665125,7,8.49421800353617,0
77.49217623596643,0.8999277009499473,34.936467164517595,86.10933539901826,1,7.280795669056928,1
236.48520155056792,18.10877886853797,53.658560061206,13.059146796553751,7,24.352739406291555,0
195.7931188494958,15.884825266168303,52.15201957779452,12.325796196606483,1,18.490618985017864,0
114.2159001594312,0.8687404892400274,76.33590815042406,131.47297907036318,0,23.479920042988006,1
137.42725501835147,18.59795866510944,24.74935890598745,7.3893730754532125,7,21.36830591819893,0
187.81521821381077,1.2885785071097766,19.996334384881,145.75380326269124,1,20.557550801424334,0
145.49849467054122,14.088942554263856,2.85140747274899,10.327140884431229,4,9.269692946551045,1
35.96315964051699,12.018737750015383,31.312828952315463,2.9922576221010364,5,28.97520730966541,1
74.60367855634757,8.136391483642562,57.09755074932738,9.16913581485492,1,4.9516546120320815,1
28.20361365863152,19.611170657779063,6.675380510513684,1.4381402390909355,7,0.3950101594760902,1
8.585648092523401,6.623638685696336,29.433187929704296,1.2962132296050508,0,29.974445468592105,0
155.0965344825826,13.094401947311269,79.65477650132621,11.844491646632953,5,17.545657356081346,0
187.43936618562196,6.326304633826261,10.802011515812481,29.628571027610366,4,1.2271036140347968,0
140.40257784877167,2.6224856361630855,32.37454226680413,53.5379778301445,1,7.790255485347572,0
80.83717825534622,19.909991587500283,72.44506923230105,4.0601312110094865,7,2.2744922854417835,1
173.720304746013,15.934138896781253,94.20084392517217,10.902396789142152,4,25.33253467839218,0
67.54464020621732,18.928879268351086,28.064325056071937,3.568338053650717,1,21.314101298464486,1
103.812522875997,6.852570754628866,73.28990635656962,15.149427359925081,6,16.144198113278186,0
263.0153128314088,6.369020652161916,13.487219599484702,41.29603705117995,3,11.0159556242752,0
297.5275151729568,19.263233677960695,80.28151088162558,15.445356690728499,7,24.029437253468824,0
12.585052076234538,13.460245542270247,13.583113936729985,0.93497938330417,5,26.41194426101157,1
75.20790104496207,10.389602299810294,68.47940181395623,7.238766111994037,2,17.666767151039288,1
213.01186678232955,12.5842327114634,4.203239198384878,16.92688554529748,1,14.208210056306893,0
210.09237103230308,6.313740386030496,89.28725940106813,33.27542125380135,3,16.748684712762994,0
283.0968112823152,7.832056296092411,50.02814889987231,36.145911186000866,2,3.5733905772780994,0
153.97576577616064,12.42580506952218,98.23689414582472,12.39161285040838,3,13.840436769650777,1
141.76354159714523,4.487339798094265,52.083329449534375,31.591889176155327,6,23.659405845400844,0
50.0541017752158,11.669125967013477,6.971572293276996,4.28944737735369,0,8.768254624221058,1
247.2131205545129,12.397792956694737,19.02107083336687,19.940091064435727,3,25.628841249266202,0
31.723559164953798,14.389833348603506,70.63250074047671,2.2045814149774348,3,18.41820625731502,1
205.2942634764792,12.235400843162731,52.462710277105316,16.778711715946745,1,0.3012786707931414,0
15.910068000519995,15.024932695642576,37.00545164592053,1.0589110994909228,3,9.833063124046074,1
266.06805340008884,18.077229219460616,1.5807149693805589,14.718409008923754,4,9.332638136539309,0
284.05384530803593,1.104272868277023,0.6457321782803005,257.23157153289475,2,17.431370709488476,0
249.68522167728676,14.858182348203457,46.618607872524244,16.804560330858834,6,0.4265709568506415,1
244.20542597640832,0.6697225050427269,50.4045419084524,364.63673258348774,5,29.804071734462767,0
184.93963222223218,0.9269623728862109,28.32511243481326,199.5114770909201,5,2.67049031127086,0
61.21355611698797,12.101609938361166,98.98046915898124,5.058298559346698,3,13.35895490417738,1
223.0480098886051,13.511581286410856,53.308164374980215,16.507913112503974,0,3.6342154255423074,1
239.3956063471193,17.196336257467884,59.06132705126217,13.921314561591952,0,12.02044940179363,0
70.71897635238297,17.737780609273205,89.98551717667202,3.986912337579117,1,18.35131496045365,1
144.20205378433218,4.8942014424248725,70.11754192938469,29.463857481290365,2,2.8063387684955634,0
275.57980189767886,10.682387793654149,17.63855938876333,25.797584512086942,0,10.682505591205908,0
178.97657838318443,5.201078010333768,52.63311027417086,34.411438941616446,3,12.874734844911025,0
192.1028481337462,13.699122675301183,99.54008535134304,14.023003712500348,3,3.1247917545805235,0
289.23320904955233,6.579509124788714,86.23569226070016,43.95969419053589,3,3.8051047224645504,0
65.67803005316128,19.589438121145676,61.10743513403075,3.352726589042164,0,18.210233535606186,0
194.0428127371049,14.580791721397743,17.32836214706196,13.308112237303364,1,2.0797538930148294,0
99.47679483214517,5.492184031625884,24.449490503375458,18.112429273914273,1,8.547477933853918,1
129.3146861273263,13.048766768612287,12.870450356723417,9.910107860796616,0,7.595869521219653,0
16.427198097035077,12.767177869040726,29.24624636232911,1.2866741785488536,7,27.16880005070474,1
11.652516866324936,16.423180801712448,30.14639868487513,0.7095164455054849,3,5.263606359278281,0
296.74297090856203,5.021475512833757,17.76808272219884,59.09477605738672,3,1.8868931660182842,0
5.103970865716345,17.229898387962812,1.4300989036905798,0.29622756622187,0,10.986322491411604,1
276.78376847536043,14.295377333933361,96.15637492620145,19.361767234947383,4,3.587113780988782,0
116.48593129187311,18.975731256657397,56.713414187499865,6.138679438295981,5,23.303081830867544,1
269.10387777822467,1.355916242801467,89.99934196303579,198.46644599686147,1,29.68419493032352,0
221.49756125345624,19.96733266232046,50.60461787129626,11.092996996611134,0,15.821122777032544,0
110.66531886256026,14.266248011451172,17.468992186892184,7.757142506826734,6,4.156239669088324,0
214.54500449714425,5.797092579191309,97.84517369229145,37.009069902946614,5,23.189984119622636,0
188.59012527317904,2.7329222253156815,86.17291060343881,69.00676628344038,7,29.273805625711145,0
91.84988201030755,10.827129831872744,25.196195802897414,8.483308451693379,2,23.35952265464243,1
121.23935681336002,3.957758641359621,28.997534019278437,30.633337653887427,2,21.533427130233363,0
186.81551564977633,4.676337763107947,70.97768655763625,39.94910656873011,6,19.271356044973512,0
3.6928809833111753,7.162304537086244,46.056066596859836,0.5155995481886486,6,28.184440373649903,1
251.55175563378293,1.893661428312552,51.14870295090784,132.83882317756323,0,11.580526000801655,0
266.2118230990237,2.79451101627072,41.802129346178496,95.26239887731195,4,15.165192524120748,0
66.80748443231607,4.7105940638102535,85.94056399279317,14.182390485644516,0,19.031082018867018,0
3.1861652541614105,16.15187862086344,84.80582024893393,0.19726282799363223,2,25.903201504058018,1
17.50953867902575,17.222348139643554,50.21705100096649,1.0166754577862191,0,13.851041714477718,0
167.11605440716295,2.0806221570990413,40.3668194335607,80.32023202144912,2,4.102574383645844,0
95.22284074746862,7.283095538618658,98.71127848944299,13.074501115981375,7,20.826296039559583,1
83.69600492747698,10.110835422545495,22.726771697918903,8.277852564076822,4,22.83471257058559,1
239.82131389386754,18.01067097467762,63.40348424130921,13.31551246652876,4,26.362726876191562,0
158.26036037036022,4.526217107785808,76.59540483513527,34.9652605258655,0,16.639568436217488,0
28.41033916388055,18.300709996651378,84.27714414999828,1.5524173198241493,7,5.56514466541182,1
138.26664162850926,1.1033268362481707,39.47784431147356,125.31793579741137,4,0.61670280022322,0
73.51968863921074,9.872280368694852,29.520937726534903,7.447082729978249,3,21.058608688683265,1
152.4328542501062,4.750801187299418,31.742612444941678,32.08571528053278,6,20.17864031265393,0
95.42020493305748,11.773094062891012,55.005355359678475,8.104938635785095,6,4.937072572224979,1
88.4421924997991,12.89292629884886,86.87608558099411,6.859745448765626,5,0.562719256399451,1
290.9305324431382,7.2436744484911575,15.849823138549567,40.163391454421095,7,24.63692560151703,0
84.8111810593594,6.398214065440879,28.078033137539105,13.25544600288633,1,11.619731403718543,1
220.7233161121268,16.64189095663766,48.349835385677494,13.263115152433489,5,3.157487227876923,0
69.37513035350118,10.981964417952266,46.01590256696228,6.317187682751307,3,8.243888253762924,1
176.53603844632997,15.379401870386369,28.841613313024705,11.478732393764735,3,10.319745454462062,0
248.5743160546374,11.446268698992295,18.081542379918268,21.716624219779266,3,16.56216660025337,0
55.38565173085048,11.615873637805151,29.69161000213004,4.768100399318371,5,6.554720675263726,1
205.02543664859806,11.590714686981183,95.52001206033228,17.68876572200374,4,25.204455815919513,0
112.46107256375488,0.5428290819885406,74.02667469790873,207.17584281184293,2,22.153505389486916,0
219.73859507105817,4.613987338265575,69.23380486762558,47.624446917892755,6,17.386143070822676,0
214.08959458212342,8.51711897452713,76.50598832538036,25.136386520185916,0,6.809493195780928,0
109.35927126706488,2.6273688867245726,42.001469757091314,41.62311269636688,4,8.010924024324,0
71.48138363652188,0.7911010267514107,83.17934282598048,90.35683334915406,1,27.107510801470877,0
208.58819358946582,15.751425850247731,52.52254861776292,13.242495985605343,5,9.865167587523917,0
178.79713965331163,2.4912707764883013,6.5014873137782425,71.76945249819224,5,20.942154478493396,0
20.51137332702907,3.0766392286573563,30.401495488533058,6.666811349207239,2,19.527809002361263,1
45.30685608070743,16.704521430393797,89.1091657339068,2.7122510674428435,0,15.536017647474576,1
283.38843174532576,2.9523971096654744,16.587222249694868,95.98587900576678,5,12.381292151487152,0
39.261046677258136,2.8261986818377482,2.0283685376867977,13.891821169390846,3,27.188264762635207,1
190.05884073434623,2.2340345999939837,11.599137939888083,85.07426014568354,3,12.361214336645839,0
84.1304157765994,18.387971453696718,79.91832957350965,4.57529619232065,5,29.78367833675257,1
94.53438202661026,6.18341509853815,91.57818193865359,15.288377137895784,1,17.183437212312775,1
164.06148652691027,9.546842987595943,38.7050211625503,17.184894183351783,3,17.027951969561805,0
146.93510825609945,7.50386850021388,95.57995301394241,19.581247759327262,2,11.14885592798508,0
272.06374892525156,16.584293176697585,77.23932644974387,16.404904690633753,3,22.017561509750408,0
274.5533397373274,4.225038279882551,65.63604604970949,64.98245022882006,4,18.310415846377676,0
220.24684573378437,2.952396308564691,58.17563932712571,74.59935005841322,3,16.50177952577586,0
125.964197327938,0.5322602573798663,20.381403637911333,236.6590320833201,1,15.929442461689405,0
113.60835170684499,5.977731363195467,89.49717084214825,19.00526216456042,5,3.766661079674647,1
102.28941115476115,14.853727206092433,91.45630703252353,6.886447403773912,5,8.679755026285212,1
62.868356829013564,2.742167391885144,37.355382737370604,22.92652046518348,1,21.86021009900146,0
293.95501792342617,4.139420229759578,31.894587403723584,71.01357233800333,7,26.591177671680548,0
79.14818422777434,2.9909704601826292,90.82567702252497,26.46237576781067,4,8.176509692309807,0
245.07497219436192,14.462441884999196,17.53990160335215,16.945615003546514,1,23.915726204607,0
125.684456490505,0.9435966161160381,48.768822802554865,133.19723104544184,2,8.753119379552466,0
116.08231595792238,9.39577054818228,66.69542416435552,12.354741461878273,3,26.09092809879507,1
10.09730571118077,4.921977161301109,86.42995572661684,2.05147349942428,4,8.57807143998243,1
296.0697847795586,10.910323567310964,91.10413728797643,27.136664000197936,6,2.720158789330748,1
190.42277219243576,0.6401737210567915,88.52010530139884,297.45484066120054,4,27.846645054517452,0
158.1350741598624,11.861201596379631,92.28475505229831,13.332129369433332,3,18.877728867300117,0
147.05808006547073,12.37255735299347,62.32773933671235,11.88582730876498,1,21.57777008696638,0
270.00514688936494,6.820911457009515,3.1492020416759026,39.584907177162364,7,5.007834149360196,0
10.561405616725017,9.254458035540228,82.74315727743608,1.1412235677298088,2,19.450430102527704,1
91.1077605485098,13.832961254326147,43.70054843638902,6.586280325191874,7,18.985459093337496,1
73.05656312232426,0.988683552331242,28.028231807597635,73.89276675035438,2,9.385915886264026,0
263.8923509083804,11.480819914968901,75.98862490557396,22.985496929911147,7,28.65311680216058,0
249.09288693748582,0.8804549278424711,52.72786057246371,282.9138426743554,3,27.901538754848,0
5.861935101538962,11.427211729180923,7.920100759990422,0.5129803525535211,4,8.195972775669377,1
291.2636267378016,8.623340880477947,99.79589575116061,33.77619309903221,0,22.04222998459325,0
55.986518091149115,7.793247062846797,42.467817917283625,7.183978339151715,1,18.328034474112886,1
290.6979487950625,3.8257663988483226,13.044557763422693,75.9842391011045,1,25.313012231898796,1
64.65114706903647,0.06688519111438751,55.98413041342843,129.30229413807294,6,22.543485737653615,0
62.6544749453999,15.10598655784646,65.15626607668288,4.147658592536974,6,16.227480679809346,1
62.42525192805674,4.714080424450664,23.540810605523355,13.242296759358155,5,13.518819938738515,1
269.66232260514766,17.08435165311453,64.70367932433592,15.784170689087132,3,26.738560472013184,0
72.69843532670302,7.942758917089819,47.31358476655608,9.152793895114131,0,14.943904540757076,0
114.36274228024138,17.534272568461148,94.65296300861644,6.522240476969963,5,14.728574423357793,1
120.04440139872389,3.792241786871733,32.90385293285478,31.655260435740836,4,24.142716492617275,0
222.78998581472112,2.178318406131714,51.62386958912412,102.27613428211097,6,23.25821354302761,0
184.03623992655432,14.691337202492267,77.89146187645828,12.526854253630095,4,7.437718070695425,0
243.18817611853558,12.309016528951226,55.698563353113414,19.756913604474306,4,26.249177764194474,0
84.80044205259372,0.846666165058807,30.01099798002872,100.15806176298982,4,29.17565694277215,0
0.18890835857892085,9.750781557103043,87.21550143038856,0.019373663277412762,2,2.5587090562220585,1
35.88861482091398,12.57907735518823,16.4788673438961,2.8530403150841384,7,14.123032718304563,1
207.35778161067358,3.7103188634137374,74.48001290153479,55.88678203788954,6,4.273319186972955,0
223.13061110783084,6.67886464481076,14.895415221738528,33.408464308555104,4,22.337919657277205,0
44.18283548086467,6.221735171595459,56.14960584377883,7.10136871183071,0,8.518091996598333,1
9.257720543567338,8.376364279506971,33.17196925416371,1.1052194286985144,1,21.013320020762343,1
152.8139313691486,17.402936340122718,95.14196554200437,8.780928021717456,0,15.166376158432804,0
87.66457317451042,16.31504665136341,61.881748902052514,5.373234600416206,1,25.51815855937104,1
261.9303512117853,17.896493446603394,57.82421237831519,14.63584763089428,1,4.993614114563898,0
120.44089331087696,10.262044476642618,99.3635949805992,11.736539788441943,2,8.261251977249565,0
58.67526474141965,7.727771763213411,26.581710102851197,7.592779204573833,5,24.1357158916839,1
186.14068103582105,18.546943818269032,79.70607596606438,10.036191561246309,4,24.774822405065024,0
224.01531529724932,18.483609448089716,58.92253355870077,12.119673699359696,0,6.170669431414572,1
296.78238887921054,2.4880372590010347,16.15452868524436,119.28373974526848,7,11.900633910341137,0
119.96667029372936,2.1685909846721474,17.909972327016444,55.32010007496467,5,21.058525049373586,0
58.697177023742405,2.923226300287145,93.40896490119664,20.079587070620107,0,7.760658236219342,0
164.49055777705613,8.838831750312224,51.59703875260564,18.60998856226058,7,14.73317402449248,0
124.8181760061368,3.824061967769783,27.65744352368744,32.64020746999859,7,17.820300115781773,0
120.22840118593194,0.6378859006176163,6.4074238697603425,188.47947739481927,4,16.053389659460922,0
214.04644118191132,11.840468257398832,36.7938248503302,18.077531777356754,6,12.848592392525035,0
223.5331702964452,18.49005213415016,81.2978142480755,12.089374798656792,3,29.078659257648724,0
150.74381884102843,15.685444446572795,14.201688800292056,9.610427001573763,0,25.751639838064126,0
204.5833853016195,8.725609840371707,43.54869706967356,23.446313672547195,3,5.322824702718609,0
46.38669818651869,19.50311022367226,59.09364029481367,2.378425679521412,4,4.393891415724488,1
27.83609617641597,19.14914951971228,54.98976592562377,1.453646604396779,5,16.41686630193272,0
68.5561153283195,6.367835407215068,11.080034392873639,10.765999895449886,2,26.259962844261384,0
204.72130027317718,17.684129167547606,83.17906048876584,11.576555358398089,0,19.72865986164044,0
245.53864495465604,9.045162821453214,11.174140620475237,27.14585130212253,4,16.077455156392578,0
40.80321506618525,4.46118458700187,35.348141437110925,9.146273656792797,7,19.15835080052676,1
239.22755594250762,1.0358141990441272,59.83964649651108,230.95604999745342,0,19.64834742547953,0
62.4532791167334,5.0754386658444295,59.98052270683664,12.30500124787592,2,25.673198103684285,1
179.7929570453393,11.067157654044678,44.542537321301,16.245630781235953,0,17.315251842799235,0
107.43088721859016,13.15015795386822,97.8916571566037,8.169551087938721,4,3.5391138821430426,1
180.22449232330865,0.6680947942876481,49.596954436475805,269.758863359311,3,29.157215173751233,0
238.83496229747087,7.407361210535591,93.25655958514787,32.24292099564048,0,11.734892310307444,0
238.66257099761808,14.827737515424186,84.75820358104849,16.095683562603888,4,3.2091812021293276,0
178.88876546104999,0.4958904414633558,81.80549919856017,357.77753092209997,4,1.0463711527843378,0
169.46745684295047,8.512306519519965,13.611671729507325,19.90852378897973,3,19.815776814568792,0
19.304415317472547,1.985199912871518,94.6395167213102,9.72416691755211,1,24.898477165655905,1
107.31878114924444,12.254099761795587,19.461571643179465,8.757785821511794,6,2.773582213052417,1
24.564693589970343,1.832385345052323,88.18483864914391,13.405855736784943,4,16.11235710601718,1
103.36036366458565,8.096963952427185,94.14285402559489,12.765323431334018,1,6.539830018665171,0
23.856077639324415,7.477158022470749,6.5717532836900965,3.1905274126387155,7,7.829798609747486,1
155.32913478233417,15.13032784141208,68.11068938701685,10.266078594622021,6,22.087083796743826,1
165.33858377330967,11.564500413053278,50.343446753122336,14.29707967208734,0,14.546830272959818,0
177.30119446077757,18.449346455579057,22.013787271782558,9.610161253552802,0,5.006412157172333,0
99.94974367393785,1.0636228807901738,64.57354592420563,93.97103567355039,7,15.957863023603862,0
44.62649875215856,0.43944915714398514,83.6165047570786,89.25299750431712,4,24.509623160741576,1
271.89656599719507,9.297999555024973,6.050848303871126,29.242479996705573,1,14.165406750210382,0
94.70064367925899,17.363068152867665,38.39720269777265,5.4541422544389615,7,11.37019231073109,1
13.639605386973875,18.605966962211063,14.62012661172638,0.733076943255681,1,23.03157113742866,1
248.02264994867946,15.974524108638189,50.08956022457283,15.526137008022777,0,17.32019276516034,1
45.85896788927856,19.387026705225995,9.953892559172516,2.3654461608038506,4,11.923785910243566,1
247.46874015758092,1.8371992665969383,74.10278076171652,134.698910813289,4,26.37564596614417,0
87.08097636812485,19.94026784678495,68.59270871263958,4.367091607656879,6,8.118338049632698,1
57.8398485800652,6.766446834698698,60.58575642577344,8.548038578158835,3,25.413820365736214,0
296.8326594077664,1.923705839335339,41.5313809770449,154.30252034288426,2,23.220383795055874,0
5.853063490043331,17.353465133636984,88.49319409324534,0.3372850001408699,2,4.027852720480163,1
66.18360980166752,17.50041953358584,69.87782047793944,3.7818298969719883,0,27.611399594918254,1
209.93809917939095,12.638630685641798,60.87116888506044,16.61082631506058,6,26.508183426364067,0
163.55042187301484,2.3885248691724104,15.407471655150417,68.4734012962916,3,4.3408204247094675,0
156.0698820451401,19.4416092983833,19.208683721719922,8.027621564132469,0,8.514514916471496,0
66.95056138032372,9.195762453580404,56.16753477098627,7.28058839256513,7,10.175221642444237,1
125.73725913588137,8.189771588312842,8.838303032784312,15.35296287326424,1,19.61095462001623,0
27.759704642177507,17.09830427605358,49.840194987841,1.6235355386121753,0,21.705536648643648,1
146.17748386303072,4.542692601966996,8.205763541556477,32.17859905372764,7,12.220713912721003,0
127.34703173355746,9.246318557860471,82.93115295924396,13.772728133544277,2,16.744763950032514,0
118.26100551277584,1.509512962633015,61.97480962537747,78.34381581360877,5,26.357923683574334,0
201.247584311901,3.2594129240562486,68.53883296611171,61.74350688327454,7,9.670535832955853,0
73.7073688078707,19.99667551059426,47.92414627577409,3.6859811406561276,4,4.786733130781892,1
292.1154919856264,16.174434708551214,96.2807048576549,18.06032156605688,7,15.466942644492924,0
120.05368308866188,10.567465465332063,87.51654616114728,11.36068847184914,1,18.920277206147176,0
178.26455356523806,10.919280220688359,38.03319742715713,16.32566890512497,7,5.419673701505755,0
228.19610713327447,12.235028980015787,77.14056381298458,18.651047537852257,2,12.906297621848713,1
272.70321071879073,0.15343407580641566,54.974116519872176,545.4064214375815,5,0.018679287809263423,0
50.11253356422849,14.831706715556948,64.11877464798931,3.378743561026969,2,16.047658426487036,1
89.7974648605968,0.2871471206644771,93.55014071826145,179.5949297211936,3,21.30573178466975,0
264.3735552270054,10.253133345033875,12.74971613746989,25.7846598040252,0,10.311102440365074,0
199.18630283400938,4.185538824346182,50.64100194384158,47.58916622046244,5,1.538169708682704,0
36.403943290394935,12.591767505445441,66.61780657166383,2.891090807914907,5,23.666544665662403,1
218.5126130693858,16.40432209546468,59.80924296479982,13.320429323306096,0,24.23258232808747,0
69.5459319961398,19.706924285959737,68.1065101828473,3.529009955434194,7,8.365892292152713,1
2.234041043407853,7.233727150590035,45.90752213320339,0.30883678591963876,4,9.474582204183585,1
39.404302267764905,2.7414340524600256,57.637144745360615,14.373609400673146,0,13.764634941221527,1
295.59755124377466,6.906661870565345,43.43533138635697,42.79890296983346,6,25.997549758724915,0
62.90410983609105,0.3467711142915375,31.161108369883873,125.8082196721821,1,19.466060886830984,0
241.95514695967927,14.24055927369448,70.34014485467061,16.990564928627833,7,20.710157493046697,0
30.048681972467474,10.96022987683568,72.64331935421455,2.7416105601922656,2,20.906763357920155,0
175.53595102618053,4.924780669104118,66.01320591297672,35.643404817480494,7,0.17044062673696847,0
17.09453983195178,18.778396999273514,51.88198733484528,0.9103300900824028,5,7.462912962252118,1
42.282439874243714,0.5709297882124487,83.49565439096186,74.05891363039197,4,3.6061490055657917,1
47.399443903962194,11.437282772382016,15.3680623987427,4.144292385462323,6,17.34773289317426,1
72.85393413814752,10.8920753610158,53.62073058483885,6.688710068872782,1,0.7302362027536424,1
99.1333474765072,0.5118854444317411,12.403613988791463,193.6631497435095,0,10.723607609571449,0
163.330775938195,16.835087563279824,62.787809746079446,9.701807330925147,0,1.2553972697190263,0
204.1048305385894,16.163489417717784,85.64673231602852,12.627522762186343,4,0.008226200193911515,0
288.4911279106465,19.261672996135964,76.22292462636415,14.977469920111302,3,5.120799977396382,0
244.49238626487391,9.355350853306357,91.8898068161989,26.133962274484414,6,26.59172262320878,0
61.080126821735945,6.155878114189233,39.9349880773922,9.922244347390002,0,29.600397183138828,0
196.45970545682727,3.0152581787075716,34.34674698381289,65.15518533177006,4,6.272681878257763,0
150.5897778590683,5.627643454883778,13.90937418371454,26.75894076558521,3,27.35784093072199,0
56.220263406541584,5.326829152134676,88.21376357268306,10.55417055829768,2,4.940563998692477,1
249.16236475947574,3.8681462811049405,20.82304003585068,64.41389405994806,2,11.60586777771575,0
76.88876601116951,6.393873566633761,11.603894740444565,12.025381047947404,7,2.206144119383927,1
232.2297991119472,7.590484999001836,14.422018406224735,30.594856473925695,2,4.911693235082151,0
172.34067771689192,1.4854977201097697,78.24533661971243,116.01544410593706,5,19.666964196203775,1
223.6738767716542,12.209085951748186,26.441185070506368,18.320280294171155,0,12.075430762022744,0
93.45119040602373,0.7824149270186309,53.242257855919426,119.4394268040319,3,25.405424157658594,0
239.48653751186174,12.103091095966207,78.61531188676533,19.787220934962583,5,23.4706814788685,0
235.59753297496312,1.4700752911795956,53.32891922475847,160.26222220626434,3,2.937294063980799,0
228.87141741137927,0.4695503218670827,39.67762521400731,457.74283482275854,1,8.21190946423989,0
67.46749681094445,8.812883789382479,68.75859623977313,7.655552759271313,5,14.724055744545687,1
66.51591190495859,8.171967791518785,18.425047654785786,8.139522034581637,2,13.90822663948994,0
139.2076423963697,5.003941373843313,22.59818450504969,27.819598991314773,5,6.713997438369223,0
222.5602907387098,10.85854980134325,37.705053211941795,20.49631809131438,2,21.54866661811345,1
183.15447315073456,2.635459879308648,39.87378656798894,69.49620997409413,7,2.0711653028685015,0
157.84473729206948,13.836362916777013,9.188071886732995,11.407964523731733,3,14.716412413565962,0
1.6740621090883812,3.466313341097975,59.42742434411642,0.48295175431489185,4,21.443567940342728,1
181.19221850119226,13.46392391483448,14.344151823880335,13.457608617466683,0,29.94417006416666,0
29.188146339656395,5.31573112119869,78.77061628362782,5.490899685135788,2,1.2342496364090016,1
201.48956899253537,4.908442780343076,64.19258545676492,41.049591084048906,2,11.84697211192311,0
85.13128835428434,14.29821275259274,88.34723136009892,5.953981090318243,2,7.556245167632783,1
31.058833629335325,7.489422170620752,83.60150361062789,4.1470266893448535,2,19.166699362612047,1
230.49215755909498,14.857418649296747,35.68057032329857,15.513607242265127,1,5.30563966747609,0
122.81832001496895,9.178181011122085,20.367487631563776,13.381553476243079,0,12.965189486579495,0
167.71082935431835,15.20568377084144,18.97526563906341,11.029482914535038,6,10.878598396488135,0
294.80653239697733,0.222657447368666,83.84434583334797,589.6130647939547,1,29.925688185808948,0
272.0472550685757,15.96398896701797,95.84349330415331,17.04130813612015,1,1.2414552004769153,0
219.42783822273708,10.399919310068404,48.43453175979511,21.09899429799459,2,26.405258050368822,0
23.932380161654,16.2061183387399,85.23561239002619,1.476749685607618,1,11.367932012791805,1
108.38876809217138,12.054797463700913,12.165430165674573,8.991338794247582,2,14.821485023083786,0
140.01685152764395,12.309829118401666,46.39205520912698,11.374394411238102,4,12.277751127019666,0
42.241951383867004,15.13914716119135,31.995147689712756,2.7902464342345983,3,8.046415506327694,1
113.15057298009333,4.149740310738828,8.923024069939645,27.26690455479316,6,6.745086123289007,0
245.73559047139403,19.876822066011513,60.24733092114902,12.362921479867298,0,29.193472277629795,0
197.77587403025265,4.780850083141437,40.37725455908594,41.36834884818153,7,6.804684885194737,0
173.84904117344308,18.938403111396592,89.24578946844977,9.179709617059828,1,4.796154290804411,0
192.5279533682597,19.858271926277112,16.837809090006704,9.695101068361362,0,22.922372955880906,0
172.6609097294583,3.8714666016636445,72.11965225005524,44.59832086766874,4,25.917993574583367,0
234.02824572410472,12.947357445121073,7.503522283320407,18.07536763513802,7,9.301340786032561,0
264.18198900985055,13.270682366788161,21.00951426888643,19.907189525612104,4,14.881565990066195,0
210.34558563160365,7.311160235742684,94.0438867084289,28.77047949288124,3,5.981939720156251,0
96.32064979738504,16.95040781486399,74.00827601970975,5.682497486161982,3,27.248599474080464,1
105.50277697462911,13.47977261219877,78.89764840871162,7.826747528304181,3,10.00526146619947,0
102.59772932793578,19.358574103385056,16.903650010637527,5.29985983368452,3,28.501609651326948,0
40.54288964788857,17.113388243042056,47.92482140826031,2.3690743803683914,0,2.367936294922269,1
80.65333829846747,6.528360223730072,89.24453393472096,12.354302693852429,7,17.843561982755688,1
31.33000792106798,7.931688293933805,68.35809004449483,3.9499797218492976,2,9.48253446397249,1
39.39065734710074,16.184215067418435,35.660001722924775,2.433893592182966,4,6.258266162349054,1
199.00087711261247,16.313373361462396,64.48558865336564,12.198634378265295,1,22.08528363748794,0
281.6956896010936,13.166973732746829,88.18918316989225,21.394110394593127,2,19.458349675383733,0
273.34199659650403,11.592083180842447,71.89600740308177,23.580058245979483,0,14.731470066404581,0
223.30776902253405,3.8371808136744545,52.618468132086136,58.19579005157598,1,5.529884795734193,0
1.4167790827676496,8.654466211947662,6.699973633362899,0.16370496435837464,0,19.181771497746713,1
28.047802917076247,14.93416119574607,14.72599098525017,1.878096971731197,6,29.744051404560064,1
269.4376252708994,6.598517844145082,6.990283856263401,40.833052457374734,6,16.194131688577365,1
179.94386738058523,10.778007178644021,44.90074041769475,16.695467390032295,0,7.968719067530068,0
175.9852630537626,14.282168741110047,82.47167013340872,12.322026594406738,7,24.87718166214987,0
224.06522919730435,19.418269881818215,85.70128040331754,11.538887375702915,2,18.54614958631081,0
225.80926225800144,15.782660347653506,96.68744526079078,14.307427093023245,1,12.0626540763902,0
211.6664058851221,15.958518214796442,32.69388096367295,13.263537568849527,6,26.33207272385356,0
62.73126596949052,12.162674681663201,89.36279207534537,5.157686743366242,3,7.337334868713123,1
218.5923532402445,17.503857611049995,62.36271604075627,12.488238769849769,5,29.214987345706206,0
76.6313417581555,18.256210464662278,40.14549185306294,4.197549206966436,5,15.672371666662276,1
183.07874863028553,14.072254098676623,75.33866203703727,13.009909240304475,0,10.995218565767367,0
95.21375957841423,10.219945227000839,73.59138076418962,9.316464762145873,4,16.98656226949992,1
43.78406080231761,11.01275999467903,42.27663724068187,3.9757572873169393,0,27.48635440360023,1
283.148199440461,6.2826409829889185,11.019434782217818,45.06833992378718,3,0.6223304331484214,0
5.986471647812353,14.549345994979896,1.3337501279941488,0.41145984499082805,3,5.912143743491745,0
227.98000609557644,6.610969730125005,60.15943192169849,34.48510814634537,1,20.816422295622896,0
240.39993183889035,16.86893278458176,42.70030353736497,14.251045689067919,1,12.327020756715125,0
82.47551591371412,2.4881742129503515,97.95393025356917,33.14700212085182,5,25.586388211390123,0
127.23534768560091,14.680646449752846,31.562399318219715,8.666876361411385,3,11.065786645218887,0
49.82881432063382,19.933477363677085,0.008626010714540833,2.499755231439559,2,7.157325107917318,1
116.50126321574713,9.369725916998215,69.10312688846129,12.433796276195741,1,13.463501907676973,0
246.57426794625863,12.271214324428474,67.03003299061345,20.093713745623354,2,7.3541140300528065,0
51.688468573751756,19.878220230520867,36.44947519399082,2.600256359691079,6,12.752971111009515,1
7.664263246010972,0.3699402237370264,41.10717145057768,15.328526492021943,4,5.886741504056461,1
2.7643424221480917,13.401859199204234,98.85706169211477,0.20626559203906805,4,25.45390273674811,1
34.872225998363525,3.0187958664915238,59.099777760027195,11.551700592094818,4,20.544443298279173,1
15.434317344889159,5.561098801419466,75.30273422030237,2.7754078638109365,5,18.420103147095883,1
155.6240872876013,7.83917859592929,2.335903032917852,19.85209105561307,2,12.536613341285445,0
156.959254861091,16.49450135920914,67.24592388358305,9.515853280005837,3,11.74814809791509,0
251.73842728139775,15.333617849458815,28.263964806775867,16.417418886586027,5,12.551522365400006,0
262.52736583150744,16.871229822671367,35.65690695237485,15.560653763291526,2,14.001313021698065,0
78.00185037657147,17.144651478212115,25.39734451769675,4.549631730671126,7,10.444336014784488,1
64.92585745549012,7.867693038161048,30.1743184775898,8.252210290942608,7,19.974523608939997,1
281.23560349002867,7.573193522060862,69.71423027767585,37.13566841660441,0,2.6318873452972835,0
96.00719092819905,16.75350212288181,83.10905868621971,5.730574432976204,5,7.27878085729728,1
105.9581464248193,9.316108541761514,26.95371490144842,11.373648766525047,0,25.943647066089685,0
42.39499039771246,11.882515168161483,73.07056775390292,3.567846520516751,1,2.7436706347662545,1
249.65895125736554,8.434087086268656,71.72960554318166,29.601182523219325,1,11.474325504512763,0
236.46844645496313,17.254638512047762,82.40068233852628,13.704630571649068,7,18.63571002389067,1
67.60958824946775,0.8150726712383993,0.709105955946443,82.94915365858553,4,7.064654248025651,0
84.68539102330963,19.570374298999976,19.840319327673406,4.327223880824649,4,19.528375535496338,0
215.0020629163304,18.050779252239916,60.443832522791084,11.910957411417618,5,21.419510960080498,0
255.5491806691053,1.548250017753967,69.70701791250958,165.05679169300336,0,23.3032036474794,0
240.224804822098,0.41618348353325674,56.00128693777935,480.449609644196,5,26.93356790470658,0
15.768996575275285,3.586781361161251,45.73975480002365,4.39641979464562,3,1.656793628863621,0
229.84178560341687,1.2167763387198738,68.51121604261279,188.89402948550517,4,17.835072268355972,0
27.695818313786745,12.151354723029012,34.230785094930624,2.2792370846765064,0,16.022172698003352,1
160.38235297818244,14.057199172517038,30.587983702312627,11.409268020598507,2,27.199159599582877,0
119.29568905813537,1.686543758020873,93.72571779858964,70.7338238280438,4,19.65652666114408,0
189.60455211124588,7.804032874956319,68.0283584627724,24.29571417102816,0,1.6949347450160368,0
197.95352970489444,4.674031164745045,53.125653144742614,42.35177788244213,5,7.653928404403505,0
128.95240759463843,2.3015474529917435,45.51513047799077,56.02856783466069,4,22.22979977502982,1
103.20773853777231,17.096607553847853,56.37922768337463,6.036737885730075,0,0.5858416225794005,1
279.2211264269815,9.703294465755532,78.26450570531821,28.775909812115593,6,23.00457340570473,0
157.32738499001405,19.600559523382707,47.16921281786766,8.026678258971566,2,17.244365257235692,0
76.98550572551957,7.989630752025418,46.56990793189456,9.635677556938823,1,10.924143931297989,1
191.78961310473903,15.002699502201725,35.647515215571914,12.783673569986048,1,1.71747342751282,0
187.97114259513035,13.185615701775887,58.27986181292727,14.255772869962659,1,7.395022951069833,0
134.24741284670696,5.088561787705277,45.74653143829327,26.382191756238214,2,20.86636032706785,1
153.05359406277393,10.81108589221132,45.52561701171729,14.157097223049446,7,23.436856228077538,0
74.52078995039429,18.508942557534517,12.851074326121525,4.026204615350042,4,5.537341685674844,1
108.939646827049,13.5468957439709,34.483629749616625,8.041668651324272,0,8.780386132701025,0
98.06200859296465,4.349546048278801,19.231273075410414,22.54534323915703,6,0.7737840553184083,0
27.041459556291546,3.6456847830180727,59.105081684305105,7.4173882729118805,5,18.42641259918005,1
187.41892773210787,7.53423078911646,53.82151358157764,24.875655256385702,7,6.364096248973863,0
80.80921978755042,19.42125778931478,77.15956220677516,4.160864381915067,7,24.860089886323383,1
201.55313886318197,17.945405383508092,25.888726670327923,11.231462012466444,7,6.678723755408442,0
249.90704912613026,6.445820308239069,54.328859925516795,38.77040270680494,5,22.959838516603433,0
246.17186171400067,15.069912780588012,4.213356557765646,16.33532093371514,2,6.708427769150129,0
74.42480095670759,1.9621643749346274,81.98641793596654,37.929952203513615,6,0.6930084636129841,1
181.77486633703575,12.429077911914293,39.09391202508229,14.624967968282634,6,11.257525877387515,0
184.69230865998995,6.592022999605147,22.635638872629492,28.017546157083,1,28.942470675893766,0
38.66581527447174,6.47413337571084,70.48267870653562,5.972353831871181,1,29.648030938480414,1
212.11539828670834,9.707683612117306,74.07474092789829,21.850258698371885,6,4.366010614381146,0
151.31931175854027,5.40050693943162,97.30814247018435,28.019464367999863,1,1.1256721799947245,1
129.84713595535212,1.776262487677971,1.8352877913125676,73.10132193643041,0,19.546661891047577,0
142.2151797288414,10.022040605229261,42.423115928366926,14.190241821075533,5,26.440097701033828,0
136.83249491541457,1.844596944350625,84.51202867857776,74.18015915860975,2,13.697763713154904,0
35.63593248830811,19.641385385495656,93.46595709165227,1.8143288667724913,6,13.140610433151142,1
5.727508177185747,11.746601267683793,50.11091214310969,0.48758854128664086,4,29.371259823124,1
273.2977380134401,8.750999506806558,60.1696749579767,31.2304597664379,5,15.8495861784848,0
87.3139735901791,6.226317517318531,85.08337505105446,14.023373100924404,4,21.604924664796172,1
287.4747096164506,15.996554838348434,52.69687268738375,17.971038921911447,0,6.365016117898541,0
54.624477704119165,15.74153380457478,39.14594752770411,3.4700861035691632,4,2.6456787514374467,1
118.13904966742422,17.076424639893133,44.54111185654025,6.918254386309496,2,0.5951228259001218,0
178.90045593787514,4.379327061444425,74.50085252315665,40.851129278037696,0,9.80834546607695,0
98.14923597165752,13.113497371951265,35.34317166872132,7.48459645720378,4,4.835943034009746,1
237.589922294927,3.007183231910433,20.790661036118163,79.00746445170503,0,15.172519164673513,0
125.00701983378565,17.92434353950327,10.446726290387542,6.974147731451588,6,9.377356022484719,0
116.95249744092041,4.84274840907954,13.413567925734904,24.15002547347892,5,26.980193878993784,0
154.67392351812197,19.834627959693243,8.262757888900275,7.798176191277253,4,17.793991705868546,0
36.48805831006984,3.5825035420361484,61.2257015891427,10.185072500816432,5,8.958355150540335,1
44.46432692038223,4.577952598953681,62.814353991682594,9.712710203802638,4,7.777784409574368,1
134.71581529450714,12.02270756679522,26.859631234710957,11.205114533981556,2,18.448445962768382,0
50.80375809076189,0.19831264713638053,96.00668248834083,101.60751618152378,5,17.65221230700508,0
51.35196076195261,16.075673021950415,46.43229114215901,3.1943894785515003,0,21.23861165852561,1
134.34168568202918,5.701115415167141,19.676911921659467,23.564105600217996,1,11.817153185024686,0
127.04392807760982,8.261938295749298,23.994457456786968,15.377012455173253,1,14.247226343166892,0
113.75767488851987,6.840245751743614,77.7977330171791,16.63064150283233,1,23.25305777793223,0
263.14446015599134,10.604818192306736,61.251869661203585,24.813670105809965,6,29.45084793515184,0
1.776733023913779,13.434716456590884,85.48573502318098,0.13224938759627775,7,3.37208502618609,1
147.2073945642307,10.761614215248008,11.065581511950606,13.67893251141211,1,6.933688817086395,0
29.78802218605223,16.46840642894267,30.408371364976283,1.8087980955887013,2,10.338762269890472,1
117.09538748319146,19.67173259130997,70.07168256134818,5.952469460413396,0,17.25924802317791,1
138.77541478012822,11.27607321023672,93.39038547496891,12.30706933102777,1,6.416644285944361,0
129.05791479044225,19.08760982950356,51.324346861926365,6.76134497421246,0,12.945640390446524,0
81.3781692963806,19.7172003726319,99.17041379123239,4.1272679568310355,7,20.07118667219674,1
125.34092326604124,10.359624848121701,20.26001765080636,12.098982839978683,7,8.164960797116867,0
260.31336013455393,12.808793654082745,2.329729101091882,20.32301926041101,5,19.613064040675138,0
90.31810035441994,15.296267938946107,21.156103110660208,5.904584092990381,3,25.70994937120582,1
113.96168921474383,4.037176137499285,32.35064260088241,28.22806965398695,5,1.7931188505955808,0
30.06522675623594,8.89166869118439,88.56353240740677,3.3812805897777083,2,15.13159570051295,1
61.98138032686398,9.624990643981397,96.03116611782589,6.439630189731307,1,27.582460522746402,1
277.24099913002226,10.733542113734353,94.57346816633309,25.829404328257315,6,12.66837006967582,0
17.3604842750701,3.0204870174201703,46.79709511822845,5.747577849183365,5,10.947470070001717,1
234.88586483110697,14.43368470548317,98.54426304621452,16.273451278998554,1,15.400570720685966,0
156.69398486614298,5.168897617636857,16.85581331450965,30.314778209474607,1,4.399246666646617,0
283.4692804675706,5.643585961448667,2.4652394491804452,50.228574952866694,0,22.806366339214758,0
19.952687487206212,12.26229120988914,38.08579707821362,1.627158183220687,0,6.560629224067677,1
48.98786597594953,16.47743942910264,78.60214669953733,2.973026615374875,2,23.842851072628886,1
85.43732411737147,12.523910104954146,19.74352803505607,6.821936871263121,6,7.545044730110391,0
88.27539397224766,3.5761767349157325,62.285698071938135,24.684292895923594,0,14.257184372210784,0
263.3622681074819,10.895538835422506,84.89740539281742,24.1715689407911,2,13.084529289143605,1
103.03211372046664,1.531222161924235,66.95967409486889,67.287501632676,6,6.836991067987103,0
119.90969876195804,3.0105063156588807,73.50839860250262,39.830409302999435,3,9.327872324019161,0
187.5411969613536,7.309091759131574,99.88238855931297,25.658618490737926,4,17.821740283044445,0
19.043253243600113,12.97453501818573,73.45099098187401,1.467740710315104,6,2.5237201227360306,1
296.6691284561476,16.467837763087342,27.384710518864384,18.015062616242883,6,9.7108282455129,0
66.90201207428771,19.87494476251665,83.22282612028661,3.366148327640247,2,13.82987097878139,1
134.35337244534261,1.8230665574064253,79.12183698213092,73.69636171510909,6,16.71193337513642,0
214.92626122836322,5.140171917294209,28.333564645046273,41.81304919106686,0,6.64273857972526,0
202.5693939039102,14.349943055835109,58.20276315299655,14.116390087104877,7,4.000069728988695,0
70.23558190977272,11.31652642474306,15.74280136510896,6.206461176656282,6,10.639452844679528,1
150.3906535977591,5.007107668670185,67.09164759375959,30.035434336426135,2,8.267677856365404,0
17.666974136928214,7.6672882764237915,9.99071880451715,2.304201107352718,3,16.005675352672803,1
238.27790980618758,6.860400676825713,61.8231456038675,34.732360547261514,5,28.911923722789815,0
30.488729051927454,18.669698796150104,82.77097229531874,1.6330595037888112,6,4.695183089026846,1
205.45824519660388,14.676764765519067,76.02050322106032,13.99887839582319,6,9.268887674755277,0
105.6539433011934,5.734557411084933,8.517342678876993,18.424079789830635,4,9.168768947297469,1
140.49761920895946,3.711267332788075,42.17562425720466,37.85704628920148,7,25.062757595246584,0
104.22527367598529,8.970347389397705,69.65667567896125,11.618867046238583,0,6.527234306808699,0
180.02609435595366,1.2088869987029405,43.51489100630215,148.91887707379624,6,20.726771320185758,1
124.16477145752273,11.563861676428937,31.211832921120063,10.737310332119637,0,15.21284111479027,0
35.71092870609965,15.82085023290455,10.415947307896733,2.257206672232272,1,10.241948336923079,1
217.37059350141365,2.219632802338356,22.58036273691184,97.93087995114165,6,2.7863851994586994,0
44.68717320470363,8.851107070359737,58.339815732812504,5.048766538408557,1,7.927539993751237,1
78.01364081452667,9.17155235029228,34.523417953539656,8.506045414660967,6,21.164196635663505,1
113.23185019317852,10.678666271124532,25.160445489656514,10.603557346797249,5,11.139186554996064,0
131.34381760327037,14.918299169222884,46.02815085514482,8.804208583927483,1,13.498671708262284,0
207.78888236551296,13.536371562201001,88.46924273104229,15.35041214041015,0,18.54937809388704,0
123.347275149594,8.343204569909126,50.939913228139865,14.784160464488945,5,8.67215116666944,0
139.91571402825298,4.2887779805148485,3.2573051436386002,32.62367850794102,2,4.70775397487774,0
86.82368115309721,0.42606571657630044,2.7038381798636935,173.64736230619442,4,27.871785197817353,0
0.28622382083697273,12.737564167431197,91.99548685400781,0.022470844274042695,4,24.002814904266614,1
240.4475810578521,0.3770993938182343,71.0813605202266,480.8951621157042,4,7.807514780869457,1
88.33852782908336,3.059620474295046,66.58355664890027,28.872380928042084,3,7.219413450984959,0
232.98699509344428,17.11055985304306,76.79970287547764,13.616561766212943,7,7.630217282671021,0
234.7837929603101,0.9772797531606736,15.147205613204884,240.24215400041092,5,3.0862813883538474,0
35.20217476841317,1.7540384699148204,99.68014269253513,20.06921477048486,3,29.61909538222823,1
161.0316072270902,9.205922720891168,79.99383450077431,17.492174560802933,5,25.35261398503927,0
86.48054860931428,16.65306904979182,23.25370734679796,5.193069718905379,0,7.172774012978117,1
121.7809541097716,14.72496360999566,43.685665569886936,8.270373858656177,1,18.35517923313706,1
182.8207203321409,6.71917542977191,80.43059105888268,27.208802961459057,4,18.024181492790525,0
263.0713591188126,7.865632952319668,99.14647567187616,33.44566937123982,0,14.908973587776005,0
11.966611276135797,18.98976772636579,52.55745790755433,0.6301610134768054,4,12.424476432034501,1
65.73394879177712,5.894037153268108,74.45356867387639,11.152618669077977,3,0.29481697736609913,1
262.5771811303509,2.6663931972871113,68.22581461018005,98.47654179342595,5,2.2328127940414486,0
296.9112522441724,4.262516467177917,28.77515463254706,69.65632966592345,3,26.213492187063583,0
287.0438808365117,5.86447510362103,80.3594621484997,48.946218675099495,3,27.463775857351024,0
195.18943540093088,7.2892607096323125,46.44744053670426,26.777672411003213,2,26.54791690455215,0
196.60008856146501,8.999831859926857,35.50702133966852,21.84486239535844,5,24.570851992287285,0
276.65290041882776,15.799441542342816,85.70980738335174,17.5102961504932,2,17.436272729741752,0
10.407661102613986,3.366110236621338,87.0072427888252,3.0918955028224078,7,23.505103903942665,1
98.31435816808059,6.11442496758732,83.76879110115452,16.079084899928745,4,5.048394140607588,1
125.4139587729987,17.29653197768557,96.26598382136274,7.250815304177537,7,29.488185622784624,0
55.35999087829997,15.323393347301772,13.96265575977882,3.6127762058687907,7,25.003574064927694,1
218.59653508239742,11.809189681566286,34.841490646160125,18.510714196048408,5,11.196270505536623,0
226.7906117855179,15.7382645633289,80.6138914340259,14.410141021136068,5,7.240668920358613,0
197.15333029370615,14.89735511518061,17.462006271075627,13.23411630919667,3,6.270774929070798,0
50.76510274759284,10.457467807457753,64.34107262892724,4.854435479245717,3,8.397423097684662,1
108.38762670344327,19.787776437322673,89.77936685059507,5.477504106980317,7,28.486986075485362,1
283.9455605490249,10.685224525459926,24.48418786448806,26.573663461395817,1,12.824884590488482,0
220.0013414800997,6.603702876351778,76.41708012349187,33.31484556459022,4,8.485999126169624,0
295.5091521865225,12.362880446770745,53.66480393403407,23.902936978065753,6,15.72507225237494,0
87.31341185137283,16.190034863781577,3.1667189312298505,5.393034208141208,4,6.115814943547351,0
198.36188087644516,0.7306955948500771,74.15538610644623,271.4699284825232,7,28.1560712747621,0
294.58828512808367,0.29291319804161775,6.023312963449545,589.1765702561673,1,10.07079607697508,0
248.80743550354472,15.835132808414777,20.158702026276288,15.712368094022468,1,29.48945448930165,0
172.78419694265463,1.4598924106327593,60.066462322989764,118.35406204198637,7,10.268075732586944,0
26.36366175427929,10.887985522299097,63.982408157812856,2.421353490991083,7,10.612046943025344,1
73.36120685693963,0.8284302220063156,69.84480380497403,88.55447919231074,3,4.343655305428276,1
30.679144937530122,8.299583745186876,48.304121119639554,3.696467904829767,4,15.679607573432524,1
171.9923457316631,10.891457700871868,95.07429097648807,15.791490033321711,4,15.406114577229426,0
27.566507585577703,18.44244732172513,1.1078383707202266,1.4947315345238625,7,18.339418667875346,1
291.0382567105095,9.31234645007595,27.458523404586344,31.25294556756271,0,28.30835328719044,0
45.180386598234676,1.5276107789365478,35.62319982183831,29.575849569277835,3,24.839588544389958,1
161.57380059444307,15.54812654851107,64.07892819470248,10.391850110707763,2,0.6890734281258837,0
124.45786554598341,1.2757269292350593,98.06875364722477,97.55839019609769,2,29.31921772892002,0
138.44435075012635,12.030309755601415,59.830813392064464,11.507962268857248,6,8.325339929904342,0
245.84993165190895,15.943819607419718,28.632377920385853,15.419763752062188,0,25.510086682854,0
119.07608864674742,14.437952528901068,39.044999813211255,8.247435944147046,3,6.765118457364845,0
138.60620485287777,12.115988396147229,77.23606290006445,11.439942027094814,4,17.71363870477481,0
255.0909295650387,2.0603870015873316,61.64106032179759,123.80728929493124,2,9.284682869310569,0
72.22183852839333,6.9909094712428494,91.08863585151423,10.330821594168588,1,1.508407209645477,1
111.72046657911343,14.150388531619754,56.59899530409136,7.8952225466790855,6,17.038442260109015,1
55.806557292733046,10.20519306805199,93.98446100082857,5.468446987783018,5,18.978217295669275,1
238.66217984669427,12.006434885141662,43.23283218713486,19.877855677378985,2,12.764450618310102,0
140.1437311519115,17.060940592028235,70.45712098651397,8.214302745851773,0,10.63190555401034,0
68.49649375982308,9.443562645603647,70.45326745134602,7.253247140972895,7,24.970470508000556,1
256.0451536212717,7.488223427275946,60.50810604760354,34.19304406551547,7,7.2828767803077845,0
50.768839824224884,9.106530769696368,89.39018885369899,5.574992399209521,7,26.555550092152302,1
60.21820771504375,17.92712173192718,60.58729416317754,3.3590561059112214,3,11.465852860562215,1
19.716737190891298,14.475054219163873,36.04219604999693,1.362118365317612,1,27.195740400395778,0
82.4310014122931,13.611028746694673,95.07396985148429,6.056191853412314,1,14.129156423214312,1
278.3938498355602,8.637076623296993,59.974091843780684,32.232416357710875,6,3.9980978635725153,0
156.00330405678127,2.744708884083491,56.609073596113866,56.837832588163046,1,13.165246091363816,0
155.96428763779585,9.509396310800533,84.55583064998503,16.401071376177217,7,12.18141079357894,0
171.72541248025323,10.068603138173993,60.25190764435251,17.055534926108603,3,7.78370388180138,0
94.9451636683212,19.27743869797573,48.21913529217865,4.925195984583322,7,12.85827046616228,1
298.1156385550303,11.790457540663704,85.61181807265483,25.284484298159718,6,1.4711262469301112,0
268.9831304074729,10.355427962759922,16.92384942980285,25.975085855918955,1,23.818166146093724,0
178.488467654653,17.640296401605305,55.3026121830034,10.11822384335958,2,19.236485558982316,0
214.7545638537151,6.2247611241365135,2.8868530511891644,34.50004900927109,2,3.8133401403107605,0
222.24110371593338,17.457752957200313,17.988278168884452,12.730223887391634,7,9.580580448648254,0
98.55666485656411,19.43978028288466,8.322327551254293,5.0698445878699685,7,6.359995076512025,0
270.9757811296053,15.032990217791376,76.42509007076947,18.02540793307432,3,16.987383802742038,0
138.0401521992004,10.709339779751021,76.49684276528657,12.889697688012815,2,20.264079406938368,0
83.97614275465524,12.226089336360637,20.989980539999962,6.868602088887776,7,25.561459794046865,1
15.242971993907062,6.462097271233242,65.41324834740114,2.358827382831713,1,3.3355161051948636,1
173.24866140749097,1.8594209840205544,57.31616773128274,93.17344640958179,0,24.468574458271505,0
15.922980651504027,2.690065410373339,23.699990770746425,5.919179730761329,2,27.09706265835896,1
84.18251217235883,15.07585006681585,69.80768504332838,5.583931373638217,5,16.178465103338805,1
224.9574925740284,7.397832815239571,78.37374091749383,30.408566696805433,6,20.49317880044657,0
231.75959868517663,12.860377985455413,4.996246721215947,18.021212047366546,0,17.97705846702106,0
118.20293581173476,16.13944339390017,15.132464121647715,7.323854542369722,5,25.915756366213238,0
235.128510513791,9.487383682574217,50.8835843987694,24.783282555090413,7,19.467568705316445,0
63.97799014458452,10.190453265225102,65.18469653511825,6.278228110118444,6,20.709344846360107,1
207.30405138219845,15.606013564633873,78.5359625901796,13.283600614828886,4,11.062102736816819,0
91.95882404991319,6.7916811541638396,1.827554936269793,13.53992067097189,2,4.157982771460197,0
219.34830777022174,12.607827358137108,69.18895584241707,17.397788020047248,6,16.404829874614013,0
57.546486588503555,2.0563359620743493,75.50812621096014,27.984963376535497,5,28.1760508094483,0
210.95827065372995,0.7441327769168793,22.32554314083144,283.4954690852091,7,28.655951357519577,0
263.21051830719966,1.7545508379644015,19.200179806590867,150.0158972951572,1,0.997297934868856,0
72.14817116034673,2.0357086899338683,64.97538455935967,35.441304306998134,0,22.156980341445145,0
127.64154221502955,9.719736226811573,38.493039360030366,13.132202277561252,4,8.943112984185365,0
94.46523177432628,14.038128095583902,94.39156023832744,6.729190040945919,5,29.336332130293957,1
294.7600967475512,4.905501560390075,62.72835078041816,60.08765732083724,4,15.885645250130306,0
190.35426782680594,6.673310462081028,49.966703837658486,28.524713320088093,4,28.916054575498073,0
40.10647904952024,4.186846537809322,10.98419599097391,9.579161473280342,7,22.69295580594786,1
164.19136246697147,19.19199182818399,74.7159409804863,8.555201770451555,0,7.261669292988148,0
62.63114553482403,13.675484611737161,87.04011713000513,4.579811780934625,1,28.63399264455757,1
11.156835608769523,19.07412035357595,65.95152765521017,0.5849200593241448,0,20.55157172051715,1
1.3961730893132351,4.793281988566827,83.01815940901123,0.29127706082042665,7,18.37714112617184,0
134.90287090882154,4.4646808554527535,6.246878403857481,30.215568654602375,4,25.95827626127093,0
163.3368989022476,1.685285548683113,17.951639569650702,96.91942058713998,1,10.789696352859103,0
213.45339814242755,2.125114702558708,50.36125250335286,100.44323625704656,3,11.980589706074458,0
220.8107620900595,5.69913787952583,2.981796519997426,38.74459027975492,6,24.730821970586117,0
110.63188301361264,13.331027929666222,66.5222336451759,8.298826136836592,7,26.39709336567199,1
270.1399055336411,10.290207539152922,62.62608011809492,26.252133837514293,1,26.32175495127222,0
217.21500480711578,15.914922363257244,3.569760645976694,13.64851174571858,5,24.4030655326339,0
292.57745980636224,2.282010901175302,46.65279754790633,128.21036904586055,4,5.718312774472625,0
26.635259642404407,0.5007945624774335,35.736076569146924,53.186000084824464,1,11.905809807538201,1
82.45937379476214,4.020161392913135,6.4437739712190805,20.51145855490381,1,22.681009966695353,0
254.88036872579474,3.168232683014256,33.12229642589427,80.4487530515914,3,4.772814832541691,1
108.04642152443799,15.48248516435985,70.612601076618,6.978622642129646,7,14.908266464503422,1
82.65289930786575,16.74543936115228,12.958463093579198,4.93584536811928,5,13.044205359501927,1
21.012536181737175,13.467783156702877,38.7779095804577,1.5602074920013318,7,26.854338926179604,0
219.93083622111143,0.03494041785826685,21.584212841007876,439.86167244222287,5,10.917407042607882,1
277.6061746182292,6.64179423851309,31.715843696424162,41.79686461957866,3,13.289093121198997,0
276.06227129007436,6.006620710563442,74.44373273315149,45.95966427588513,2,22.90069805458975,0
41.16110356938544,10.622361855286787,44.81631260979718,3.8749483523666077,0,5.731318893746997,1
178.00916086964313,4.061298751229286,44.06942688482769,43.83059995666726,6,8.168015623769534,0
152.43523462669546,6.443308939532808,66.06080865031525,23.657911805443906,6,12.177171466261674,0
100.48169896802982,4.567433400351126,12.691750983722184,21.999598058792753,4,11.727878734636107,1
118.0692624982277,8.10287502454658,33.8088846755297,14.571280211104403,0,28.61049268448668,0
205.05864121888433,4.426667189347007,60.30430424771625,46.323482757494865,3,1.8348747023455392,0
214.57036729618676,3.6731903126309184,82.56351838471801,58.41526004202624,6,12.170810264513502,0
71.47494646138529,15.666178451440391,4.9849893356023856,4.562372800931148,5,4.048005047376707,1
94.13766787159916,8.290586601247519,78.43497321432102,11.354765639554852,2,16.952047736450062,1
265.5864297954709,16.033525156547693,6.946231444065321,16.564444013549448,2,20.522793841884457,1
295.41323009281507,9.501008021611213,17.144933387610617,31.09283029978096,1,9.101206033548182,0
109.62212084319235,1.2287603165158134,42.08191128075587,89.2135914301246,0,26.457330101340453,0
175.98036812536176,12.223031999668505,51.60933341483749,14.397439860268257,3,10.37987615496723,0
108.91625498560813,3.196254384203856,73.16742196311985,34.0762160621135,7,0.8368726682484517,0
7.624931264441715,19.293881071217946,98.74080468755024,0.3951994539769589,1,11.184993267075223,1
214.33936067973607,8.030883940886365,44.792531132090694,26.689385907882954,4,24.16704194391126,0
26.30106336942275,12.152366258317697,37.98602207544699,2.1642750728831075,7,4.207451616070603,1
47.667285116910975,6.413750990193908,67.3408816031672,7.432044865756449,2,13.38377467528828,1
133.95892616025645,4.124156115086086,28.802138594137038,32.48153620330647,0,7.53136550345804,0
228.16842518300888,18.316215036889297,31.249982505997586,12.457182050083611,4,12.12873470154124,0
176.16100139504553,10.93074593956935,90.38276073836138,16.116100618288264,0,20.736277091107095,0
212.71564719267423,9.14542637764831,54.64319502696063,23.259237831989715,4,28.506898387708503,0
154.05354209659734,2.2702850219659654,5.515844577380358,67.8564764362467,5,0.815043622918844,0
279.05131755409894,19.374538324437555,1.8042978046103886,14.40299184843672,6,13.621464971459003,0
143.86676773282824,17.363057310944452,31.62813005412207,8.285796974369527,2,7.361321456308571,0
170.70602193669652,12.646074453994085,59.40912114878712,13.498736114334786,5,15.098283181653352,0
193.1860696786357,10.025581522477232,30.08080235243842,19.269313131165,3,29.355275421983304,1
259.8411192903359,8.971956871068176,47.43493565926045,28.961476634851447,5,6.705706361437422,0
256.12385954200636,18.151197884776476,49.05673657045793,14.110576126593774,7,26.260146147647067,0
250.19983908851498,3.0884516893585046,51.881550552018,81.01141421463628,4,2.42376501457617,0
46.89600463904039,17.172507051868315,39.26750551802619,2.730877005750785,1,5.641886930514164,1
102.11014328562514,8.66815713780582,9.808123666979117,11.779913730483246,0,21.944399457209556,0
276.15673678516026,16.82046980853499,5.394519708457923,16.417896760828505,5,12.599179539682622,0
127.41751865783351,8.2551015189655,97.0638686233721,15.435003235890068,1,7.114760985868916,1
147.2009370402551,16.200266041486756,23.261528024744827,9.086328376539793,1,23.44014858474323,0
111.72623321854937,4.756536331281098,19.201450744757388,23.488989768413617,6,17.552277615261108,0
94.20619154869982,1.2897251183091596,18.581486190099493,73.04362007945144,7,17.43294055284441,0
284.02762032701685,2.2609793706363157,71.86633334528454,125.6215001409243,2,26.3563456280003,1
90.85178661842998,19.780146834706557,99.03549946615242,4.593079484072383,7,16.87539106869114,1
114.67654213848154,16.103479257487365,81.05843546955155,7.121227674147642,0,13.952181166134807,1
138.511146249586,18.589374037541653,86.00815249049427,7.451092541893002,0,9.657533411626728,1
3.5260201177209405,7.1703684663752165,66.74691336889768,0.49174880401974985,6,14.816875037666172,1
17.43626683073549,4.007121827633684,18.73432049654754,4.351319371048943,6,28.205353694043595,1
89.32662186562655,1.7464090606779958,20.612652828418664,51.148739362900415,6,19.16439563958264,0
28.797639517275975,19.546472808108188,11.734230921148903,1.4732908489418233,0,29.93670544671806,1
258.8300244008369,18.256079096662262,28.493317568359345,14.177744466946274,3,13.117644640687615,0
215.63597798117635,4.989039129065221,64.05353735684635,43.22194562975483,6,17.73948837460069,0
227.0758379819717,10.947985932431447,45.13841077073024,20.74133446858935,1,27.460362051724903,0
23.63594117814145,17.08738343870935,99.15591238024368,1.3832393510054417,1,1.656420426226597,1
263.03197269819736,18.255141705984304,90.52378428061391,14.408651378037323,0,23.784572673003236,0
102.10874921994166,7.846675544364334,1.8462531273017557,13.012994948322866,0,7.090210143980226,0
159.27987459695507,7.9434879946682235,33.15941117619951,20.05162904556108,2,3.9808704368782433,0
154.62191439396318,12.768737786110806,30.24949050081176,12.109412612588313,4,20.74261942497673,0
124.66082265520582,0.24597715433514855,51.29796894854327,249.32164531041164,2,22.564396644234133,0
14.414893619901648,17.306132783611478,39.90543594553044,0.8329355726169066,1,13.874417954420506,1
173.2396464349903,19.7312414775941,39.85588301559996,8.779966867858434,4,13.25141224102109,0
86.68378193068956,8.82203566154412,40.576829166873964,9.82582538274588,1,16.161981097285558,1
234.93961321233746,16.70174190797088,6.99913951717448,14.066773065162316,7,17.109624789255385,0
104.32517272713963,13.841937627463485,20.868682822485784,7.536890826624615,1,10.149046117400268,0
61.55164246693128,12.725702703237571,36.426800910661015,4.836797142154814,2,29.542505815346573,1
99.80477689209914,3.5470739706103194,82.35895379386592,28.137213297225504,3,6.165810832558895,0
175.1819538079506,10.976620232345562,69.95649045576502,15.959553132004139,5,5.301125157688452,0
116.15864822192769,14.180174777108148,95.0100325955969,8.191623167399115,1,9.796251629877204,0
281.54673139109957,18.125926421689915,94.42931003161347,15.532818838666037,1,13.613949281083027,0
143.35697799595593,16.58876455123054,83.3479117951269,8.641811604066792,0,13.089399307154386,0
167.89104650561214,5.424058634793447,95.70759602737999,30.953029421298943,3,2.826630734825261,0
172.29837930381942,17.097430944292377,17.059793425427117,10.077442620777928,2,19.622174206755755,0
283.0416503396201,4.389732621082249,56.35053664278441,64.47810715857193,5,17.712812720149195,0
67.69933683131684,16.759018631727276,77.90575311056485,4.039576440541219,1,9.361593880702694,1
292.0250712073527,19.761788402765013,66.42904148231364,14.777259287246158,3,16.653956725754995,0
165.95925837045593,10.220293057766776,51.12244512937008,16.238209357836112,3,25.411397028225757,0
138.9892695969826,17.35430591988515,87.16508541368758,8.008921257848982,7,11.552137873615152,0
289.91957944164443,12.637344420042993,67.9348833118278,22.941495444393222,3,9.314140044886766,0
172.33072369357913,2.0024789947811916,80.43238585892476,86.05869232221809,7,5.88386285237675,0
37.22643160547733,7.157021849650351,55.21621496402057,5.201385770157455,7,17.17190199306062,1
25.938504424991372,4.086620509273637,68.7974681530427,6.347177176380814,3,18.547721186461043,1
64.00986189856346,14.570218116627467,3.6208815928203686,4.393198604591628,2,12.737191221123409,1
73.68957930258877,12.25084052458072,93.57017520793474,6.015063142380654,5,21.19146234924649,1
170.36403118348207,1.842712705735574,49.253819305299054,92.45284446849035,3,25.948314629307095,0
90.17488014991291,13.128297920590217,13.123630951010746,6.868741149489305,2,11.571847047204452,1
295.97557323303283,10.096391253968873,76.13717754279597,29.314986492494075,7,28.30475852361823,0
161.40043259454802,16.760528228180437,87.74144005122896,9.62979390608801,6,16.4694009966318,0
254.67651066747376,10.13867845440528,64.54397761599463,25.11930048997818,6,10.73157227182271,0
276.9655559543109,16.87542230181609,66.28157034206501,16.412362961992635,3,5.814524872136943,0
193.7855637445496,8.475543435050524,2.4572274528683713,22.864087150229373,7,7.836700513496243,0
12.053050487922434,11.35865008356065,4.834561369988288,1.0611340607601591,3,4.394379204402901,1
132.61594939622006,5.755909101735881,97.91123979173581,23.03996589456658,5,11.716381498245296,0
109.9581771820201,11.078374218245335,89.86414978084784,9.92547958895687,3,1.601435806555327,1
264.519216271074,17.74065122701792,68.60759512179855,14.910344208121714,5,28.59879161811736,0
98.7581899873338,8.90934131933945,93.47893105965663,11.08479139450635,7,15.496916525146283,1
233.1274468155931,1.854785618962198,76.23305194971337,125.68969935513847,6,26.29487144090266,0
237.4515765550511,4.073525258859149,71.60199295369605,58.29142118086508,6,4.172093963911588,0
12.971453925029175,13.088412118198516,44.16622001040118,0.9910639891139492,7,5.300380220764536,1
143.14134993620988,6.104052590324742,81.50129970549322,23.450215708019417,1,19.258113822701574,0
198.9108468060748,17.591160228581003,74.4438298013819,11.307431927252704,2,24.139560495386668,0
66.38721954584457,7.804205361983123,62.80573026347661,8.506595670744234,6,6.217799885010225,1
93.17770530610053,10.041729990880706,0.17356769274018413,9.27904906731399,6,27.85719938381664,0
163.29822822139104,6.453255501142872,39.730446224353244,25.304782708893352,4,8.049726870160205,0
94.96682317135635,19.7674889424976,5.087895194030145,4.804192553116329,1,26.301120934655152,1
140.87492212827803,19.95465252249061,6.781785880726421,7.059753206401359,5,8.428424689778938,0
197.75628322564353,16.78722101284363,21.209094886376057,11.780167966713693,1,7.264340130146401,0
191.69827420175673,10.722300549452582,70.5932093452553,17.878464916891716,4,23.94242501160863,0
148.8856656677552,12.546244864688102,77.35881666157418,11.866950412134848,1,8.608726484929102,0
253.46442047276707,10.53903517451957,88.91799760413201,24.050059258324985,5,0.2599472257656288,0
43.17589686333923,18.567011539819053,97.40024535100213,2.325409060620426,1,8.456413068855682,1
226.00230652005848,1.2089286390979614,88.58284806678203,186.94429035008173,5,9.288761942402811,0
66.57810369448298,18.900810922973914,26.926247308899843,3.52249985282681,5,20.169215950918026,1
223.44383616802105,14.117239937292911,33.827149875579565,15.827728165033095,0,25.470796635737507,0
33.27060468124058,14.285069293410665,71.16778900747947,2.3290474829259282,1,3.4375521965765357,0
210.90913713483326,11.908267889260504,68.08368244228154,17.71115153741562,6,29.27173044989878,0
101.79423400557572,11.890397348868216,87.24053650012078,8.561045608392975,0,9.258396520454534,1
85.90402987476975,13.310412900554063,38.922548449178905,6.4538966985159325,7,11.33887543480722,1
30.397523940161086,5.019723944968504,0.33013098575824795,6.055616658089315,7,19.823242991264753,1
216.14187130121124,14.698162039929707,59.6869827135886,14.705367291096003,6,9.360342674330893,0
6.219587317379672,5.9502578525942385,61.62308332452765,1.045263494701832,4,19.902973744840565,1
1.8458707841625066,13.425507181226813,3.5593993331894502,0.13748983626805764,7,23.944148564074883,1
167.19801999539547,11.005121250293469,39.68971393113284,15.192746739699654,2,11.663178749994781,0
55.04592866730456,5.007343764654366,6.6892362511097865,10.993039674220196,7,17.34635565571827,1
205.15015227357313,10.54088350237705,66.423936344783,19.46232991070532,4,28.76962107679275,0
240.7698797254563,14.071769396942663,26.63441786458677,17.110135401861243,3,20.898239558474444,0
192.900438142826,12.362820805242496,53.9503870414639,15.60327057891399,3,24.430131303288924,0
236.77927154848305,2.71290656063093,13.88706601422819,87.27881563802043,5,23.971714094146062,0
81.19792826928727,12.849032191980193,18.873244271711265,6.3193808729008785,7,4.8930242260791035,0
285.2390390649272,10.201854631413749,41.692634525354514,27.959527886881826,7,19.900557405914288,0
113.13933697091713,9.973905381968539,12.728505662252122,11.343534216341938,0,20.214024927117304,0
63.20975629859035,2.4171693538571604,7.8729075020966155,26.150321737996705,1,29.50254939258461,0
121.62476174380399,6.88080925238467,74.21567229116415,17.6759385826097,0,9.862897500380473,0
92.67655765845211,13.90197207092086,89.94020224625035,6.666432444667778,2,12.173304062097808,1
208.33615588170062,4.098936903258159,9.810266242025401,50.826875553048545,1,27.811651102491275,0
117.11656188440934,16.422021094289157,53.46776236188734,7.1316777156702855,5,22.774274438492874,0
74.74846699758585,11.446676959245943,88.89903298319582,6.530145584060403,0,19.240741373279228,1
246.74106543141116,14.782559359806092,51.21469225287664,16.69136307358943,1,28.09580021448309,0
97.16253080673674,5.7139829159538,54.043752368957634,17.004343946400827,7,9.914694933319776,1
124.6131902720977,4.374930920687577,71.21624305887127,28.483464660629,6,28.956064364810214,1
266.4546212307611,0.39020459610674685,58.23655826719586,532.9092424615222,2,11.668261275601125,0
56.47659900916842,16.87764788730279,64.4193641517918,3.3462363586608705,1,6.589652314737729,1
247.7564802111855,17.519601459070735,20.63704857570047,14.141673301758251,5,21.209136065257443,0
14.455593434355162,2.3059677577844173,50.9457498257188,6.268775175002513,7,2.067672533770236,0
99.97129026182392,11.052260245279811,73.60069521747572,9.045325394370764,5,5.168537381475512,1
162.13380465240363,0.6754543916356859,41.37687715932914,240.03664297715065,4,15.928588236714516,0
92.22541324816956,2.8475363982177493,63.967064186652024,32.38779083066075,4,4.981273616134404,0
238.38978091564883,3.039109993166267,95.3938234818383,78.44065580110339,1,1.097044301626836,0
1.9728546469289232,2.539313962879759,12.76105981547444,0.7769242700069938,7,8.93039437092536,1
2.2382277323657385,19.498751744275758,80.10559735234983,0.11478825730589724,7,15.406375555562807,0
254.2925555750686,5.239750991360799,24.07970050639623,48.531419907995875,3,21.348829363186177,1
90.03826654841097,7.075922594877304,93.34205764309387,12.724597441695478,0,16.793626895753697,1
174.2899039294301,7.467204111986456,54.13290874577805,23.3407177995386,3,19.141591465682595,0
36.621000378537104,19.360812416540092,62.053430079524134,1.8915012237426307,4,24.673572779492453,1
140.58694944420216,18.076085050284316,38.36635919849254,7.777510951797104,7,25.697071915473852,0
57.31575024966424,18.046795494005796,3.9836964340999703,3.1759516679125412,4,6.730463037327788,1
74.57455236968003,12.434437654466613,2.845002501547822,5.997420586438171,0,20.537865127033665,0
276.18860618386327,5.672894162422962,41.50342822841109,48.68566172330981,1,1.094954948663518,1
164.44812119007324,10.511730970240007,18.693514332202522,15.644247522662626,6,9.888821724886482,0
30.77424404934863,18.156042435578584,48.219888285341426,1.6949863473023954,2,24.323705768301224,1
220.92787206345196,0.40792973972502145,44.11623477838944,441.8557441269039,4,27.94355608701897,1
52.529823704771026,8.066964379037438,69.55455721839549,6.511721291502586,3,17.916806116785263,1
35.398202402929,6.838589060385538,22.31413693907518,5.176243533623493,3,9.782781881971003,1
34.44887311876025,6.537901933791119,83.471571009589,5.2691021473894235,7,15.09204182880915,1
254.73298270650744,12.034121232833122,17.25919846748838,21.16755995539669,5,8.210297699365784,0
293.4579347323824,5.7281682743003,75.78993926302637,51.23067631392664,0,1.5950189227191192,0
96.13995228578325,3.3345045567912557,97.54121094552201,28.831855122218606,6,5.469819104587721,0
234.0445818646249,14.888434558675554,49.384999022625294,15.71989190282239,5,16.147765273686026,0
299.7323278325245,7.830805458034944,29.846439233322354,38.27605339435148,5,25.348459605929705,0
28.893819569463197,1.0520163709200103,36.34734368297479,27.465180550560206,6,11.485735421703732,1
7.197109569578264,16.84135577716956,80.01054879140067,0.4273473979651206,7,21.04945288973423,0
136.44212701198646,1.8327235839393063,13.752841631730139,74.44773898675653,6,22.983085812882862,0
199.72129597613002,7.231932767236058,46.1711349776124,27.616586382129857,0,26.331663143525038,0
111.60163365268416,10.35340437291994,64.46749668204971,10.779220982094172,1,18.6335202418178,1
45.81346976202022,12.684230410599358,44.27926767480906,3.611844651113952,1,21.386317518131673,1
13.512001439274323,5.765154471253542,28.501831044809766,2.343736235802256,7,3.6351527809251305,1
60.123490310573835,14.145819427210991,96.91575723296732,4.250265643496049,1,2.1269717564029813,1
46.100779845221055,8.030296750542602,99.14773679486974,5.740856319177253,6,3.2099105481492494,1
83.94563271585315,10.500417955516841,15.543261286777444,7.9945039398882916,5,25.72883204658961,0
101.2014176181603,15.131910055740349,18.420816359100222,6.687947340776662,5,19.003814113803152,0
170.4489213444441,1.7022931236948846,9.477496163470622,100.1290077319228,3,21.298249369482036,1
42.17149330224218,2.6822259186087893,10.208252623538138,15.722573184333255,6,7.921807306253944,1
215.6772081561316,0.9432077760240554,9.545365379455273,228.6635178786217,0,7.059533336429978,0
121.24056613433082,12.795590667730787,88.41935186974852,9.475183231680544,5,0.34942570880001966,0
232.96205943775425,16.08111641634341,73.57567600727312,14.486684469306649,2,0.4355037770035719,1
60.852939541856486,11.40648224608965,6.381926003950278,5.334943607413932,7,22.66530153405104,0
76.74792948112263,19.503927185837394,69.01011474595927,3.934998769727384,5,27.262285159661424,1
247.44836920119712,13.676599928357255,51.97145717317684,18.09282793219199,1,5.007657752677592,0
295.9980408692716,14.954884121532263,45.23294405999181,19.792733829551327,2,3.575817604893814,0
106.19280351995265,11.788797656304286,82.22694429371792,9.007941828839856,7,14.659549878899268,1
149.9286318325775,1.5076311603801118,61.58643306827996,99.44649312951101,5,0.23492526152374293,0
168.84892361034932,2.6614739258689712,37.9787096237729,63.44188532871692,7,1.6479656661209685,0
253.72388562583305,12.773753642517526,65.18142908113799,19.862907390143437,2,17.268410860896736,0
168.41058201715776,4.849544524123324,10.232030466993269,34.727092653634756,5,22.467810857922338,0
147.27351323195646,3.8500901248189545,13.808944924685518,38.25196513779838,4,3.5668317859946685,1
3.271128250444544,4.086682491765005,2.820764516289831,0.8004361134088912,4,22.825164383252588,1
270.7392890469937,4.55395269434804,74.48777784244263,59.451493508707536,1,11.827362656865224,0
150.68823732582442,13.440125319762421,67.21942359308005,11.211817876746414,2,9.770896092491107,1
60.61883134381553,7.0125883436632686,57.351568955314804,8.644287725600215,0,15.85635342177843,1
218.27925968001307,0.533634039349018,46.121309091796505,409.0429837389922,7,8.556949496314775,0
206.61343951264553,0.12957986841579228,98.04046775985627,413.22687902529105,6,28.876594073189235,0
202.92821535016512,17.157608593190687,49.78255591004866,11.827301820528819,5,16.64001247894348,0
245.1957735168677,2.9264110411402178,12.129886061297789,83.78719532896925,4,10.460952500444115,0
292.10306434455464,15.574864929274618,69.40285850383144,18.754773519449007,6,21.07464059534779,0
111.25790033910133,11.429234491398162,46.76999762884333,9.734501503389044,1,28.22844928339899,0
205.604851999057,7.243903244413175,19.3041837685076,28.38315823138979,6,2.369561037854403,0
298.26604342064286,8.315175079913153,98.04537816984829,35.870085783420215,5,3.180075103229938,0
51.37694456650356,2.681888561913186,34.91349510060253,19.157002008261166,1,28.919871354051747,0
291.8737647661707,11.719274589678871,62.09570508174384,24.90544636809031,5,23.349728591839796,0
157.82346870446267,7.765939328479597,12.04030757850566,20.322521465714452,0,6.296667448920256,0
7.266241106564819,2.4806448499528266,90.76897623761494,2.929174285751948,6,5.336991049365035,1
105.38003682917922,7.607930306810424,92.91961024609246,13.851340979667718,7,6.52587427204519,0
89.06530161512006,7.463029255101546,47.85847996430292,11.934202395660876,2,12.842248690729454,1
139.70115528179744,14.958041041278388,29.536088801336856,9.339535497748432,7,28.89710139135294,0
126.79139708411392,0.7825304603342453,86.5512970612638,162.02742706010065,5,21.674922858512716,0
130.12747071410814,17.487071049422166,25.819975499300952,7.441353120047397,5,15.40968595855794,0
278.4302670656062,14.001925526077702,79.40191518469146,19.885141264824426,0,21.76395634869032,0
128.32249954874388,11.070700800276992,15.369615491253208,11.591181250741888,2,14.933094185154927,1
282.01282608686654,4.8136196721004865,8.356845044505867,58.58643708837232,3,8.815011935085325,0
71.28101135101008,16.34099650140091,20.816145097609517,4.362096971558569,5,9.940687576694858,1
71.05443343655445,0.6442578463815329,60.580715156697586,110.28881345509548,3,8.187590289297257,0
155.42016237002207,4.531660944116491,93.60144010583159,34.29651165138599,0,11.270479735343699,0
156.26915996435594,9.610416852468633,63.49303762579388,16.260393525408315,0,19.56283874620327,0
231.29151490985373,10.912633355774833,49.97694700431586,21.194839721015374,0,4.3327589191359905,0
78.08743163061409,18.100731284035202,6.04906594607133,4.314048443970162,7,17.119007572070817,1
18.983293857125194,6.435723059928378,86.95476924708338,2.949675379185203,4,13.782873804717823,1
182.666842094837,10.273450475287817,62.84825430696078,17.7804762415735,1,1.1567182888228833,0
111.641788473123,9.540938643380613,82.01650486712573,11.701342252167056,5,4.070260707300809,0
104.72625631172711,15.26154773157426,81.238172809687,6.86209932004874,7,6.191072762561057,1
280.6654148798978,6.816817942940276,61.58782148273999,41.17249679090583,7,16.183247025831385,0
249.66230111316793,17.251123849810774,89.61746802525808,14.472233999752222,6,5.8716135244363175,1
101.12654968798579,4.854236807445373,61.83327641311915,20.832636251465736,3,4.440746740935207,0
146.49110153110925,4.135796992465055,12.267083492054054,35.420283393502906,1,26.194872942322398,0
83.44105548997052,19.574097444630606,79.90280053013198,4.262830290183282,1,18.82610311157399,1
208.30674779716196,9.641749129371336,12.478923787461927,21.604663739134647,0,4.071230014901557,0
16.838274603166635,17.237509778644057,35.46401147619449,0.9768391617696401,6,12.09693229101657,1
104.59761913058595,5.82883930403423,11.220161066776779,17.94484522127627,2,17.9874766117158,0
4.0936370711679215,11.473415138939078,92.46920961730042,0.3567932495769914,7,22.0812735560104,1
10.443543438131698,10.543330449790462,24.95152700294325,0.9905355321893807,3,13.518271710204855,1
17.727206029713017,0.04581843832155874,38.512708295684874,35.45441205942603,7,13.805163546010586,1
232.81993707135283,18.14219760892065,58.60637011961863,12.833061467529907,0,27.80185379100625,0
205.4914456268969,5.704629185062194,60.52135065345371,36.02187608705307,6,28.456255399322934,0
259.6347159001458,5.211058808943941,83.96239187221366,49.823793094509846,5,18.280679507612586,1
85.48970770686512,9.601048291728635,69.44029347273539,8.904205573105497,0,28.687971915507934,1
17.360758797691066,13.429258604922122,83.64174366757463,1.292756309818024,1,10.049141565178708,1
284.3091952776913,8.570656295696846,75.61025746537882,33.1723949098784,6,4.744284435415532,0
235.53836407341805,17.11869802351483,53.38323178137069,13.759128395738651,0,24.40112479251213,0
205.77086619484606,15.096157340793745,24.815691586407308,13.630678426939792,7,21.279166989664887,0
140.06107693978726,16.06488472132843,46.14044225064049,8.718461375190335,6,25.062976842506767,0
73.85540486054451,17.980585674019856,7.8383568677892645,4.1075082980894315,5,16.69478575111129,1
173.0379921382812,9.540778238692013,66.21487582787894,18.1366747878634,7,9.999970033961747,0
222.08035431003,18.815515724356683,56.283470657779475,11.803043698799444,2,9.441663383168073,0
235.11204610031362,8.586046087997921,75.24187945087208,27.383040306406812,4,14.554336484826651,1
116.46109168308776,9.92868174991742,6.641067443539351,11.72976379105478,7,20.295180424326656,0
276.990603860803,12.718714458893059,3.8279881521689596,21.778191872774393,1,11.565613531544042,0
186.13830097670862,13.257892226010073,43.520933996807834,14.039810989829297,3,21.19290953493009,0
206.35102222950607,17.71929098542283,96.0681949558784,11.645557511260769,5,20.0773623548073,0
269.4582242617553,1.730800755475621,50.50338525722303,155.68413834422472,5,1.0068318442048374,0
216.5399678958776,7.727423171214038,46.41758292576249,28.022273803060987,6,27.370518282617375,0
110.72336991712045,8.459412979464492,22.415281936519595,13.088776985578685,6,8.55988161044547,0
187.16156432753962,10.378143877317804,46.16573500820343,18.034204048432493,4,4.038590237873699,0
121.47505609620742,7.154347222264256,30.198262656877127,16.979194931744196,1,2.143690632083586,0
98.65455579159666,8.565902121348433,24.57589394108497,11.517123870202079,4,5.722494505548262,1
144.9616539609825,5.56529803467908,3.9237658519150287,26.047419753206732,1,23.43028725977079,0
184.7402397459469,13.807507970048432,45.511254991175065,13.379694594179465,4,19.611197545339085,0
296.5923981081637,4.092005756690424,34.009480852228805,72.48093373848155,1,16.0293088751138,0
52.098420099442244,15.8996187365418,83.36347387718985,3.2767087665885604,4,19.9550411697685,1
120.23888667250688,5.861121789319506,10.422324890563228,20.514654189853815,4,7.009465700781878,0
91.61183204583294,10.302303175029088,41.092206329747086,8.892364211129351,2,26.60608867464632,1
294.63408658970314,0.29959932261649946,12.609577447293209,589.2681731794063,3,1.9973897009134056,0
284.42271595584054,4.253995968025506,62.658591507585506,66.86012824028498,2,10.05516350257484,0
216.94835600230869,19.867085302423455,87.31986544081298,10.919989152905313,0,1.499547872681437,0
156.38544792604188,17.950808409532343,71.69552157258467,8.711888866408778,6,21.359178721539244,0
185.41438207378715,0.950019785290106,78.75559148279696,195.16896905169978,7,15.805372267440045,0
125.83586246284946,11.85417285139627,50.10206020293479,10.615322050751741,6,5.693148173338145,0
207.67181462432987,16.521355971626612,68.37471833052513,12.5699013435084,6,6.1224978424159975,0
2.8568293011088763,19.10676660346782,59.94878488788616,0.14951924417134874,6,27.63763744395673,1
179.29280734050923,4.386895560226696,5.0051119642986475,40.87008794238177,6,11.692824538850445,0
31.371523723293016,3.337560961962469,78.67453410311441,9.39953579300218,6,25.83773019919116,1
85.49753023858409,17.696565624153514,4.932093445301467,4.831306370649176,2,18.235253994655483,1
120.19876079997472,18.539328216675948,3.805143770436459,6.483447479604848,7,8.796947968125938,0
91.83846404290557,13.07753960218947,53.06867960564321,7.022610279653046,2,0.03841206538819697,1
252.5188436526692,15.430654738316187,11.232578984441332,16.364752366964332,1,17.914632360716148,0
23.188504313039193,3.567409486613935,92.97698507076205,6.500096050102996,4,27.03050048609699,1
67.60113346836778,4.999526985082552,43.655693841942345,13.521505868469985,0,20.6736285599771,0
256.3406040818673,5.377070939672293,41.79850198025608,47.67290723106771,0,1.9841257166762871,0
159.36124291159106,5.447799239383522,21.423312042303223,29.25240742344693,6,4.431333278772325,0
244.85565712222652,14.784836621231696,13.735693552601091,16.561269048492743,0,18.52938227983049,0
75.49383199180141,17.961750949615695,45.50788548681696,4.203033000711808,4,6.918479997423216,1
118.75888148632816,10.654905693916593,22.151745182140235,11.145934548640202,1,23.745828041060943,1
218.62488739630552,4.938110185953222,90.33331349741822,44.27298686412433,0,0.025072664248562138,0
294.70734967034554,5.419780861911498,52.96656061851507,54.37624826152204,4,4.234344756846311,0
248.55935837400338,8.0588912306383,33.29342222737534,30.84287295366764,0,14.273003235178985,1
220.8157256020643,5.5870449006620415,72.73171503086894,39.52281206401233,0,4.360781158669712,0
161.54953171637789,5.098878782771856,11.259181992644397,31.683344240742315,5,18.54085808971135,0
90.00008497252459,16.62996216061132,86.64884503175831,5.411923617342505,6,18.78669441916623,1
50.997663111416635,14.814960540196893,35.352166834446706,3.442308399880414,4,13.819746726537458,1
37.50673464770055,7.431027763744624,47.68411212714465,5.047314562689811,7,23.00545643780909,1
14.592831831052278,6.765789820492325,32.67428326512477,2.1568556248752055,5,0.7276848633332011,1
53.8999561227007,8.154164399134654,62.924932700657585,6.610113984017876,2,22.22440758981336,1
229.7605383163418,7.042211451315472,13.295080458613718,32.626191346955785,0,23.943944941893,0
47.76015702796147,13.835575551863993,68.76759002907671,3.451981946752262,5,26.674433589969965,1
160.72679467589717,11.258440357037959,27.513784201681936,14.276115481255133,5,16.256644390942196,0
27.696034181810504,9.586592361418981,87.32651006643725,2.889038475576843,2,11.08378494385541,1
65.04118981772432,12.291724405895977,49.97405145783825,5.291461772973529,2,24.736460445078706,1
46.51152674419341,13.84900509865924,79.6100590335468,3.358474230664867,0,8.400901409256251,1
35.79499984088144,6.382799350902477,1.4850596940045313,5.608040903842655,5,1.634332593098412,1
44.07265801789519,9.665974373233627,83.35645045070784,4.559567025124571,4,27.432013321863103,1
74.38963731420151,6.056882555589819,1.9002526338911974,12.281835850613987,7,17.662336887608966,0
248.38878347448997,7.706865045504914,52.30066004374997,32.22954885130168,1,14.174371493807488,0
17.34636968947423,10.305622195036506,84.42553012353369,1.683194800002348,2,21.665040117394,0
72.53497015606065,17.18033322364421,48.79378888030161,4.2219769088201,3,4.760296716242312,1
100.27171604231103,6.727910020342025,18.68985026248058,14.903843205265332,6,2.585017896101486,1
169.0236009572003,18.23962704592043,97.98163709948778,9.266834268686706,3,26.950808607529545,0
36.10347077681314,7.176190035494157,57.16177209536141,5.0310081809764995,2,26.61471207700446,1
57.991880871769474,2.4424137723085293,67.95106143187779,23.743675837921803,6,24.9505271064669,0
134.41949702159172,5.298620940236725,41.62788259571158,25.368770202230454,7,15.920341165294733,0
119.21928649668453,11.617128721497288,18.005964053717427,10.262371137893254,1,29.618112622299652,0
294.55794011537205,0.8166917969866083,14.248469130686892,360.6720934411467,5,9.483187724492545,0
281.7410949706558,9.614520408955897,84.39648822734651,29.303707620009295,6,4.394706097153632,0
250.92970006660516,9.822991448163666,26.188705090783625,25.54514084541065,4,5.5001342253989,0
119.25607515901291,17.896253595383254,27.175860530334973,6.66374526508597,5,5.65647993981091,1
55.051154771027996,12.048078227215415,81.1820854150744,4.569289286873395,0,13.771415096801293,1
44.24477184188945,4.818301190149565,55.73625873127204,9.182649671702247,3,15.090945747548789,1
224.10661532064503,7.705408802743574,17.52339471363935,29.08432518737358,6,8.472956308381432,0
274.6005469401773,11.539262006228917,5.973901842262963,23.797063173706203,1,13.82113802721204,0
137.8618346708975,7.469029626497299,14.553299081973059,18.457797272863363,0,13.507342700093961,0
210.7480280421874,5.376386100517032,50.92402400869138,39.19882688892458,6,17.866921649406255,0
10.585505025593644,1.3133375688408822,68.25977664022828,8.060003213748113,3,24.282536679478444,1
289.86124111385834,15.632511593620295,65.55456766112488,18.542205414525466,4,12.379573459354585,0
112.4412833094952,12.160984669983709,84.83746477908728,9.24606735069964,1,24.083136526693732,0
123.38843952349882,6.251023358074608,43.01082348744533,19.73891832672722,7,26.672670258041073,0
203.31465752332886,1.0597924810271464,17.096369171229753,191.8438384524838,5,1.1701963750258215,0
275.6736161558806,19.868595735348404,79.0696892582407,13.874841474852051,5,2.2128941894214407,0
213.58804951419165,0.9920219355249782,65.17260994040954,215.3057728518481,2,15.503978491898614,0
233.31970114964366,3.182138471317648,3.02646274869639,73.32166819661732,3,20.063919895127732,0
129.45463779088993,19.651706002154643,3.609784177137476,6.587450360630081,4,29.81978005248799,0
65.7132234363981,0.22772872305256264,5.907197275969445,131.4264468727962,3,15.195671021195547,0
251.64620798583346,6.354046080455187,1.794824440860443,39.60408923691756,6,27.32503011674711,0
239.08057220461868,7.992330333572577,70.2742842145676,29.913750086171614,4,10.229972351218045,0
64.69872984509801,15.4550541254589,29.623013152100352,4.186250615487698,4,10.662497499108177,1
276.551404750303,18.762647309503922,3.679354854826933,14.739466141871155,3,18.196692613382105,0
73.29494123543728,15.658157760628303,30.530655930071827,4.680942825837018,7,0.5555522042345873,1
248.0467402579843,18.76411378060276,24.367103243931666,13.219208919656014,5,13.453394696885002,0
155.07167500800008,12.129368773340572,3.4751450016356267,12.78480998523483,5,20.120148631422126,0
128.3796648587346,8.745688019600738,3.2048854461874887,14.679195572836754,0,16.46563078868465,0
202.09530679234072,4.744433456589016,44.73152625173073,42.5962991454065,4,29.314601022904892,1
82.32449627146717,17.10781447210857,78.0243659398519,4.812098962476095,6,11.02115404075004,1
110.02006264053917,6.007334837319784,94.40294520071512,18.314288385766993,0,1.5758956256428824,0
225.65068954123169,0.08455622201149593,57.130936476441974,451.30137908246337,4,25.66460970578099,0
247.20347577906506,4.875331463182732,15.035552754220005,50.70495773382447,1,5.7047296598492325,0
18.329861081734055,5.359589607257044,34.90949211090718,3.420012057810336,6,9.258898124410193,0
64.19900508960669,15.800144416158126,34.60456728451923,4.063191031592922,2,5.520577582641966,1
236.40283163097732,14.931184662688707,83.69440959698974,15.832824854260927,4,11.916124409480966,0
59.75408370819205,4.502256234625639,90.16087909735823,13.27203086502263,0,8.536101561454062,0
266.03692801488273,13.41523513674347,46.33578935807561,19.830955276081937,5,6.90870952965274,0
259.69012461229914,5.471269459823576,86.14846583813359,47.46432734107616,5,15.010930653314897,0
165.79967168080682,12.33833353490529,65.73475383315127,13.437768659094651,3,19.440385862352358,0
106.00678503160691,6.815880609142562,29.66332309959422,15.552911077904366,0,17.001919456567524,0
215.20533139002993,16.073484690234274,46.03478056743418,13.388841034625285,7,12.813606689041633,0
60.74472411808339,10.083881474379858,89.16929565107398,6.023942692346956,2,27.36073342696831,1
112.49265939795032,2.929846184087437,60.62072792647365,38.395414752118995,1,24.655189985022286,0
276.8555023230111,10.769984407972535,39.61036122049052,25.706211990248324,7,15.763743188858793,0
283.1711390844269,16.23677508423262,93.8371593396767,17.440109727171855,2,13.390194734347672,1
286.97886776400367,8.5969923054411,49.21652178590077,33.38131029643618,4,27.092328622499227,0
110.98911881482987,6.784310876566022,47.84577516504189,16.359674672073492,4,11.496040271384267,0
179.83196139140844,3.086180264289178,21.85852086967207,58.2700769207427,2,21.82233655008995,0
150.3574762811251,10.703343298896499,14.426733667926639,14.04771126948967,2,12.172217420435354,0
67.23823924891073,1.364040224600065,63.364246956690295,49.293443137738045,5,22.135909539003435,0
142.10334122481626,5.828884089802013,45.37885765252783,24.379167441918202,5,26.377175898214723,0
183.15260576193873,16.1900523100393,84.35830357346147,11.312663001611645,6,22.00396882613411,0
101.16843320304584,8.596633014739929,49.48011732541616,11.76837873962757,5,25.48198566958062,0
162.9982983664134,3.85635517318736,28.463097646099943,42.26744971513913,0,8.033420074698158,1
34.324598478172966,4.22412188861117,93.816098146287,8.125854173554258,7,13.738391290548305,1
125.30630377321981,3.6927761447679175,77.12673766271575,33.93281879562592,2,9.320980397052644,0
280.6852643230241,13.873865722072987,78.9180766698219,20.231222497451494,1,12.062822876597082,0
224.6118455331633,4.630110367274902,35.9817735597137,48.51112127276587,1,21.96014218424579,0
168.91632360705694,0.4905235627243676,79.58885834693984,337.8326472141139,2,23.198194002805998,0
3.6805754948444402,9.22890255254541,51.39655935817565,0.39880966061661427,5,6.634019127935828,1
81.94619718306136,16.50978908906959,88.17654817616213,4.963491462002647,6,3.5326729643162302,1
77.42579312312384,0.6096694001516223,3.5474046814276683,126.99635754044463,5,5.11732868202137,0
72.55651121342073,15.695709655302553,33.00822589066221,4.622697081358703,1,4.827323779077224,1
169.3538097105989,4.66841213417341,30.38181821817716,36.276533614268125,2,3.498551532309148,0
149.7352921884306,17.806075449671713,83.62405793468889,8.409224852026068,1,9.10573198028117,0
249.46489561014022,15.466352189705079,3.904405178152881,16.129523791407802,4,9.847372844427943,0
85.502980887473,3.9533770258636203,59.46946868584716,21.627833704728623,4,11.021211398076526,1
189.08460460660058,16.220353991937262,44.16213899324142,11.657242788942206,6,13.655675568887727,0
227.90951594537395,5.979479230411078,59.652038849658396,38.11527846543011,2,3.928799338240485,0
197.99356726989032,16.548923178196734,42.55968224941725,11.964135982620764,7,3.8070150371029996,0
11.204350789866114,7.7380935767532595,82.6801413414932,1.4479471821749696,5,5.91167576468652,1
227.77483262368744,15.006156863171869,35.33078850228992,15.178758605588934,5,10.313962872404598,0
204.8378214082399,12.290119478965977,43.95716346196852,16.66686981837819,5,23.47721277029659,0
169.87412139685583,4.5540263868648845,67.48290905675141,37.30196247584806,0,27.066025808832286,0
239.15299940182675,9.6444739032729,34.68451693647019,24.7968942422737,1,14.219844725637119,0
32.27799004976839,12.050048632775841,85.88980017716928,2.678660562578398,4,26.423389047823648,1
230.60969166272233,7.119800553821618,11.36664485212766,32.389908947511245,3,29.04355592443384,0
267.77505149303687,14.793921493790165,67.43339837169836,18.10034287429719,1,1.925712186182339,0
225.86858944944535,15.01314537815908,25.92790194273762,15.044721393162282,5,5.8414556360735235,0
89.61085577123686,13.967380637294703,78.5673151826189,6.415723756533444,6,18.950632133169517,1
208.99853977856546,0.4830527453193856,36.175985414121826,417.9970795571309,2,20.56362455478731,0
33.03437182886692,8.366212755503042,92.51238826893258,3.9485455120822626,3,23.71469555648445,1
215.4754868578594,12.928684784771571,31.736287517143268,16.666466113526376,4,23.08361008746616,0
93.80960022162866,9.749170954559004,10.476258004826056,9.622315647030529,3,4.880678152317687,0
80.82152255731319,6.758393635326434,22.59431935696471,11.958688250245647,0,13.881881246161281,0
265.46935586497324,1.3023398192786617,13.868452265209342,203.84031259369084,5,7.074748341519922,0
156.01069541932665,9.497283666457646,16.66709377476877,16.426875399154678,2,22.6695889487806,0
106.37657193448518,4.56611988054386,22.70287306726029,23.296929278566143,5,9.203734057207221,0
148.74410754212087,17.485758546481854,39.252593478952406,8.506585925152688,3,15.247598462146609,1
123.00968713818332,8.923563754768926,95.87006013856102,13.784816304186156,2,7.407654035117501,0
179.79318539337882,5.204865503083105,43.57346127656481,34.543291327485456,3,21.9257860144304,0
137.07617661371512,18.750227666057896,21.223532790422993,7.310640652212114,4,1.1316144182018484,0
140.28810352371738,0.17113240103206806,62.68270506983441,280.57620704743476,4,20.41955981449216,0
170.54004120177748,9.353538531652198,86.33885808731551,18.232676395641413,5,4.29306695367662,0
108.17867567014173,9.106264977655442,56.201288396309714,11.879587946933881,6,12.148103534681356,0
287.82968940983994,9.857778689698026,66.13722956638092,29.19822999380574,5,9.023896346656038,0
109.95727360432713,16.85939053081896,75.34031059518009,6.522019488386919,6,15.306904197544455,1
86.33036023532799,1.3636566754972401,77.75846744986272,63.30798784367679,1,28.392057146334135,0
112.95254485866344,0.8460059552910826,7.342965348833563,133.51270656221354,0,16.693566554575924,0
281.3090679167436,3.431474743952634,4.533423584434337,81.97905824966392,0,25.87437029111155,0
124.14588233467771,10.08915938182805,6.5990308366438715,12.30487869567026,0,25.524649886720514,0
252.0952181356168,18.15000212583669,55.309021868464015,13.88954207210571,7,10.982207129516988,1
13.067097222807478,4.629234175935515,45.786665668681316,2.8227341124229834,0,5.452556270367611,1
196.76137795293812,4.112644256552416,36.52124142995665,47.84303374634231,5,3.247782659057399,1
189.84904515196797,5.305020011398716,81.45975038596669,35.786678418563135,5,29.699466893169827,0
202.56514553317302,13.442809589407194,54.73544273331924,15.068661367694476,0,18.144881644609526,0
9.15981926580468,16.175098955721175,24.649498775881717,0.5662913896773922,1,19.834869890733202,1
183.99617094035503,18.871604559688443,39.546175706832955,9.749895424016488,4,29.903039770680362,0
233.69330757171517,13.761092425306833,53.57210011167663,16.982177021204368,7,1.9664524122643345,0
47.582066943896095,3.1346503744700738,78.77399779847113,15.179385660175914,7,12.003383307858314,1
271.516479961972,8.935792676061652,31.281892345219596,30.385270764992697,5,29.242854193677825,1
3.339281516720427,7.26445359699529,79.53077632372589,0.45967414783977895,5,21.978447565830212,1
287.0036358566244,2.9036554718525154,90.66518961123913,98.84217967275495,2,13.54846179924679,1
24.35742365308814,10.845599845643061,67.94944820666215,2.245834624156183,7,14.957822426674644,1
84.8884025195648,4.619881127506487,73.12355087683856,18.374585877144003,3,5.697859426527822,0
78.53915388404288,14.240379255624472,7.982771516254761,5.515243131816349,5,13.915374304959471,0
28.76059822556162,13.73401604323504,3.20492062764669,2.0941142150280374,4,28.621394828166522,1
140.0171698326501,11.989650247580801,70.00210398960373,11.678169666450605,6,1.0765665828988291,1
120.2351802260877,10.192450045431176,51.45154526522806,11.796494433640497,7,13.252053434719626,0
261.23072210278787,0.12608942838553183,25.98317517484062,522.4614442055757,4,4.040500107585299,0
205.747887478705,19.02596781339931,73.11639854370709,10.81405632011025,5,13.28330545744912,0
113.73772569334879,17.25065751458378,17.33912191996845,6.593240031412973,1,7.580468502560778,0
50.304789314477794,6.687176433788997,12.304288145680232,7.522575456555552,6,12.58597038655608,0
9.555865235298523,16.53056229325883,1.0159425981265735,0.5780726067131673,5,25.049574587116837,1
229.04259898702117,9.498712293829126,91.90800023268977,24.113015733282033,1,13.584983657329,0
23.827439288294794,3.6808123250272606,98.33242959429552,6.4734186870335275,4,22.20659978235639,1
17.79024292031134,9.970104189157986,12.820519634369532,1.7843587772791163,3,8.126218169728281,1
299.5051835219173,7.727645823242087,32.865501100313196,38.757623003516706,4,26.838657262139343,0
264.147272147825,16.38715911607739,87.55937034104116,16.119161977787286,3,14.860784779200184,0
261.83794154477226,4.473241320293074,53.02937227590703,58.53427588557136,1,5.058421654699389,0
56.637996689419964,0.771775990717416,86.50293543907827,73.38657508219615,2,4.452524468658888,1
69.06325875140212,9.266517882394993,38.946495660154945,7.452989313559956,4,12.19758879152249,0
184.86414306962456,3.3335886183142294,99.00122813775262,55.45499587261879,7,2.46941898178598,0
27.888756724112117,0.4593470045045378,73.40188294391838,55.777513448224234,1,22.11444530425287,1
201.4364966197083,9.43483825191195,80.14546260287118,21.350286167215174,3,26.73929857884366,0
297.83711261780707,15.933242383447022,53.58833737453713,18.692812514245613,4,11.519449903030278,0
254.83653995339168,2.175285084007623,18.26213970722653,117.15086993742224,3,14.433254292233409,0
223.28967314428283,2.6771596615770843,57.94611048568182,83.40543761695014,4,18.046738064121364,0
161.81707571205035,17.066632941919043,91.2314025219005,9.481488015986764,2,14.190312332061367,1
298.80021210696145,6.426488353899917,8.523947667334209,46.4950989797771,1,17.589449474909422,1
200.18039518636093,14.603443376124993,69.09396926809417,13.70775302992126,2,25.24482088263088,0
144.45123326768862,10.682079123604316,21.790636660872277,13.522763836161168,0,5.312487038177766,0
7.244431894078995,5.318871220230883,13.02137231722904,1.3620243081885572,4,18.165258510016262,1
175.31992497146987,13.804465977621227,81.86410217330776,12.700232320155338,1,23.8940673533726,0
228.6080386600333,2.6297967632188723,70.74028264843913,86.92992624274773,0,0.5720726860585856,0
174.3260473386313,16.646123697539586,49.40582027103082,10.472470979198473,3,24.09121612753126,0
236.08640618524086,13.86503699140971,94.08501995308221,17.027463131292887,6,24.292487750021444,0
211.7176278985755,8.019879479463714,47.6983554933607,26.39910343300233,2,12.21015210162835,0
177.80513953488807,11.76539705828156,59.64053240511844,15.112548998907997,6,13.536311179868552,0
25.869106117185847,13.1401538299556,53.28339827647426,1.9687064894333324,2,29.562682003859557,1
57.60084244158381,0.6888645515168079,24.303902423058165,83.61708018615961,5,19.669645743321475,0
234.07185237308482,4.679822111038714,22.38501099902005,50.01725425010465,5,3.157450528405085,0
206.18130271789,6.723516173174364,74.74758043828565,30.66569595541642,6,0.37010535209783146,0
134.35986698099455,18.68539404772653,11.993545038902697,7.1906359928942605,1,7.16536938876772,0
45.28191837910688,4.393802640777462,62.1383015343852,10.305860795580582,5,29.456124578090776,1
163.71302712017854,18.77956313684454,86.93250036105927,8.717616375163805,6,19.26076458517661,0
23.213225955795103,6.106108549469303,5.134414351393001,3.8016399098919758,3,27.77081816705553,1
59.51342658379198,4.029180915610389,34.39499148074705,14.770601725332599,0,12.024067346270542,0
154.32386305185133,5.1845412803413655,22.65603597792848,29.766155713141547,3,16.12458975440696,0
10.107468380055007,11.15490013044685,58.608537421431016,0.9061011987428808,7,8.307081380159666,1
30.33197269882478,5.388250536971546,2.3242309188606702,5.629280318482147,2,6.484196963545852,1
45.376570336159105,15.869562802007701,96.48637052838592,2.8593459632308456,3,26.805010688371762,1
47.75747076442922,11.504880881303954,78.93745882865039,4.151061732593656,3,6.668152261856042,0
72.3974394459941,15.020162778375813,16.012880462094824,4.820016967474084,7,14.08990070345633,1
114.6349267589956,6.360601237208541,65.41135043276053,18.022655796813495,0,18.900765476689703,0
279.88479227253976,2.0476124787640493,83.93498018261907,136.68836030999373,1,13.707335790898846,0
110.00070463296751,8.250264169366615,96.15509605874142,13.332991813935145,7,28.925407838112072,0
216.33503161610312,4.8320126406660275,10.81546299670466,44.771205645332145,1,17.03991651581041,0
162.12080323894446,19.734019819005706,98.18153500817087,8.21529545048936,7,4.067449015033519,0
44.73003921411779,10.539414772577683,21.249186332349733,4.244072387254374,2,29.624230715731816,1
274.36971677278,8.302250337676407,35.07134898225356,33.04763234224147,3,11.427852552795175,0
206.7672753044243,4.783722808717132,89.75372442364097,43.223088705650525,2,20.713419965859863,0
187.32981510757418,0.4063723794614993,32.63728150917666,374.65963021514835,3,0.950736024661214,0
18.103956783920715,14.36549201683282,49.569628820293275,1.260239242951605,2,6.49424220883435,1
6.553864994963821,5.792924645713153,56.25963381956485,1.1313568526760958,2,18.244167862691054,1
237.91792677726752,18.711612259153036,11.054379258437363,12.714988077036857,6,21.83407931006103,0
63.209942613268964,6.493574030871336,64.56477259407879,9.734229919110843,6,10.266020351350306,1
1.5355754035696556,4.713507635260745,13.925566077397333,0.325781885253,5,22.866444704353363,1
285.6329423907515,9.51082763396734,90.72831734404726,30.032396063054588,4,9.836809047738146,0
64.95876736410212,7.05409213580878,22.343523018670474,9.208664433846998,7,6.038904112443962,1
125.01775313521752,6.523039807540139,92.24253204746613,19.16556648799023,6,7.313463843095716,0
184.24522327990363,9.827777704538727,5.803822523794622,18.747394255245958,6,18.223203709692825,0
61.98169091266868,0.39979883836932517,27.807480599889058,123.96338182533736,5,17.930390070802233,0
63.83083635310677,12.600165579698858,35.92186094634352,5.065872821223062,2,6.081948577669669,1
288.15914853149235,2.1038430858432178,35.38196621860356,136.96798514609682,7,27.188048794820908,0
181.46845801115106,9.722376145938389,28.078937618291622,18.66503160206995,4,22.423623950132836,0
170.70869744133543,8.385214138553145,29.066521222262253,20.358299098941192,2,23.920428682737874,0
294.7410155802584,17.123091840200775,60.70892937325725,17.213072167742485,1,29.885320866088193,0
4.478452752097106,6.808579547860476,3.320812113932503,0.6577660906531396,5,29.755105373932135,1
292.7087070205091,19.201392032879458,81.25972891144006,15.244139931068021,1,12.092299124368118,0
63.0861548881378,11.25414024446983,52.92664513182539,5.605595231420516,5,17.885289430716735,1
168.74976778001903,16.02287703384969,60.642276324468014,10.531801961877434,6,18.344128349219634,0
275.4286590958071,9.007613880847957,62.19820885881617,30.577316339172263,1,13.091954998588157,0
242.04827198805182,9.100253506115656,87.75444232520773,26.597970246146197,1,13.997729756880101,0
112.52404100959714,10.131257155054005,38.8028059362732,11.106621743725478,0,20.020603307302608,0
267.3770964910877,7.881047384852917,19.50410337158628,33.92659419926552,6,16.83772281039231,0
261.9915452636378,14.46003154908228,46.39233653743765,18.118324595236817,4,24.956813993620546,0
71.87485725137826,7.346121292223224,58.48378900036799,9.784055339171525,7,2.5778625896895457,1
136.57541713881014,16.20323879203537,28.378603198271012,8.428896154140688,7,4.834964808285605,0
131.9577825226478,11.730739672486939,98.2144969361754,11.248888493548208,0,5.923072839519223,1
215.1790472406723,4.0336580715021935,53.287321181197335,53.34588193305549,7,9.818365274835184,0
235.8086543801249,10.77274147659973,14.963861948462242,21.889382093902682,4,0.5088111204892221,0
84.83940741203305,14.638969282832665,2.438986540215937,5.7954495137526845,3,7.013928639163597,0
294.3828286994522,6.5768080106593025,79.658009512146,44.7607453680165,2,4.8125781328394215,0
234.74180888141385,1.595119736093089,47.2582491686225,147.16250045050828,5,6.192491203935518,0
274.12114242737744,9.048369466954897,91.5026388590681,30.295087245108824,5,29.54821962444394,0
198.92740522052745,15.889863684916158,47.53481623468855,12.519138563118332,2,0.02324455981995932,0
80.88544506298635,16.796387978775055,45.95245523590841,4.815645194978715,0,11.204278051810121,1
10.230009963460763,12.028835688627108,52.157846403244776,0.8504572036953602,1,29.36075084892853,1
134.7291028204228,19.508575632668943,44.556165317834754,6.906147601817032,0,17.50512448024378,0
97.6997375265741,16.586385735948117,69.47682889096903,5.8903572533482595,7,21.835581142201637,1
96.18779533740891,15.350001322154158,68.61980766459041,6.266305345432394,3,23.9394813553812,1
181.431431199723,17.826826895905807,28.194779449253083,10.177438321420588,7,1.1645132559786697,0
25.023102690925892,16.208207983293853,4.666808051855242,1.5438537509339552,1,5.945941280679099,1
291.0360066347042,8.610749071388721,0.4701076320046127,33.799150831341855,0,7.083751454300604,0
141.8646007966851,2.969468350812894,20.783097874751,47.774410782270024,0,8.393051220602684,0
208.09965814400599,17.064494750381098,14.220222711802943,12.194891275017595,3,7.024821496498552,0
107.72191637879268,10.70740302903259,85.14691063368248,10.060508237778112,7,4.8238303166920105,1
178.83722252479023,12.368386023510425,0.2147619839793946,14.459220644055563,4,4.201352114456922,0
54.112306403555145,16.370306196112626,14.946668060626534,3.3055158379630627,1,6.847338368384717,1
287.8288767104042,18.214599991492655,66.65954362761636,15.80209704549307,4,8.622955634397258,0
152.16582146742437,9.808871596291514,20.362155596478328,15.513081191210048,2,15.661695769841595,1
94.62648949575538,6.857109620237097,33.096090737833784,13.799763272923075,4,2.1503020607977508,1
156.87169779177202,15.369619977272833,64.30693055256802,10.206608753094697,4,5.335647052960767,0
41.5717568578703,14.255848806139337,37.49050245111505,2.9161193712974325,7,0.2387618526795965,1
5.685355062859387,10.507389695344468,23.031634843349615,0.5410815842662056,6,3.382298104026038,1
28.652208774754673,9.238588905991278,89.31099244431296,3.101362022524192,3,17.55651297501386,0
42.6495320895196,13.258918238034132,52.76368176859732,3.2166675534039,1,6.427634239400297,1
222.61566117771255,18.082432079197154,99.2606429234378,12.311157050263148,1,6.215291549292603,0
35.98207965548033,10.783722573467283,23.215509083455,3.336703017936693,7,23.91477806624259,1
155.4331188765625,3.0208495125794754,65.05296434423732,51.45344653194578,0,0.4139815233718802,0
164.7761408765034,19.33498232904189,32.694300579603954,8.522176957410677,6,11.446231503059778,0
99.66421738758531,4.6634667491244475,9.248731874712146,21.37127222067081,2,15.020119976085331,0
64.39899832931707,7.112271353865149,95.95825687972166,9.05463179414823,6,18.990766129177537,1
197.47479901226228,19.42346558020911,10.0797159108445,10.166815916386858,2,25.436891251651936,0
286.67589853470747,18.244975473321606,52.654291384384265,15.712594349819447,2,7.886731499858284,0
14.464327366727991,14.809419484901419,11.249220121249682,0.9766977957154055,6,2.9469371661694432,1
148.22924737389283,7.5592496856283375,16.78132424842301,19.6089894550919,6,11.33507402660251,0
221.6408032939078,12.848139704945535,58.137777025501336,17.250808940736636,0,13.86473685557399,0
268.26998120557414,1.8627287737751241,15.49252178524705,144.01988361509078,1,8.701054109011839,0
17.903688032985198,2.4847398816201127,48.02767675934889,7.205457667992009,6,9.505825266175329,1
37.21706618574087,7.622029331673312,47.02196341126984,4.882829042796451,0,28.71239952223162,1
139.85900016439012,15.496861639446326,8.110856080500628,9.024988634368876,7,25.562016782314537,0
204.80982095206915,11.417524931827112,95.38626239189371,17.93819782964941,0,10.833409560238639,0
233.23348662535324,8.793936213150559,79.54679177086682,26.522080780683062,7,9.014056081347245,0
91.0189610332806,17.47255618079226,32.65659086017831,5.209252732770639,5,11.405848882752688,0
121.11085490067028,7.263217319465316,24.84464537650235,16.674546495544746,3,5.144010439209707,1
116.14377858658779,4.584688914720754,33.81216826382046,25.33296822248231,5,20.544347395863905,0
191.01747466434514,7.50097631932846,70.02282234889469,25.465681603624414,7,17.856308675014915,0
130.41160045611088,8.675825178520197,93.91291088110152,15.031607688336878,2,16.810146252982307,0
135.74177613941865,12.495452987869784,27.807741898548212,10.86329373342389,3,18.474888523791876,0
273.7058760098029,2.9361269948260205,13.90996197087031,93.2200400364567,5,0.9611043034182132,0
193.93232306076462,13.074827672196106,56.36316128498482,14.832495534389777,3,29.269365139382618,0
4.2993868107962125,15.217650234774169,21.849716237333862,0.2825263259745315,1,25.900383331240793,1
18.091196925546583,10.96469347189299,66.19801556918176,1.6499500849633186,1,9.104131931000634,1
78.6018259276738,5.84422473827193,77.27063280515658,13.449487219910617,4,3.787772006659349,1
132.04926345051916,11.868477857352513,4.198691487108386,11.126048768647678,0,26.38967518153804,0
259.16318408233894,6.964823980165393,87.75678215999714,37.21029918636718,5,12.671568620875682,0
180.89664469199698,4.288654644464669,67.04735411470752,42.18027789331994,3,14.318940239146183,1
139.87622146254407,13.37177291719881,42.88920702474617,10.460559144153196,7,29.084928538395495,0
52.1981530892693,18.4964920599306,69.97608249737486,2.8220569024732765,3,26.6274052346753,1
193.15157289513675,9.967928158004637,9.350913512664672,19.3773038723226,6,7.610228371695548,0
134.07009729650517,5.266315052318937,24.733409253658888,25.458047223640666,1,7.467821208785853,0
44.97884320760124,8.23690657182963,76.48620174188457,5.460647491308168,5,8.102451070047454,1
277.7092620284283,1.219572071615369,33.20039980502786,227.71041457237698,4,11.108061482300903,0
57.964242081939396,3.9518447421641634,10.542599532582141,14.667641535481028,0,20.725762690087375,1
192.74413783565748,5.521582832689644,91.15351452895698,34.907406748395914,5,14.880418031094386,1
289.6529240227588,4.326320181658727,1.3836969400247923,66.95133782532591,2,13.23554595276545,0
271.2082322522307,12.304203961209401,29.737720351564345,22.041916170054545,5,1.4920224864529452,0
159.365118987342,2.2860909990040956,67.22565521934375,69.71075038428795,1,18.08829822438978,1
233.0218555629743,6.112374179879254,43.27401154284304,38.12296968500994,6,28.01253620229083,1
272.77232712770433,8.380186599562329,46.41443986988879,32.54967224022796,1,29.192353565782856,0
27.42950093928369,14.101834655246169,46.845163135830425,1.945101584996911,4,12.315855026764567,1
195.76257615928913,3.2606541726666527,66.46891753866579,60.03782241009297,3,14.01200294315099,0
240.54746067125538,6.386308016579363,44.01244147520268,37.66612259333171,6,17.468056220809665,0
148.9374663892823,18.982024385250085,88.78395672921127,7.846237227732866,7,6.089677193609651,0
143.53316294185464,5.627129133146836,88.17267895118233,25.507351892169424,2,11.620788203413387,0
18.917352111132544,16.507296065466903,62.21250700846146,1.1459994438887817,4,20.782596301902732,1
152.42670530212268,15.70172161973778,30.871470316953086,9.707642830103124,7,13.1345680401619,0
56.0095483741636,5.537788261558911,64.77113661114244,10.114064628104193,0,8.375972524623096,1
207.27605685275847,7.448038531834129,20.21771579827596,27.829616612055222,6,15.52304457079569,0
193.59923218537475,18.866288822600815,92.22916160494192,10.261648912819204,4,6.172779989317894,0
263.30378306710094,9.691664961337626,74.18536334573164,27.16806494214181,3,26.60398273591823,0
163.21590115387679,11.249878781093702,91.86607348888916,14.508236429015913,7,11.085863257615902,0
10.24473814418274,3.664919864076699,0.820247430274168,2.79535120115476,3,27.54127420356878,1
198.52562619552495,13.679802888424453,25.13792139235975,14.512316282240656,1,22.939358244718214,0
98.20033575111599,0.8727704043341866,64.00780212431727,112.51565734063865,0,21.29386850002804,0
10.191428749200792,5.779559650370734,20.797217531209522,1.7633573084667542,3,10.43052211014308,1
277.5823772223076,1.426164382114632,91.86764415380064,194.63561192765516,5,15.403317138699693,0
35.91281357420789,5.232389546053748,71.83265057341175,6.863558849759804,0,9.910447864688047,1
143.36247090831435,2.613139161746396,29.768629447153206,54.8621646359252,1,9.07791148185844,0
235.4703365480499,11.027401868940725,67.86346575407394,21.353201719370077,5,13.028059469696242,0
47.351540389833104,11.643676053288532,16.163137740247656,4.066717432975953,6,0.1369131741836449,1
170.43123620211722,2.3548823852471434,50.61475621834535,72.37356620009308,2,24.47915760949089,0
153.0184965532085,17.73237674314708,13.679985128837146,8.629328079911488,7,10.54724857952825,0
212.68523014896346,0.6305497011590533,96.59646010954282,337.3012940264872,5,10.07754440299492,0
66.14922733673801,13.399535209790802,76.04952289033248,4.936680735642528,0,20.06819909526846,1
130.21550295573664,6.528108505097632,90.95898174743348,19.94689623404003,2,12.230843141304563,0
17.500262027815083,14.676866598642347,44.15037748728313,1.1923704497957288,2,26.765004470987122,1
109.30345419330477,1.4756624362948512,28.70338904801002,74.07077086528543,2,20.633513241527567,0
254.20283981444166,8.918109869617952,58.06554775554815,28.504116178300862,2,14.975229533950083,0
124.16690155295701,5.60811776927469,48.94751451768955,22.140565990470595,3,5.191073548214719,0
94.0541037713587,17.63391520425229,34.50120539902224,5.333705117776581,5,8.194115915736344,1
297.3901530344475,12.38391710594518,49.82838881492664,24.014223487629664,3,19.901959035240743,1
60.824598028957475,2.9808209488419424,99.54096221062571,20.40531755273258,0,8.886159774857292,0
223.42812035797007,8.320131640060374,12.682050604313455,26.853916503218787,1,11.844730581102748,0
100.1981674683005,0.250616157941006,61.28832623159982,200.396334936601,6,10.146831374637978,0
226.16161346404004,5.377292978844929,37.53766928048786,42.05863700449157,1,11.27363232091627,0
155.05247545946702,10.423904255882722,78.09296098169587,14.874702573362882,7,14.987269762801942,0
188.04897028281852,10.630649334691661,72.27799384135723,17.689321165843236,3,29.198543041983,0
259.78639764434524,2.798768436802279,94.95206433935114,92.82168336197299,2,6.498743020444362,0
263.51112572452894,0.7369103808155453,35.55424191376487,357.58910796303184,2,17.288569491630515,0
205.4233887856305,15.37334919666658,14.241065400343233,13.362305517015946,2,25.007080961206096,0
268.5355121789145,6.935869582792227,16.35448017311436,38.716920636043454,0,22.00429176726504,0
106.464544144509,11.649577876198403,34.30611245651606,9.138918617989573,0,15.877313495684072,0
272.92143222248495,19.891957811711155,46.3744926583817,13.720189576402866,5,3.3070335100025385,0
234.75614331572712,19.336811918794524,27.537682773220318,12.140374757824198,6,11.08967892986815,1
138.92759503103196,17.730465933201508,5.901179580693405,7.835529847576118,4,11.882395060416341,0
256.2439998514533,16.795676764044124,56.515570098444734,15.256545089032418,5,29.438739023424343,0
251.3536619082806,19.963062759923837,20.38828533775471,12.590936818215942,0,11.03125094705591,0
203.76250581667847,1.5464668822424565,93.03706871137264,131.76001901910266,7,20.718798429658722,0
175.02967969972408,4.875039568329624,46.63657656768121,35.9032326294935,4,1.817000958227507,1
156.29643143885053,16.070113588362787,46.47092959634179,9.725907074610411,0,27.7752167921019,0
187.14257015624648,5.236329002641713,86.50946382384626,35.739268877458535,1,7.6551554480000785,0
156.80168136025554,1.6412773942422043,1.56802897935987,95.53636814248124,4,24.3908638962232,1
219.5852141922489,3.2079996453557658,71.46944608704598,68.44926386140452,4,25.863897576173915,0
80.23946156620934,11.253378135479883,81.360461568303,7.1302555197384425,6,18.954848788540254,1
207.60687397154493,5.860500079943338,94.06143126145807,35.424771118431956,6,6.630320990833186,0
97.83289374200956,6.776026499406786,47.328180618323366,14.438091962977778,7,9.798170474194773,1
264.92936100312653,17.69714477209565,31.97297867258794,14.970175382237903,0,26.4979402828281,0
150.39508945818426,2.5906155404642273,83.12605017788745,58.05380501625266,2,24.22193845511333,0
118.67296199161277,19.857979761337152,26.992244170728842,5.97608434583387,0,23.782635788639745,0
285.5361298929699,3.2337025766202365,14.37300214346161,88.30005949137202,6,1.6270444165395637,1
101.2026225294364,10.487959042053497,89.58860445363688,9.649410540567992,6,6.053150742363988,1
249.91633015075902,14.64025970490585,40.71664149047828,17.07048475834167,4,27.717876887999786,0
251.43515426396985,14.57539922380408,22.38221290397999,17.250652994350503,6,8.69704579645859,0
81.16467517963112,17.784089693993984,44.16847069689441,4.563892590298953,6,25.08553502937274,1
97.108581551472,2.2607503450607425,43.88653817300728,42.95413766656436,0,3.4175158024263075,0
167.45515872324566,18.921579763851717,64.34976223689112,8.849956547663973,1,10.801411624809104,0
81.90049450620816,14.059316644907064,30.55623824027951,5.825353861410918,4,7.345482252451636,1
124.65283819539607,12.988605007049546,33.86395069228757,9.597092076303877,0,1.7818689935199694,0
264.61175141949815,7.019299186005014,2.5559966169295345,37.697745089292894,7,13.235679249977908,0
198.6012344424617,12.02270953603824,85.20226604651394,16.518841601150864,0,18.543654991351744,0
117.85487146897925,1.5189747960111322,79.11794952876254,77.58843120930594,0,24.234518585199453,0
233.42552898676084,18.990327638618993,36.296372661687634,12.291811570015435,5,8.071998500476912,0
39.982912508225525,8.659627848007469,71.21363006343024,4.617162909307398,1,27.680383464736575,1
142.51374918596633,18.87468038779189,94.72869331054247,7.550525161641623,4,19.589071197254384,0
36.02937193488018,5.817161509209097,68.49458360106132,6.193634451758371,7,3.995218356194469,1
29.71658729889978,1.8907363427357882,69.66637302767434,15.716938754084328,7,17.889562861443487,1
131.96407609442136,19.151234608303657,26.214913335324898,6.890630227943839,3,18.770972538773776,0
271.3460310305877,13.309340628326193,84.94103224490517,20.387638922779054,7,2.073745037174093,0
105.60764227567076,11.042982513449786,4.175976052972885,9.56332604412314,5,23.63785049721523,0
147.26230990822316,17.296408570968623,58.80291751153798,8.514039738596223,3,26.67607946306747,0
286.35383403290285,0.16588638558899582,79.53478665188155,572.7076680658057,5,26.97991501848663,0
114.79917693862535,15.673168465882554,65.12032793451533,7.3245672812437945,0,17.46760022982563,1
67.83555962982128,11.167906719370466,73.15500330179346,6.074151704021858,1,15.86185221972203,1
28.976716069450582,16.596003581893463,83.3711969266051,1.7460056528949355,2,11.818239266784666,1
19.15672339959582,19.2508664915681,15.148752239191543,0.9951096698938972,5,9.819609025994946,1
243.18089140649346,18.926237150209147,87.45781286459146,12.84887690439862,5,6.12147274615296,0
63.833151726522566,9.652081725709385,29.932734618619072,6.61340771250371,2,29.117923693596676,1
211.87528375454175,10.507285665794907,92.06708937274263,20.16460677796874,4,9.882043189603667,0
62.81824252115066,2.28122667147161,86.4256790407424,27.537045444338446,0,24.204185621732044,0
134.0888175955712,1.003344187736619,15.821278759242984,133.641894012516,4,14.85716633212734,0
262.92843364938665,18.062070569921154,81.59714471488404,14.556937568788072,6,10.469693250575284,0
112.07380883237428,3.8433464021100994,54.09233730367637,29.16047556130844,3,7.993024602895517,0
170.78190804218494,2.9642840826800465,95.31443615227964,57.613205508892676,5,27.909421217318325,0
37.599504673794335,9.025570999422817,59.24749012942313,4.165886532408733,0,5.580654808278428,1
157.16276064315068,19.639763443284327,94.20634562722843,8.002273606655447,5,8.241752628994076,0
74.39351940805166,10.38916846216129,28.18968903372768,7.160680826285817,7,0.4746960114195664,1
18.541578061488373,19.59802770222559,82.97603948987945,0.9460940837114317,4,18.94510423181238,1
101.04365487640699,16.49433320695699,28.756012712683653,6.12596178388034,6,2.7465838236374984,0
93.37251064773805,9.055029951827402,48.363853811738856,10.311673306933068,2,19.690941046067568,1
135.6503535769003,4.29349774065825,40.00203124569735,31.594369386136748,4,13.202840140755223,0
256.582043683099,12.133285928750869,63.810083531404246,21.14695435266268,5,18.067419289277247,0
286.888470722401,17.661419782771432,50.33008756223458,16.243794341056223,5,9.110202367749444,0
169.07426305887708,7.731268751235747,84.75009862007016,21.86888963494545,6,29.208483104568728,0
207.58576611532862,5.254112744547504,47.15680860651299,39.50919521678563,4,26.973408548115533,0
43.62453355342366,6.1460340313863515,66.17166484382874,7.097997396474445,7,19.863824605251086,1
98.43457298027954,0.6680107583496686,81.69085228501578,147.35477198520536,7,11.67426849215841,0
134.9344949725705,10.63314031042044,92.81392338986826,12.689994774199976,0,18.400023552750163,0
288.23051848999006,10.577098697710419,10.057411510749258,27.25043291430968,1,19.358150221233142,0
278.5112731735166,8.561006693080842,93.39735463861028,32.53253772113207,3,5.494003366907544,0
152.15519572688686,17.444824237539045,34.90296851184086,8.722082473004699,7,19.83554059304705,0
139.9219527735839,3.155387398663083,11.249157539696109,44.34382695223665,0,25.067070910717085,0
87.89247021210444,17.721780675317405,78.76002985545797,4.959573296972328,1,24.724706410958426,1
99.09229591717695,13.338461920546838,99.89464316817079,7.429064648340988,1,19.22743274205223,1
172.2515475715989,10.228206501519319,47.71148471527664,16.840835932087636,3,8.626658525585714,0
22.16715258859303,3.655877918701975,41.088296559298165,6.063428014156313,6,19.458621362682205,1
143.74298306294313,1.8703391242193024,18.00520076243326,76.8539679257059,3,2.9013792798345825,0
47.35903005023088,14.155581850890274,77.63721535162784,3.3456081529599837,6,1.3785946434024965,1
47.2112981732461,18.606749788236076,97.11463506294122,2.5373210641600044,6,29.804726365917446,1
42.39668631582527,0.32621936810449004,3.0078983471473197,84.79337263165054,4,19.15062458804657,1
222.32380401150965,8.828607440108074,30.68272140737044,25.18220518011707,0,25.164327950180255,1
208.9493004070355,7.607539751734613,64.45215948108151,27.466080654970284,7,17.920247877628704,0
78.05144350777148,9.133379316087185,0.5102171197034822,8.545735461823496,1,6.610289646654306,0
76.22276522872016,3.010806929838059,24.399696199969746,25.316390922755026,2,1.8587813588208202,1
63.18259899898303,10.201455137616147,82.97420988976604,6.193488884346297,0,0.3599508127972162,1
128.69869214842765,12.588955239295368,61.25611288017129,10.22314319989839,6,1.4860260828810745,0
192.4320153370203,12.32098851868316,35.78540952641962,15.61822860602641,5,17.39416514184608,0
136.1106931382984,7.649881423796858,9.160081034851785,17.79252325596737,3,6.574409921299873,0
73.74239585995836,17.541296211807623,32.895735783712446,4.20393082526706,5,26.379910435722156,1
11.399320305416028,14.14384760660807,26.521135003567153,0.8059561034926743,7,27.560367838801586,1
94.81330527864151,15.156899688701724,89.09275951100462,6.255455088174619,6,24.40827823509958,1
243.10103170569366,18.655173370676724,29.639052065470693,13.031293082905027,6,17.524373433380575,0
222.75448626421263,0.3020866845898107,18.240672249142353,445.50897252842526,1,12.467380346202173,0
35.02040091177642,13.816985294396298,5.889033242296304,2.5345905901759562,2,0.5802064612332225,1
142.33684695778967,5.53080168261048,23.553032912067152,25.73530115992302,4,5.738271881282152,0
116.76678893543688,9.341501325397456,31.072056600915232,12.499788296124741,3,8.366485792656466,0
196.24945656694896,8.500773000813584,8.475273547926431,23.086071884070602,6,28.595202352616923,0
16.509693666917414,14.03513492441366,33.72283641613364,1.176311717402826,2,12.86618580265642,1
23.850719954319434,4.011586673763194,36.16741671554015,5.945457968117519,7,20.124928262547396,1
243.55625815343902,3.097180904194339,47.14444968126716,78.63804720725366,1,19.46451683376743,0
19.51045017855375,13.964874752036584,28.84175644193121,1.3971088552518827,0,8.372881939010549,0
117.47023925934639,6.469262914301561,24.050470282057447,18.1582107290238,3,19.401258787792806,0
101.38733812560255,3.2584958710691714,76.57271994063993,31.114766486518683,4,17.305211491097,0
0.18604054081082788,2.717118261820022,70.92063443486522,0.06846979883982354,2,8.68624771738631,1
49.59571660015245,12.385569568324517,85.34917456237746,4.0043145635378,6,6.859212806546742,1
63.30675365591021,19.834274399340284,94.20094326854233,3.191785713018868,5,16.68097765976566,1
236.3526291187975,10.550624710011201,64.03055286510167,22.401766304371428,4,19.301134063358617,0
280.4785527323483,8.470031698100996,68.76008769536172,33.11422704536423,5,17.249376988683895,0
131.29558894930463,3.6917025991257746,36.20701457041273,35.56505038634383,1,2.982720480953316,0
299.77502825011766,6.283658218307931,57.74761346653828,47.70708683306479,5,27.0193717835216,0
200.9343454294419,2.6963325842602592,95.45338901132772,74.52135044556024,6,14.670484686702709,0
236.87703602118225,17.00383020337994,62.37894615385214,13.930804600371566,0,29.614638407471475,1
241.18892252456953,6.417022833630124,81.15205576951207,37.5857977722246,6,4.120023705901614,0
276.05826862455734,7.17197935357304,15.581838572355633,38.49122466966203,7,19.74410667889913,0
178.1784797211359,7.682768397998028,69.8207652759192,23.191962908522083,3,17.110880133769548,0
251.69887593947809,7.823885455459574,71.6260250069688,32.17057271254406,5,11.675535557297472,0
130.36981145930662,3.0803405541733286,77.05385249011684,42.323181208869286,3,29.07197200936587,0
208.12621889188867,6.951580641672603,74.89754730497424,29.93940941204588,3,11.520815604368144,0
175.68799136667207,17.955964507768535,52.0572043088311,9.784380632444543,2,20.11821298332751,0
122.30123478769654,9.773109445251178,29.68656735583648,12.514055580040964,7,13.196407660342462,0
274.44185293170614,18.651892419057496,99.92496074914388,14.713887833241857,7,24.89208902302777,0
139.9975277486014,11.873988371391487,87.0281676319647,11.790269905089641,5,18.958183380590935,0
145.19022046984358,15.097671078762184,50.35920472344291,9.616729607659947,7,15.468596732495902,0
178.17848278726817,4.514127122051881,26.92093843877489,39.471303747041524,0,6.825196730732915,0
48.99040247357054,15.784095320931872,29.411111560511838,3.1037827304934327,4,21.954084477501418,1
145.9820281196037,5.4279134797275574,20.006086761537688,26.894685898149387,4,23.902337619616503,0
294.4115567114553,17.634114574268903,84.57436791890585,16.695567870532642,1,29.32676727584716,0
289.01561737013685,5.535484214137256,0.17830096613151714,52.21144279158277,0,16.75638699975045,0
51.320498698511294,11.912603844004712,21.272524982956288,4.308084057066961,2,17.621814086586063,1
232.77770268255412,5.171469124375574,64.84179010831969,45.011909978416575,6,5.994571392354281,0
28.71297257484834,10.840231287350592,99.30078448611309,2.648741693210306,1,17.820552004316617,1
140.99097946315118,17.6836629814129,33.164880511143636,7.972951057218474,6,20.60149053790942,0
182.96370244022023,4.869448185615342,4.230940872835198,37.573806202663086,3,12.604218849750046,0
179.24031709973482,15.81550927522297,46.07299813430801,11.333199202161504,7,20.980914016983554,0
284.8912723248991,13.902623484831604,21.72978250287878,20.49190734653272,0,2.212459010700595,0
92.94720936922806,3.1606410116590733,73.6955748820632,29.407708444698855,2,13.21342259520894,0
78.82222011561936,7.056011787990739,16.063087773472272,11.170930900338627,7,29.514032812953342,0
201.35056824141043,9.153642632282402,40.53885450269987,21.99676962822449,7,22.18644636317817,0
246.67500557259126,13.781812698264368,63.64668154185921,17.8985893200868,1,12.381512326383339,0
248.26695521567206,14.567747818999862,14.883846244266842,17.042233178410186,5,4.470784237975437,0
72.9777388733067,16.49055775944316,86.57382918910525,4.425425745925222,3,9.716087815538053,1
197.1103734392329,6.507072129615414,52.66577388715028,30.291714847009487,5,8.565610711368413,0
200.85645430043445,0.1442445481109189,90.3550683399906,401.7129086008689,6,1.423480406090858,1
287.5000576580674,18.38335775294695,38.42693616728183,15.639148273224441,4,23.139322344124775,0
235.98147804209964,2.1237345357545223,86.33347077042077,111.11627845627133,6,7.113641386616964,0
12.016453226170409,1.593415057150791,0.8348999371006305,7.541320243111802,6,25.40183593896539,1
96.13566853124563,13.992160934042928,21.50095130951205,6.870680589253912,7,1.2202080242243685,1
38.760119849206056,16.638612519498153,13.00931005828666,2.3295283668505746,4,21.57117773523942,1
69.91829685694007,7.44710919296897,27.149463571141077,9.388649346373484,5,0.23745481272020919,1
113.78243122963774,11.22487211999964,4.305631012545852,10.136634966817011,1,17.25843721917058,0
15.282788039528661,19.023140452694026,87.09943756792246,0.8033788152662427,1,23.54123028954198,1
211.38129788531893,4.889207967293563,31.061092453989968,43.23426192940811,3,16.62180103496335,0
126.39532279482947,13.0760456205359,77.18321101765773,9.66617328072991,6,9.274292716713056,0
164.2515259007685,0.19960292466081775,55.025889748172155,328.503051801537,0,16.026009039663414,0
247.33973332666002,17.457083987871368,88.21960295835429,14.168444941807227,5,12.866862917690302,0
263.3404710118413,11.235584546078567,92.13523060734875,23.438074799922372,1,0.08014478785735468,0
181.71805509407343,13.21551617892613,13.232708116316738,13.750356220201724,5,20.578200841824785,0
236.8310620411488,12.875698348085427,11.246431644311016,18.393647912415158,6,26.607486650374092,1
3.712763021119392,13.396335963002455,90.7869794343095,0.27714764928060737,3,24.848922068800412,1
123.53612311603736,16.715175855300238,2.391970432379953,7.390656501939531,0,7.229448544368424,1
46.84492078111548,14.525613368165146,77.67577076725523,3.2249874476063427,4,20.92120592646474,1
189.83390503421043,9.277097824054392,55.60039787377412,20.462639139364693,3,10.825530724265372,0
222.4670266577073,12.660741285149475,31.038767701268988,17.57140610073534,6,17.181244836692407,0
195.88970557527625,12.436047038811022,57.83662382241436,15.751766213486817,4,9.908420469837871,0
83.7577712759006,15.930203182264952,24.982909043298562,5.257796797541658,7,26.836776889019596,1
75.21280766559856,18.374078984723393,41.94099631954427,4.09341919821571,6,14.562396499706022,1
268.52586202336806,6.710781395355967,38.66900491606543,40.01409764430635,6,17.574782365108803,0
71.36848254835762,3.6420260940132687,25.94927221582246,19.595818565295982,2,20.07342894473038,0
6.239842311272204,6.497909617446103,31.79581912221391,0.9602845651344519,2,3.233516465439412,1
127.93979601839119,8.179112816306958,79.35249772970803,15.642258383245863,2,21.703841570044396,0
271.3008489699132,6.3078997595421615,70.18291862993898,43.00969566922932,0,22.875071528626574,0
91.36679733001012,12.334486291315962,76.46098738675207,7.407426233416506,6,16.415336956158438,1
281.39382655514186,13.771069122910369,1.571253260886074,20.433695019873102,4,8.221633364538146,0
40.43326516518674,17.53077555607407,2.868971572303358,2.3064162241913713,4,21.420752730435776,1
224.1524355230564,11.402719833447163,14.612648076914459,19.657804348183546,3,26.604956372236792,0
169.80526659341513,13.601821032456565,89.86262499518027,12.484009765179755,7,17.7443063384431,0
221.29445400153924,3.848882975755461,53.26531085033085,57.495760561050425,7,12.27094557340871,0
150.10302828983518,15.704582946501978,94.28451220204934,9.557912413285,3,23.467132987393075,0
94.71927960377403,8.29446919195799,0.777502447827938,11.419570970932092,1,3.588913462143241,0
181.28022026100496,6.077012794474084,72.39523606387884,29.830481914707452,3,20.744463279753,0
117.50539719058814,2.318880476946359,44.3551383952945,50.67333066917114,3,24.445449499317895,0
59.10335647793927,2.806338495476348,58.23745269276177,21.060665551646885,4,20.738902449964513,0
2.0077486357074847,1.7867571576959618,18.685888526458548,1.1236829957891386,7,7.705527459166628,1
153.60563372425608,17.224175934452116,8.52086573246077,8.91802512403576,6,22.606588647451453,0
248.2320778662094,2.791961475322715,54.042335190800564,88.90956413985509,3,11.148397913818922,0
127.90421017864023,14.085711285155453,56.46493234502431,9.08042253524215,4,10.53946989177607,0
201.90796730194504,0.7970431276123935,58.773525786056005,253.32125741649202,3,27.046772302442495,0
157.0614880653905,11.478788719075029,8.884231843772838,13.68275799034366,4,11.73366420264627,0
273.3631737487231,12.98715855912847,16.882791651446126,21.048728442341254,0,3.74804995651333,0
177.5813531658667,0.8166975407805332,13.042681939250222,217.43833463260933,1,2.3081234500231327,0
72.53102977650008,13.364003566219528,51.49821591304492,5.4273428929515015,7,25.053522110161744,1
290.7918230857603,16.856685576343835,34.88625789195237,17.250830346734876,2,9.61286487433922,0
0.5297297302667481,8.390112789394903,63.17984691663445,0.06313737890822231,6,29.062778474479344,0
69.44240745961365,5.504300140279097,36.310814715931514,12.616028503142735,2,4.305766228033011,1
79.417693928951,1.72408555174562,35.45020381810401,46.063661892265934,2,9.956359892874927,0
153.27092511164693,6.344592117309597,35.851772955457506,24.157727128507823,2,22.14619903009686,0
222.70702907738251,19.992010951378024,72.84737107468382,11.13980127457021,1,17.453295756916663,0
33.75733680892791,12.08353782150802,66.36466562353658,2.793663354853058,5,21.117781469768016,1
156.51221438360503,0.8376737568976322,80.88532727361503,186.84149180374953,5,3.442121964911644,0
222.7517967841122,6.560908113090946,62.43101212509282,33.95136663164916,0,3.785351538169107,0
165.4867519196835,10.97050688554563,85.03958824800608,15.084695141819132,4,7.689258992975342,0
81.36871073123211,1.3638710054141368,31.888287400998074,59.6601221143525,0,3.8986921643750727,0
176.13158911996217,4.255609753674239,76.29170462822688,41.38809696257802,3,21.106668271811618,0
100.16559602735452,14.292282804783003,80.27886835195956,7.008369299397957,2,12.656570273039982,1
255.06615002456735,19.1241490982577,35.46272586489893,13.337385559695573,0,23.45413740410593,0
141.60070831652436,5.300471329576661,66.92702894940436,26.71473903205392,1,8.007855663272574,0
7.728310047958475,14.95281250550088,67.24797327121873,0.5168465828830104,7,24.551126584363775,1
190.3965965563905,10.819621900173475,23.753506921573575,17.59734289359389,1,13.871982781105128,0
54.26957847170099,19.33643061485178,49.47729366389774,2.8065975335705455,2,26.619865213156547,1
186.1535918693783,6.073345612550987,5.947473871387121,30.650913638881192,5,8.816863309171591,0
38.49693060358329,12.234170618548095,42.93967097406763,3.146672692729861,2,9.369428523194607,1
54.28779147465125,18.745976745929024,0.9265424751782159,2.8959702772724647,6,18.599205507849426,1
235.9249088171182,5.04004727354733,77.3543826625535,46.81005871817299,0,28.62187522601751,0
125.02175040442906,9.175820273269215,28.55725720892194,13.625130689257231,5,17.947062511251765,0
79.25484977605991,11.96447243089893,8.316033838705605,6.624182573347719,2,0.20612633720388573,1
156.55727736842314,9.71215835114382,43.697499831154516,16.119720427538653,0,6.160948646766852,0
234.49352547638765,10.222305128522551,93.9581359833296,22.939397966325373,4,24.058395194572004,1
219.17546654584348,11.689825787256748,64.10557313233033,18.749250034570224,2,6.219503031318401,0
95.8850406314694,19.926480566492156,75.76766508207838,4.811940588881869,0,20.71777577500406,1
125.02658970141586,0.08752963750333853,25.252375617240453,250.05317940283172,5,21.466472540197255,0
230.24861293882446,2.443929164899503,22.80053876009539,94.21247401345714,2,12.025078759577237,0
70.20408467855482,4.29422610933778,81.73347562972671,16.348483496454993,5,20.46734528283404,0
10.537240650853397,14.904894758617381,58.07581904011753,0.7069651159234928,7,0.9305917409508968,1
51.73652215228108,3.1051578167162264,28.65076690059555,16.66147912797347,6,13.691260492927293,0
144.47165778532408,13.143793746677444,65.98947349010672,10.991625444658577,0,2.4494558567089575,0
57.99149112296511,13.226437338152294,65.42813265536842,4.384513353092133,1,17.754546073930555,1
105.30825824959989,6.432551173241114,20.3289090858494,16.37114970614981,1,0.561290532773151,0
209.81436284330098,1.9794674741618223,53.671704029942944,105.99535763129623,3,9.156859238339823,0
205.61477649528115,10.593522443442955,27.925912086001638,19.40948136873491,4,18.31413880377201,0
60.79776617086906,5.950709869704845,43.31480510797747,10.216893026559978,1,15.95021582424698,1
177.71117674212508,2.6986133954032954,80.07771430215531,65.85277351873775,2,11.057878090892496,0
216.82868618205015,4.949530459193996,83.51152145361627,43.80793046323823,0,8.21043193074869,0
288.6877051081654,3.2120971887392358,30.189329130682662,89.87514640597684,1,13.925853077900989,0
57.77832343817649,3.9766262824795806,31.397671153419548,14.529482866604571,3,12.869550749797156,1
88.95596591339647,7.13825045569193,32.325747557147835,12.46187234050668,5,27.148885793971427,1
215.85245609209747,19.508697802966747,58.19830562164182,11.064421535058692,7,9.889004338070826,0
96.87558854864714,5.78831636633053,15.848205980368613,16.73640181662373,1,22.818900775621575,0
38.007382539149845,4.140475764406979,80.14681429238833,9.17947228815466,3,19.32055334975828,1
234.23645879430967,15.823163844729994,27.497341890311443,14.803389580796361,5,24.717736904925694,0
73.95518299057517,1.1182318262295032,83.11612582092832,66.1358237673668,1,0.04872791131315668,1
125.54549983804745,0.7304574153523702,52.263770737857826,171.8724421155814,4,4.339258844749606,0
65.1114313878106,5.097737127231499,18.399982657728465,12.772614546951266,5,12.724864323509369,0
178.47223460297857,19.944372970104215,27.14546371416977,8.948500655824128,7,3.8272807578216628,0
139.7131022522368,14.13427637640451,35.201254913223124,9.884701454223096,5,10.809833196971539,0
47.95253543765165,10.69725512207951,13.355078220047655,4.482695316733723,1,3.463293784597271,1
26.11529683673165,11.952183467004794,73.52399514344793,2.1849812554187737,7,23.849544765259132,1
93.70268307338037,19.267938583082426,72.96661616558794,4.863140012064026,7,28.04623988269027,1
8.325740643178204,19.234726355258275,77.19241803400439,0.4328494458098783,7,29.997745806459115,1
55.75205864183735,14.280851937525604,21.416625186631876,3.9039728782103267,5,14.390217781669442,1
167.1155757133977,9.363552343080086,7.573602363531339,17.84745464010788,0,17.245287835665852,0
80.45464260651262,8.372289470602688,55.35350389138184,9.609634603415236,5,20.09364222848998,1
10.020289033785467,6.779915850168525,6.651583698363083,1.4779370799324003,7,14.124726046319852,1
29.05831494990171,9.857310621976774,98.91608812774061,2.9478948228654267,3,9.423190896630814,1
283.3457455583571,12.03425295535077,6.444837732866193,23.54493848597171,7,25.280118911759775,1
274.2004636037266,18.231760911899052,21.41997608248335,15.039713658419481,5,9.593690172641244,0
155.4269435910295,8.213126116034141,45.75964396665307,18.924212461269285,2,2.8148497336088365,0
19.53983745354315,1.6691592252441079,24.988111517351307,11.706395146745528,2,29.415344363277825,1
45.85623895043829,18.416183653077436,48.23572846568196,2.489996831823269,4,24.49079251555083,1
161.26987182028537,17.391788877936598,37.9580039882109,9.272759286129213,7,8.831159811251881,0
280.86069431485936,0.18748968511714148,21.42719155495294,561.7213886297187,2,29.003923544139766,0
106.25489723586772,17.33526810111018,79.24919449706348,6.129406053377563,2,8.670534826148304,1
42.82178246257692,14.903507777315442,42.79251469578818,2.873268703073766,1,8.27916744076454,1
173.86338280416058,16.54065223669355,36.47542865925455,10.511277325477197,3,24.870294783077615,0
234.38299008010773,6.365058908063732,82.99883665147058,36.823381128990626,1,1.1836574096448882,0
25.258033613546115,16.638887311447014,65.40879657852923,1.51801218078864,4,19.660360346913183,1
138.34337107878883,9.529792049158383,54.1830883317435,14.516934930495838,3,4.917915134058694,0
132.64633574655912,2.538807187909633,5.7252584298283065,52.24750283450063,3,2.6181075083165473,0
24.004334607971543,12.920560128073832,78.67111587068833,1.8578400912987396,3,15.410817712612992,0
231.06453439303576,2.601120511633186,94.78876031840471,88.8326908959537,5,29.18865443070339,0
76.21486708244896,2.027985801641752,54.0887144166849,37.58155852015797,7,22.191548252893835,0
118.5082921153044,3.2620827782646478,48.42406283346362,36.32902662830281,6,19.446246461458347,0
226.55018034576952,0.8719555342096097,0.9664494751503216,259.81850158348675,4,19.70120890633031,0
125.6480755760033,17.14387976460912,38.90560071029409,7.329033876881489,0,23.099401284792243,0
214.3460838263529,0.3011051556887656,14.356259440907849,428.6921676527058,0,11.159817520789812,0
60.76854404158247,4.202654148436271,32.28855572715287,14.459563384294496,2,3.207681392104896,1
265.8593238561027,1.6569982979828324,92.66381448434193,160.44634697558223,0,6.290630851682796,0
216.08425760943092,4.474848366968393,20.976238162982654,48.2886211752965,5,16.468629171862318,0
73.54755743196053,19.288098323574097,18.18423937213168,3.813105688188555,1,19.598056841440915,1
118.60938892536251,16.89707652291785,1.4703930695305623,7.019521321602005,2,14.685008003725628,0
204.38432892118522,1.2902546696624229,9.807839543380126,158.4061919920503,3,13.015467859570345,0
69.2432890138067,9.525777813221465,84.8521441411792,7.2690430505002235,6,18.96993497611297,1
109.5206895990414,0.17688623520746294,31.804584113763134,219.0413791980828,4,2.3422974921981576,0
228.23255989789106,14.880808276226695,8.952939843197793,15.337376549801478,4,11.70345974927358,0
139.11974161945224,17.618793488524915,64.665733385132,7.896099225526461,7,23.99495574890115,0
133.03562904184375,0.8037807463623992,19.387327439286274,165.51233609900655,3,21.947994544413536,0
122.11229975848046,10.879647811014957,31.541311009914498,11.223920284887297,3,23.169626196692025,0
256.14602966534517,12.113010451446762,10.178638603003598,21.146355870166975,1,28.361684406515675,0
121.83051501870838,13.23936832963093,62.8382946111787,9.202139557220448,3,16.194465342155077,0
178.07540497155958,9.715777021119145,55.72365975658277,18.32847795749921,7,7.4429289372977,0
94.15752358327903,6.368913134163736,11.550275337777139,14.783923347643881,3,19.92306867075348,0
150.33471154336598,3.378297295933943,40.750269847425194,44.50014263821781,5,10.153689462035011,0
290.231456611348,13.961569045365614,37.06611726789232,20.787882484289046,3,10.596847017916515,0
283.5966580853815,8.055556353688026,66.70514085556313,35.20509889494401,6,7.178988729105828,0
172.98225927706017,17.059611157623785,89.4975666364052,10.139871165806495,1,10.373231746654513,0
256.27641476571665,5.2692607868244075,85.99697738101584,48.63612281375907,5,3.5142463119357936,1
91.38780595542741,12.310905160693345,42.36607021712403,7.423321418088196,0,29.641742733826412,1
45.83376957602774,6.717837959319364,28.590671997147766,6.822696506462254,1,2.529280057830591,1
232.59510864026535,3.337354026856203,59.407619920834755,69.6944665649903,1,3.4878622200954768,0
2.2665094951218157,13.23643375228768,44.6474461389167,0.17123263996468008,0,4.122334043323807,1
95.81492688845891,0.24852686931625678,72.99826299421736,191.62985377691783,3,4.924038155346157,0
162.4326451138783,7.357970147286032,2.2072179346568577,22.075741252333177,1,6.66238547627362,0
196.04443324265958,19.56586850557185,82.35505048192525,10.019715362332688,3,13.882219060010897,0
42.44269861721438,16.706865187418202,91.50332515752011,2.540434614219406,7,17.973047477962677,1
85.08201660254761,17.299535896427024,99.07820317626383,4.918167580444751,5,26.42701773594114,1
91.78114351608451,5.567309946371162,37.08323276302289,16.48572549403479,1,8.049603863443632,1
275.8351130320507,14.351991189228722,69.06068593471491,19.21929224977974,7,24.197852285809088,0
98.81776427107654,17.592873974964995,74.58433664504624,5.616919919491049,3,27.383952636488296,1
253.05438624137682,5.76815483014276,60.73587543929976,43.87094204180955,1,5.95333438687058,0
87.75576256694478,0.42079209825911734,20.0290999283384,175.51152513388956,3,21.57827431845083,0
278.53885426597833,6.662004058052777,41.62267178682111,41.81006973859332,3,16.000813954834804,0
135.61056960082303,10.475996712405863,24.67080345647924,12.944884703928034,0,5.741745466647965,0
156.59961777689028,6.462627193854815,73.35293448045833,24.231572250647194,6,15.736717898480094,0
141.26317363369054,1.0922974712095601,19.015874658430153,129.326650804439,1,19.939129366352525,0
150.60277157874708,1.6219174632517341,46.130777261026466,92.85476911803394,6,21.417664181224517,0
276.5687664993103,13.398130195790438,41.61432332755772,20.64234056974648,6,13.34139594937874,0
139.43924378840578,15.69916341619673,74.89162284572397,8.881953776246903,2,4.115201945377773,0
176.22098438218157,5.77398553204725,3.2023380052777606,30.519817447429567,5,13.680855393481465,0
251.06458674987252,18.776700591046232,58.05239354516323,13.371070467491716,2,7.103338294256105,0
102.06716750584356,9.792409704082502,66.09667188624151,10.423089983999676,4,28.918824443197835,0
128.36588363909598,16.8275002513383,57.44613755238526,7.628339427829572,3,20.322596116301188,1
147.95827563685435,16.093873539281237,63.34927499119915,9.193453352030145,6,12.428693980705372,0
89.2245732184128,1.5414136685537083,94.81212200984204,57.88489815464738,7,6.59897859550853,0
278.73952456351867,13.143230592240233,30.593389098119815,21.20783947350711,4,0.4879077798992437,0
227.16006239879093,19.443703727063447,60.22693238700511,11.682962545999386,5,19.568360669318597,0
251.5223521345558,15.49188223974368,21.142708826743963,16.235751617662526,0,25.06772400945956,0
236.06378523656028,6.291121707446743,82.47694601645571,37.52332194704383,6,7.953888800211885,1
118.76716734956086,9.67232121215112,41.0946483848176,12.279076009216519,4,14.971520202428996,0
265.29550119450704,0.9690621155288359,87.55729980766394,273.7652178774218,2,27.369485809959958,0
129.59905744571776,13.98083429664137,51.80743157695049,9.269765644590429,1,13.32434607448181,0
253.45751742941604,10.2839345097769,40.26195038790611,24.645967668158026,3,14.029411250707232,0
178.87956112536642,16.702472429942986,29.303671079834437,10.70976538806818,3,9.356412370172034,0
190.019436055433,3.525086327872544,40.528028794557514,53.90490285385814,6,25.37951754755639,0
131.22173474218454,10.98668544742483,18.083489412607268,11.943705439654835,7,17.883349859392307,0
13.207843971859923,15.002529342949394,26.43660763011473,0.8803744801917082,6,7.704563178672092,1
297.89180802710723,3.126168531741975,47.537904802452005,95.28974685862981,2,24.318197564850376,1
70.54067000284444,13.117592021479616,37.978811535611435,5.377562428175572,1,18.527289480537434,1
7.025633700078837,15.751720507554287,65.53105619845978,0.4460232580123199,0,3.7677981548879105,1
3.358532509988388,7.773594855845117,25.072987258340063,0.4320436776381576,1,25.074753157105537,0
153.90127855333995,6.7269209428051635,10.326083830007793,22.87841344678599,0,26.33008072655561,1
265.0957020178729,2.8646520018104815,63.541475796173955,92.54028128035462,4,20.22486718832672,0
108.87818407370493,14.270705607118966,44.49639576486689,7.629488482993501,0,5.6953564413815325,0
98.62941745094247,18.512106856665056,93.84359284013615,5.327833196653797,2,21.959141040706424,0
232.14273683610082,1.15606156144612,61.58632604238768,200.80482266507758,7,24.15596907463506,0
99.11637976370649,0.03865179124271423,55.804436012325276,198.23275952741298,0,9.99464060416849,0
171.99315783621972,6.374912935714088,23.619948014375414,26.979687341714865,2,11.119372458757525,0
118.58267759790783,7.553529056055095,31.907426590810328,15.698976824991364,3,21.081445836877897,1
50.29139125144434,9.837222836709227,53.820537248350064,5.11235661591132,4,19.77786012335075,1
63.58094845096619,16.137726473478956,96.7338959001546,3.93989503759754,6,3.8730218797252647,1
194.1816839552363,9.123792906017513,60.99544456060572,21.282999949194984,1,11.799064054078011,0
63.54292699419928,1.995577646671629,63.57632676535776,31.841871500305107,3,19.16321764617561,1
168.9838592683303,12.664167435487283,11.640193486368332,13.343463763342786,3,8.26545356597635,0
101.80104725531315,0.1892478207705972,37.22894080510177,203.6020945106263,4,26.84006472006019,0
22.461226944632852,19.591862235020653,27.00861252919272,1.1464569664277846,2,1.8673852792126178,1
268.4638049991642,5.930418009526878,66.40475500040496,45.26895145804097,0,8.359442020145284,0
108.9501959224298,3.175531919935255,26.834728530248054,34.30927437336267,2,5.4106705335145495,0
61.8473542815427,19.81058633741319,3.161245220482023,3.121934567112795,6,29.110788391603066,1
231.05312787230932,12.945531861195747,6.755208434820082,17.848098506086988,4,8.594105307483256,1
288.7629459476143,8.992282427216821,8.180348058883958,32.11230833604818,1,0.15671230819023108,0
105.15130525571715,10.407509199827116,10.510112900275214,10.103407379881428,3,22.279490201169654,0
135.1378150669576,17.114451769224864,73.16886894081223,7.896122931028492,6,15.211639571999742,0
147.8370164827583,1.884323933739529,44.080330290904115,78.45626425248912,4,22.685240128863384,0
161.27585630702748,16.376548918166055,68.60012964118233,9.847975731207239,4,9.382080051725648,0
102.99214083541473,15.05841446737659,70.15567179213986,6.839507642623517,2,15.812641938489193,1
250.45506086959517,1.8161917866455646,43.872027318465655,137.90121875409199,7,24.514913730223558,0
20.353216691004018,4.231793747545451,62.034619990443396,4.809595624269119,1,8.213809847610008,1
194.6547119604683,1.3039767878535535,13.100846671721367,149.27774311142838,0,18.629167225198817,0
283.24802522321494,13.518231019255882,42.79101511301741,20.953039256375014,1,22.13874416885584,0
36.658494587286036,9.375855470800738,97.43966808169124,3.909882644997219,3,2.039556406461723,1
172.7374478086746,8.83192873950686,62.21161060888954,19.55829274708568,0,22.695529720645144,0
40.775199166376765,15.039262318280056,80.66398716611691,2.7112499472008653,2,25.9223745752972,0
145.3242820949854,4.130520327355011,89.30374373609538,35.18304488966022,4,21.50668567849985,0
3.8855122338317227,16.840773558925658,91.64308877777533,0.23072053194209657,2,26.47689934427718,1
124.73168332545032,14.79872605273658,24.116768034196344,8.428541948878427,2,10.88774859425177,0
139.55209403939963,16.43904711186287,19.344908917845682,8.48906223638078,7,27.071050594702957,0
173.48763212495126,14.67967785015815,89.05915277351639,11.818217940190166,7,1.5618204044885986,0
62.23623245571632,15.575948689957693,91.96611707183982,3.9956623955651565,3,2.460335437593757,1
58.1245639015208,16.89214183974515,45.770534602953596,3.440923267928096,3,5.881289014183444,1
19.667276944236324,14.174648142889637,22.54050142497147,1.3874966592452547,0,21.09780503214174,1
146.830289277634,0.3723944454936001,84.95383856177018,293.660578555268,5,0.26509738510575365,0
114.52094408094483,7.785067574841458,1.7100971898210693,14.710333979763437,2,24.48514604719297,0
40.00791235278086,11.92910170262591,97.5953325736781,3.35380763364387,1,27.32923939158661,1
9.147363236672213,7.797715441222257,2.7919435451457253,1.173082463142359,6,5.100966554009577,1
211.60476811685714,6.041230290782897,23.63725882806126,35.0267673853954,1,2.054077987709144,0
188.1878175010297,10.312668249842663,22.693259900356068,18.248217914301748,3,7.586102050451567,0
192.52653101111164,3.987845899386242,15.925863893832448,48.27832766575631,7,1.8550376336402297,0
245.32373316390917,6.598482741727225,70.59832069392482,37.17880954852554,5,12.02333437680768,0
147.55259900848776,11.920179539703252,19.69676799001815,12.378387298364553,3,29.08338633727842,1
95.76424408804395,18.5988841838448,88.79565159947195,5.148924158107606,1,6.26016927358312,1
250.0804678247075,1.7094141443087008,3.242112600682745,146.29600945875046,6,16.499463704903317,0
192.58630028193963,3.9971417214044647,73.04769697621637,48.18100375341986,0,8.769647769856114,0
158.41392741868623,12.279978200718576,86.71908149243019,12.900179856134962,0,12.243028329260492,0
124.57602011775843,12.266683111427385,25.474657053394512,10.15564019924066,1,9.374283449102593,0
218.65571676637285,18.279242164625575,52.382300647733395,11.961968379056797,2,27.740421703598656,0
236.58689312826428,14.009112542384983,12.21130900622882,16.88807141869006,7,5.848742275424178,0
50.03256845099134,12.929957121568732,15.03622484402064,3.8695076851825725,6,17.739096973676872,1
104.12653966555227,9.711610344763745,15.721404102705016,10.721861356566336,5,18.770950037293527,0
273.4833463742111,8.268847023675516,4.745556486653846,33.07393952157641,0,26.46727450915296,1
261.2832023562111,0.9864526255209793,60.22248154904655,264.8715159719085,3,1.3637518830676965,0
152.3559218468644,7.471408344215078,59.162633893697844,20.391861189708592,1,15.197620106975164,0
267.28717883746504,6.0331060755846515,8.706642904295137,44.303411126674575,2,3.8580711460419925,0
243.55475992851999,3.5607668331423326,95.36920565376964,68.3995249735535,5,1.922771265680836,0
118.9459071225526,13.968115125023555,97.26217269545944,8.51553026717712,7,4.585926590904792,1
37.39259621511264,3.7677815293315797,44.854201344816126,9.924300526454951,2,1.5393143438675294,1
270.1206525147317,2.90696802745414,84.1590267201132,92.92178309621713,6,14.612269324533194,0
22.02460916383977,6.858646184363559,10.109916712637734,3.211218157608391,7,3.684867237758087,1
119.78484310280739,13.543509339929024,7.249257255622387,8.84444645005392,3,8.781830333462386,0
144.43946179409014,0.8066319271461353,78.5722508506767,179.0648955653381,7,16.058964923450667,0
84.9258572702348,4.183497277039074,63.948677019044865,20.300206178296403,0,20.22726422644096,0
290.4684972455476,8.397199848601284,67.52886880556368,34.5911140002141,5,16.38147842904478,1
51.600676201760166,4.973166754010725,65.42766107857435,10.37581861902089,6,13.028852902859017,0
51.07439378838393,3.9767606012945267,41.43241458827307,12.843215599087872,3,22.40497747833597,0
207.7158752992743,2.979357210342688,91.24276667474018,69.71835219294925,4,23.522633882657562,0
163.62507469961045,13.25328417141723,80.34535766450023,12.346002136775532,4,18.76627083952238,0
205.31644029541826,7.972697674206173,44.807710791883615,25.75244273461821,1,24.449590026773453,0
64.8538024063065,18.806945495026245,29.862231368649674,3.4483963609857846,1,26.51908303500227,1
74.77546370260461,17.513643714682466,23.487780151548655,4.269554920768259,2,25.796645865867703,1
287.8482704553105,15.573961463678714,56.773118348225346,18.482662303141343,1,12.83340346890961,0
11.541513252966496,10.930362369308284,12.743931774669159,1.0559131402060633,6,6.924388336887034,1
53.788095206889494,11.044500810045895,10.70858887039119,4.870124610608452,2,12.276939070940966,1
218.86163397560074,13.186342742643742,15.798348413913176,16.597599368308316,2,24.02628173800462,0
206.02606011513976,19.99866022615059,22.325511982976987,10.301993122806124,2,27.805472764786753,0
256.15691502336307,14.175190895871513,65.250047389425,18.070791208742598,4,3.0753414124934775,0
262.2583952103603,13.120443595400332,17.725890365454454,19.988531127278417,4,1.4613545985724208,0
198.50980278731686,12.988656056714046,78.44257667953812,15.283321224346682,5,1.0645088567185546,0
180.7335801531384,13.058748114952278,18.721635482098552,13.840038766518385,7,7.725835423802262,0
263.228925215533,6.578320707430461,43.95566230233927,40.01460812304363,1,28.5502175971139,1
115.29797291755523,16.785962861540305,35.42321569994434,6.868713690635159,6,24.086067471792155,0
85.88091780820048,5.5487784226225045,87.36126858138653,15.47744589296662,3,7.672719333798631,1
94.40485553796142,12.734359564336089,53.65987959506453,7.413396414716617,4,9.270407672168965,1
61.419190249914315,7.351905371073586,39.00929096455782,8.354186724379094,7,18.30552594159217,1
49.49828198352776,14.24931357881152,23.061068089970306,3.473730977268325,4,29.014989761755757,0
248.62699102698863,6.802938025243186,80.36102816299423,36.54700220763821,5,16.017977775173406,0
89.20974743202656,2.4140836992162718,12.750370237127395,36.95387507110394,4,11.51406321281302,0
117.14306875909689,9.878394896367652,81.01619170349174,11.858512439320595,4,25.981225596774273,0
220.7364086656903,9.961532566080871,22.256951181329843,22.158880393294123,3,22.70661998251417,0
282.04047562985653,16.853064739803465,96.68988044893483,16.735263287972487,7,20.691453048094836,0
137.8841769776508,17.34112916252879,82.99297409963218,7.9512802012682595,3,8.67311640977089,0
137.54050985315496,12.643444731446092,5.9042382124959385,10.87840479984633,2,24.164838620814677,0
65.71942200609392,14.416228407915668,32.8999273095695,4.5587112070178275,5,6.954619466604606,1
282.8279633373932,8.810057816876709,67.7684436272157,32.10284985821577,6,15.469367562806276,1
186.22941525990475,6.6453220705152605,25.789971509345165,28.02413687158808,1,25.397886818853703,0
142.9656463052324,18.36240653693106,62.23795207676409,7.785779386688521,6,2.5561758777575925,0
238.435904306566,12.475663748986339,57.31547649236111,19.112081657854812,3,24.00085434509305,0
132.4320626935248,5.590213896127869,45.65850659814383,23.6899813055911,2,24.567091507284804,1
77.84282409087598,4.584185510505412,87.29037294983974,16.980731672504614,2,14.860163968617385,0
61.07193789149434,4.1407201638959386,13.100244881146061,14.749110172669267,3,11.098725698340706,0
26.677298733494347,11.232422319372104,42.82477379835181,2.3750263278015367,7,16.115978403139433,1
270.86530608908447,18.650331157424123,39.04939631807539,14.523351022711536,6,1.4752791868404969,0
299.9196398659939,0.06411120423160943,75.9237393289323,599.8392797319877,0,19.632515045945578,0
210.26110896890603,2.4471445183003637,9.373227856362998,85.92100196638181,0,12.45346929934525,0
264.0016952101811,13.573488577826165,18.507510850457987,19.449804204459113,2,21.66797607567047,0
128.51961316402372,17.853684361226534,90.01321498334437,7.198492510774652,0,21.42058121546315,0
47.0780301814147,1.8806332895982725,99.91529835616825,25.033072870613267,7,19.411051287645474,0
158.83652631136033,4.299258581061006,31.836037352110512,36.945097233988974,7,12.765570539281146,0
162.1731032629304,0.7161481006631631,33.89247081486595,226.45190724202973,2,18.364817024216354,1
13.588235654603753,8.648180032118368,87.061029987895,1.5712248824768418,7,14.597628083009006,1
35.58321228819925,13.594407365633119,97.9419185763709,2.6174890402471083,6,26.17611531299376,1
70.93366956873845,19.40220058374573,80.23604027875612,3.655960016626331,2,7.10183073087207,1
255.55622812553148,1.4588620014021059,40.956541731517184,175.1750528013736,4,1.4516605097651258,1
162.78420107248405,14.89741181259781,29.68330690067239,10.927012230059159,2,29.61367593013936,0
88.89626597919208,10.310416150954158,40.3513093272165,8.621986220310355,2,10.467776968087861,1
60.19250944939635,3.009202682461982,34.43730730174964,20.00280998026686,4,11.673139776777798,0
91.50661175869779,12.545243547330395,98.0323448853966,7.294127962798317,6,26.8951836596909,1
168.7818946505541,17.631596316615724,59.818601750761005,9.572695042450402,2,7.331533295879585,0
79.61826811289569,18.42528904648045,1.5856147253089592,4.321140792529611,1,19.535686082858582,1
233.68836341686614,4.5091108303213385,87.35860656295826,51.825819371180216,7,0.711632546494535,1
90.38018602325677,9.226108692929195,64.67273578373145,9.796132804345056,0,18.061491247603694,1
119.1756179264033,9.813833402124699,29.093356995453036,12.143635727564087,7,12.336212727039623,0
50.95824421581244,11.733848945919796,26.938067489094962,4.342841334559034,2,16.793821311174277,1
167.6415891436958,3.860953252024737,47.12452442463272,43.419740722263924,5,21.1553931477522,0
138.28082156620084,10.31660071796048,52.09050414341778,13.403719436913324,6,8.11611097300214,0
114.35572323495985,11.259614725746708,95.40339498796112,10.156273195873146,6,19.099381638243027,1
16.96337888607523,10.831388655740374,42.911457503622344,1.5661314929443557,1,14.651734140509129,1
267.2650550988419,8.256660948349046,16.615614862440765,32.36962941445267,3,6.9175105649558315,0
284.381715190276,12.074887909415546,63.2728832539568,23.55149938646849,0,23.575452512870037,0
35.47033793397459,16.24815693472671,9.784510841152915,2.1830376255269224,3,5.0206744121661195,1
12.212433818481339,11.351107173182404,3.8960043257876276,1.0758804081538287,5,23.907849864151437,1
25.590897605811925,4.6545387702824055,89.87629334182535,5.498052303098389,1,8.911929565187972,1
15.260428215738454,9.000289067805348,25.03717265801937,1.6955486763559688,4,27.968946337159018,1
275.7605086319976,16.297102564581316,90.32627545298688,16.920830407689227,0,24.77413584466015,0
199.16281561574007,16.39333424137977,27.31654923714456,12.149012073030072,5,25.889217785656943,0
129.81512121216875,0.31828793292964397,4.204705121369379,259.6302424243375,4,5.926324202899913,1
278.10816968729915,6.629426003744097,76.04280665290986,41.950565483381546,0,21.388679535845686,0
164.93731440374523,19.37477666238451,0.45264690739683644,8.512991776775708,0,13.789281300363033,1
280.9292049290245,19.58824527160824,28.524756663311468,14.341723877442522,7,13.035844617183336,0
299.14958547028147,17.638238527775492,66.99688234886476,16.960286878942085,3,2.597648691929609,0
30.891720298945724,15.159741978109299,93.89846263352938,2.037747103054487,7,7.789391030115842,1
210.36145102513248,13.03865901430964,73.97631255556466,16.133672243001786,6,22.122918449348138,0
38.01552002423095,9.63174931231493,98.16387488175666,3.946896746536498,6,1.9255813498210472,1
10.300730777539613,16.998543863602297,49.04397802560306,0.6059772448860042,4,21.7956493392097,1
61.953952848402174,9.19044093766458,52.54685040993208,6.74112953541765,1,15.329987256967335,1
253.00849905741458,6.133381716845605,94.61050744340659,41.251060302103085,2,12.355062506120621,0
183.44460460344493,14.297965368014687,78.71717480462847,12.830119522727362,4,8.72090166480842,0
133.63877454916454,17.652338099874065,32.68816802231248,7.570599078323678,4,16.857316630275278,0
195.93044320282507,8.29833928488817,90.08630100018713,23.61080168891473,2,11.425326713610232,0
84.73515312927378,1.011872767941866,81.00510175387988,83.7409166585477,0,26.855474919346808,0
52.677874690747004,9.122843474518234,79.18708530072588,5.774282419498473,0,14.351815261332401,0
216.88345147380602,8.022284042762358,52.17833244148567,27.03512494916913,0,16.988545874673513,1
160.12970887959983,14.806948754698016,8.642468168645578,10.81449740472649,4,6.447337064801716,0
237.19198593947684,17.11273720914472,80.18804887306642,13.860552116275471,5,1.554933300214224,0
26.7644137842597,10.465393231978606,67.47051806898044,2.55742074769603,5,9.525410510657931,1
88.9363444053081,17.741505130782755,91.33426779433712,5.012897369738789,1,23.85614678791999,0
220.21039230588897,13.925361601433933,95.20003028940319,15.813621118694204,6,8.34841705018131,0
36.53051434117829,6.2691146447906725,84.81080896128994,5.827061141964178,5,22.360925041748867,1
270.39137638942395,11.133445661054921,52.33031009423238,24.286405540672817,7,10.381900194201137,0
102.1556486313971,8.39180471642824,15.09826029949528,12.173263330521957,3,11.571792634194614,0
198.02802628774654,19.774137059519653,84.40374285134983,10.0144964956846,1,2.9448638901684934,0
182.41999184144464,4.432303016079658,80.27341593319812,41.15693154995389,3,9.105585036713887,0
271.2327560441095,2.8314933018294774,7.828296645044464,95.7914171539312,4,12.470477100629163,0
190.5814282263267,18.99065031094233,25.09588726672648,10.035539863346045,4,19.734368895693315,1
67.05544962983967,7.144150924670982,98.13183928743435,9.38606285573787,0,8.839741658108283,1
118.83641092393998,6.644862852728357,69.97946169785988,17.883952394163586,4,1.272519350901028,0
75.57220342765407,18.27455184417156,79.36293400680829,4.135379300792915,5,15.258410455123006,1
206.74119710364616,7.304627894007729,21.759024965792186,28.302769162717244,3,26.24157887870446,0
75.35040275845435,17.5953888310678,4.708216331611448,4.2823948638980776,5,25.875691781270717,1
25.85893580568771,14.278193560904796,17.910680102636288,1.8110789502456537,0,28.40802971232402,1
50.726904260353415,0.6682282593496347,83.27564573413328,75.91253969074025,1,3.1935922698839847,1
39.87831864349408,14.148438766743514,94.29798365349257,2.818566719688515,1,9.167659697133397,1
219.40370757070164,2.7112444147703285,38.20322055834702,80.92361809043597,0,12.987941670873013,0
188.23386788990388,10.414852680056033,94.14326133141282,18.073598702971875,3,18.28767718786151,0
168.8697821075495,18.294521395179125,29.40392707141395,9.230620384092102,1,1.837306105258415,0
200.9842560582323,16.486854204057497,17.666439682881606,12.190576417468959,3,28.776060176464387,0
123.3243755530408,8.043153958111676,78.41836962791747,15.332837863766835,5,14.6550314722135,0
255.7415061693237,9.61925412396095,47.36559764638009,26.58641749907489,3,25.228848181250235,0
236.5646765569054,19.76327553144025,73.27790634992178,11.96991238525053,7,26.208931559183725,0
206.93036712256918,16.951979171003195,39.7329681979138,12.206855909575975,6,14.022467202692388,0
66.19673140559647,0.7925706683935352,50.952297964662755,83.52155087920538,5,2.4523852456220196,1
170.37937357026252,8.425030477695316,60.54835556750673,20.222997889601718,7,7.9092720223807556,0
275.9913647964191,17.585083719234717,58.4019442842202,15.694628993692952,0,24.084983915317554,0
154.63863828605238,12.150184116860368,51.50493979122365,12.727267076674664,0,20.777929650200704,0
273.8195343309354,12.09974911202094,54.63934832085723,22.63018280758395,6,18.716675447371095,0
140.19194948135615,3.771783816173484,20.86524900593265,37.16860676908636,0,8.265108300723817,0
224.75689634688598,5.951981219391687,39.60736531099521,37.761694478239114,5,17.913910213296724,0
69.94615837694695,1.2626063034273427,30.754214053267216,55.398233152391384,4,24.922211452028723,0
116.43747211712551,1.1368095318215055,1.607556762526774,102.4247852061534,6,23.48418033504461,0
51.01915440109798,13.059644400947645,18.98760254598657,3.9066266151470312,0,23.193982666803976,1
206.05872741243692,0.23868858170846163,85.16793028582977,412.11745482487385,1,16.46977667550076,1
261.2637248519877,10.175462047362672,20.153615976720896,25.67585861319225,2,24.54728366559084,0
1.5678524820248452,10.244704546601275,55.93240577022202,0.15304028289864025,6,4.050122402330551,1
49.70596795869232,9.755366206266201,36.11717913485588,5.095243674887827,0,10.320041072309467,1
82.78378107740485,8.505149321955464,15.95648652354783,9.733371860233442,3,10.956110803749338,0
48.61044463181601,18.43474800981744,83.72125522702635,2.6368922757136946,6,13.752205454981954,1
41.05129634637322,2.8037615387461146,49.85473117513477,14.64150776700218,5,11.987190538899398,1
107.5151161843314,16.547381114550433,14.014067327645584,6.497409797964421,4,20.81623814685832,0
154.64310131077087,5.01338708614804,83.69855329807345,30.84603256310467,1,4.2972212871966065,0
180.8922561492764,18.50521928895246,63.175306277627996,9.775201975437726,4,27.922794996259007,0
163.5454744485972,1.514594211594027,65.48100366086764,107.97973027803572,3,14.104303481471621,0
206.67582752413017,4.113885507977562,11.63681429054848,50.238594905801015,0,11.600413533594846,0
145.2352729614923,12.05773658852893,71.66214467554227,12.044986378261173,1,16.35358551945154,0
288.69762663095366,4.8174097482624685,57.20450619166916,59.92797825326783,7,0.4028409508113395,0
71.16692854279249,12.622639627539423,15.313929776798108,5.638038527815067,6,14.714288496653571,0
211.44207063235652,4.69473928091724,0.7782489024412143,45.038085819122585,6,5.73149756149936,0
137.7303260150284,10.895164074558243,19.835306621117955,12.64141825423706,6,28.75977447507531,0
165.87053728173356,14.22364347537502,15.674018933292121,11.661606786538231,1,12.70892812484281,0
17.421578646135462,17.740408640818504,13.501010203839325,0.9820280354788754,7,25.64364194956994,1
107.65039312740723,3.738956392090622,29.176322841018564,28.79156155849546,7,13.491291886264738,0
152.53533435397227,2.514017721986208,43.24334362449878,60.673929630639684,6,19.817422181486993,0
19.640666828263143,1.10599868160012,5.2096095107177725,17.758309440159294,2,5.255726337247025,1
267.9503089905902,18.426900421121935,4.873347469901901,14.541257773523903,0,6.310134562955523,0
281.17935003736335,15.208391547873514,37.69450996553378,18.488434437807378,7,23.38846945288811,0
25.50294718593492,14.756464998818796,62.179927017093526,1.7282558653428408,5,19.31332910447578,1
51.85391008736684,14.160744848156677,15.255900544867295,3.661806680608099,6,15.748172691134533,1
274.68354882524335,18.33424677700637,72.58889687754714,14.98199256103249,5,26.915688694135447,0
81.90084541127855,17.211272497224765,27.405550852021033,4.758558405515029,0,11.157492148928368,1
4.305258891538433,10.873950585922593,93.4546763600673,0.3959240809050592,5,9.099794305887665,1
96.31049363451967,11.524284924106015,68.12817234771663,8.357177410032742,4,28.09795736247757,1
75.80476014508035,8.581025073102467,2.4732729240272366,8.833998211087055,4,28.008919515639597,1
105.96296202761674,11.351827677501658,56.453585234794204,9.334440676687347,0,23.444897639507186,1
36.84986300981324,12.210695598720676,9.015415922640656,3.017834873688443,0,17.817139082807337,1
203.67132405447924,10.847527741987292,67.3862907857549,18.775828824676154,1,27.58204169794484,0
153.2664992372574,9.363749247900943,72.93128220277588,16.368069581916124,7,23.520078764145172,1
214.67624444008416,8.781154309619247,72.26471706795925,24.44738321076066,7,11.934623521875869,0
267.42363252174096,13.702289839235878,36.17778712275924,19.51671112342009,1,19.789419391154446,0
187.69966467494208,17.517520568025915,2.5266024057363112,10.714967563248841,2,28.53884566758716,0
27.661650173300856,9.469970285432314,2.0964387381753546,2.920985952390248,4,6.414215606478914,1
120.53718670586596,16.958706463440183,83.2622721736547,7.10768754478543,0,8.821329533017067,0
156.12446023977466,0.6534590992271339,79.97929008140396,238.92001875010672,4,15.91913377252474,0
72.5438775734532,7.147505361064457,37.64477432331377,10.149538042829736,0,12.95520430782603,1
138.82872356087637,12.676636706041137,96.84033926586952,10.951542335729838,6,29.910257964174313,0
135.0687319401603,15.83301236730118,30.342878150526474,8.530829687161008,5,12.154952094639079,0
119.39907480583133,9.803544514258657,80.99649763424308,12.179174035694198,5,1.5879859280543829,0
46.860649313340595,8.775883857899235,21.085276395048837,5.3397070964152515,2,19.73637171625187,1
229.57570372527653,8.603750031882175,92.68289814754924,26.683214049055078,2,18.76543795735184,0
67.4979490091073,0.4589531151108228,58.9131358824386,134.9958980182146,5,4.407209054610897,1
168.39365539776526,4.415416281609974,24.54467168283111,38.137662376052255,7,18.912641037429225,0
33.41250330052775,10.362644061488854,72.91276514683274,3.22432220022881,4,26.026305407547905,1
77.49011626521605,1.8591970367728705,0.07049243165553332,41.679345831854754,4,0.5658571861579054,0
52.06753010069398,2.303678777010356,7.016380509788666,22.60190553487914,3,17.360228862963602,1
149.73277938233852,11.306828108481518,35.01288454462902,13.242686449794036,3,29.929916529017117,0
282.098644828152,12.730001647371745,24.706231559967296,22.16014205201572,1,22.940941758039607,0
47.68097761102111,19.714748082511168,85.2126266939025,2.418543590385444,7,4.408152940608115,1
17.11580338206822,18.568155675211784,90.53784479807103,0.9217826305128175,6,25.18068497610643,1
223.01587986738284,10.21113856659733,4.755225831601351,21.840451817676065,1,21.278559049801054,0
147.55535586123654,11.538968485082908,42.09811317871949,12.787569014681848,5,16.183147964564668,0
244.44634905739184,10.515384743526766,96.04873171245396,23.246543518806778,7,16.38519924525309,0
221.16937971404965,7.936414263482126,14.347485135624972,27.867670760549604,3,29.83112586859923,0
212.50624413443168,3.5146521682602105,49.68462625876019,60.462951655220124,1,3.26093538894612,1
76.9473205328893,8.862936975056133,84.00817340818149,8.681921212962473,4,19.49790280080204,1
47.1531990298813,2.739010545855287,50.759019037204524,17.215413464265133,0,25.145727919631405,1
251.6182972567936,9.178320167370488,49.2379086204229,27.414417090320367,3,15.829285850908295,1
11.095510188736101,16.826885847691486,42.1998576236591,0.6593917786789002,0,29.358466563601226,1
139.6337011721175,12.79582749843032,44.14432394430897,10.91244010512384,2,10.175157429336645,0
166.14195950126418,15.201173741232028,76.87428803460867,10.929548094738024,3,23.09897099653181,0
0.08215563098137313,14.524925566377219,32.98515785812122,0.00565618258117272,5,26.4826020199143,1
182.03552835196942,6.522284056704799,60.642464682444384,27.909782335352283,2,16.371585863824567,0
32.40401804569936,5.565829029376008,86.26575491663408,5.821957137862751,7,13.250973429973884,1
294.8494735375655,4.867309281071261,39.75347757150931,60.57750936112101,5,15.03756756530913,0
102.9694488338499,7.078231729175788,78.75434482900778,14.547340744641033,3,6.618558650654574,0
106.43151295836476,6.87768198848397,42.2904273706327,15.47491046206764,0,1.799686152325296,0
140.22059305272418,11.776538591648594,93.3675509983917,11.906774810058577,2,18.01191705322744,0
117.0833790517905,10.121952015526892,53.15409182290616,11.567272683390192,4,21.155003513356085,1
155.5037800368702,12.139407304834226,45.96582682627339,12.809832978826288,1,27.466586958271584,0
205.46467979240245,6.664376399874432,77.78129309982556,30.830293408438596,3,8.275134642532802,1
234.66294985661864,2.420112942355377,72.28577953867936,96.9636357666154,1,19.230087753318216,0
273.22675858271333,2.4929947976553324,73.68165187650436,109.59780535430068,3,29.068724891911312,0
58.43545252572262,1.0389260866276673,81.19234612633471,56.24601526312896,1,3.708879482359154,1
132.3108104047195,14.8560127338364,1.2590421736430213,8.906212775610062,1,8.950389517183048,0
161.0257243411308,16.102357100173098,89.47196907054155,10.000133728210498,5,9.750731072080626,0
173.59715056698224,19.135751420259787,6.1303981000538466,9.071875295327466,0,16.907802139888375,0
22.796507629702734,9.691668960345135,92.1750461772957,2.3521756389924113,4,19.168044685957916,1
252.32214797929063,18.191036520284474,44.52146487866195,13.870685581766113,7,9.02083765579982,0
19.105668775332873,2.440185820195344,76.75036643953862,7.8295958517632105,4,22.064911526012796,1
99.25813025934723,17.418121498827915,49.73247083505618,5.698555396230668,7,22.79159559014473,1
29.932498729924674,5.715264977129333,46.25916635448157,5.2372897581660665,3,2.720789103937004,0
288.5508519732649,8.92261920620724,71.14768942407649,32.339254349499456,2,15.136704150062194,0
203.69848813099068,3.114534845649226,86.71792695231392,65.40253945642712,3,2.5166567724616753,0
165.7867612322146,5.974502934890471,52.660477295914944,27.749046747309684,2,18.96843802008992,0
239.12573599345106,6.332424453633713,1.1289261437192888,37.76211429671843,1,28.018753311567725,0
23.379545087568598,8.328233829200718,19.33756630840454,2.8072632885972166,4,20.776324945211584,1
154.82672419061646,1.4887155151609899,56.428252771040555,104.00020864555407,5,4.5785711215188,0
3.0858380204063285,9.740099400272824,80.74508047414032,0.3168179187493603,0,23.043704020406086,1
32.43111643060972,6.187230602042677,22.09108245395014,5.241620769703134,0,24.26485882794531,1
35.53002145987446,2.12997052502806,94.0672040872858,16.680992080585902,1,0.7943668899549328,1
237.98925839091564,7.287079898133582,90.25676109144285,32.65907080995106,2,14.973301150492949,0
194.28845418983764,3.364298033018689,93.91355929575444,57.75007216453655,0,11.951059031157133,0
189.86924587019,1.9910330486542338,46.94279398893847,95.36217693549848,4,17.27845232250737,0
106.68003482669803,3.201312626287025,62.2264617525082,33.32384158632724,1,18.879731899710343,0
69.75181052921123,18.318588808070757,46.52024645329029,3.807706546613468,7,1.1011301071120394,1
284.79191585626006,10.712600842861168,52.46299074155396,26.584759390717352,4,26.067066536003626,0
67.58798157970814,14.718665193507432,46.6299323904277,4.591991236373931,4,22.651021494229852,1
239.95591735300923,7.40361691371689,49.53354041660536,32.41063390360408,7,13.1263812075923,1
287.480014807459,11.668279213142469,23.00038536689366,24.637738740744073,5,5.592492528262082,0
248.8870951262061,9.899792687783616,51.2079755749447,25.14063707953539,0,28.923975819313323,0
212.14293288064573,4.574760426359578,19.970788715703335,46.37246830638104,5,12.003665406081318,0
284.67620157456815,17.95220414502078,5.91542144192011,15.857451222975643,2,18.459134368577573,0
107.83854841513347,14.238568770518041,12.294279079758608,7.573692985099793,4,6.580613506893239,1
64.02970501139737,10.687565632645597,41.46439446744478,5.991046718423517,4,23.875835830303235,1
249.43123161722417,10.52814507465744,6.96438593609785,23.69184978440659,2,8.9894488109588,0
212.0794759950033,9.624711638656844,41.72080007819026,22.034891429183595,3,1.5055818598053183,0
63.46121191613335,5.616485308909458,48.40841213417507,11.29909693086253,0,19.231895613304427,1
211.1843988057094,1.039591326936249,75.82902148702408,203.14174746732945,3,24.625259306437812,0
89.48578623811248,7.132302454802659,74.81496165255295,12.546549561685467,1,20.555320642031216,1
51.40420979552675,14.264773327878611,66.86818272359153,3.6035770505419826,2,21.863726531644158,1
102.98722499855275,9.117342583403737,76.92070853026244,11.295750275526554,0,27.101493539685567,0
74.37859814109528,1.1091303360783944,40.12753721814924,67.060286534114,3,12.623376400031226,0
169.11493166595173,14.408034100799277,17.20456465788822,11.737543823315228,6,1.0575637028910823,1
193.14047041327268,14.123496170938836,78.68363579945587,13.675117554156847,3,20.586166994186048,0
283.7721769205897,10.637509048899199,90.23115455087544,26.676562681745054,7,19.111670908882758,0
189.8879958015961,7.680710527245569,56.05140289667007,24.722712192838376,0,16.2259200982172,0
59.43952971105476,10.359805812176102,95.49957595004284,5.737513886717278,6,9.182706430712974,1
90.25810033335576,9.645269733384934,79.17442097071545,9.357758033551683,4,16.95996743436124,1
282.7457424769833,3.7015603039004485,13.086567285897843,76.3855561610182,0,8.210327237798843,0
94.02566716714446,8.835988631967206,21.858653705932028,10.641216402992473,4,23.436593445454225,1
133.65872643422546,9.297071938110532,49.5693327503301,14.376432421301589,4,29.630675658177044,0
152.5839604160879,5.189807437309232,83.89422990894585,29.40069786003435,1,7.671037117186879,0
90.65433234253176,13.695477998470043,75.6608428751258,6.619289399950771,6,11.958918315287944,0
146.90267238746944,1.2496377234099976,77.04630436163647,117.55620819976774,7,15.704574145528657,0
293.09261213621664,2.6073654053438444,0.2736474116142751,112.40948872586782,0,10.928071673392436,0
241.4339251803263,12.911075589220633,51.96399648981026,18.699753054028882,6,9.892756130596808,0
41.020702231261616,8.274138983391166,86.55097400727482,4.957700410109528,4,9.731757125340444,1
117.80206213486389,10.94532125239982,97.12089178925577,10.762777941217134,0,17.90354665445028,1
118.73546445800494,5.061685837831407,47.321461839532695,23.457691421811973,6,23.977189394803567,0
51.11627270455744,0.8259237574823164,54.42480017296848,61.8898200245219,3,29.431005982473902,0
270.1570123921093,13.634655179363984,59.80533350645925,19.81399667525082,5,2.726262150920138,0
130.9234084028254,13.363481130707251,24.182461362105624,9.797103548265076,6,14.701770552604437,0
68.65716344799876,5.422385099843739,87.97401945058927,12.661801436784211,0,27.69279055031988,1
193.50218727444664,2.05577412404778,98.38336093333098,94.12619071858173,5,2.559291883352902,1
233.777397613007,5.691147785508994,81.1169677262988,41.07737251319663,0,1.0348283849729734,0
229.05769019072122,5.262904497609524,72.73166850365605,43.52305657356352,6,29.766370938800357,0
36.88971763568314,6.20042187122287,75.40950705985917,5.9495496277268005,4,12.879317659971354,1
219.41154596467095,2.638797795908312,72.61387336445378,83.14829817763523,4,21.821609212110438,0
157.75704016793188,9.731871521206463,88.06304881987732,16.210349656195902,1,20.038568872280468,0
199.88900485978925,4.465277769774875,40.73941245742019,44.765189348985786,2,27.39896706787472,0
62.8794766159533,4.614187281757804,24.612738565906124,13.627421857051056,7,25.14480980069269,0
135.51204690437334,15.707237283648887,4.943166800573695,8.627363581337141,1,14.40078284121961,0
144.1237731591871,4.371529772865507,61.361639687944106,32.968727344321614,6,24.23053898759535,0
230.48079078347322,5.726217318878069,10.649482446579272,40.25009494900397,6,6.594586600284959,0
59.003402421256766,16.955820356505537,47.74705303900363,3.479831773436936,5,1.050191579447477,1
147.6154057079333,14.597529731774374,93.63800911803025,10.112355201210486,2,10.909445900232258,0
139.5070592808545,3.0960894852815146,67.58887568002172,45.05911729749946,7,27.241080077616278,0
272.522663720549,11.681273578966685,96.15853428423401,23.32987596585818,7,11.887542093736636,0
208.0623208262473,0.18723896197243572,80.63105412056778,416.1246416524946,7,23.153470349352915,0
54.486635673894455,16.56321027834417,19.184682670587037,3.289618060644552,7,4.953668272082395,1
162.87128863658558,18.541742634908385,40.393898808768256,8.784033509878903,0,8.705497946903368,0
274.1800551687957,11.413039735987603,86.91392586661941,24.02340318716766,3,26.382849211526075,0
243.11039210361727,16.269295007566818,21.80861195469267,14.942896541647753,5,16.14179917921824,0
80.99078672056291,13.177046218720763,34.239531833609114,6.146353695375105,2,19.79895856159612,1
76.86797999374876,10.667098728733666,42.83687518114214,7.2060812361932705,4,1.9440928208046482,1
126.57701732425346,7.609191892417515,57.37127269838314,16.634751641680403,0,0.9818550461920816,0
245.4824335859453,18.013082685466586,49.94336477141965,13.628007924707234,6,1.4335066469870361,0
70.15814826113188,19.414045273420758,67.55557836670404,3.6137830767904666,7,25.751839719450498,1
23.36086963677195,8.18395984008562,43.1964013734672,2.85447021897013,4,8.300352635843542,1
242.1489233451963,0.5849585644267763,35.86616433779509,413.95910423584866,6,18.892831071505746,0
238.86936950045043,6.829238509575852,97.64683933219564,34.977453074088935,5,24.056306141446928,0
2.674654443599911,10.176041741765898,8.557836642618021,0.26283839153511224,5,16.078941085669634,1
6.875425833074377,18.7575512598889,37.181312691186044,0.36654175898624736,4,8.26290835509201,1
139.52239224738915,13.270797534231814,83.69656944098223,10.513489629202263,2,23.41565814202164,0
269.18572212318384,15.926771319005383,65.27354166171149,16.901462118814067,0,28.815112738738073,0
30.787760886296955,13.244843853852949,1.8495927600764905,2.324509161906106,2,5.753380391695455,1
259.9758497666965,8.046555814567869,25.05582669445984,32.30895997714001,6,24.85222728112025,0
106.66311884035235,4.364815849209791,62.1024511628541,24.437026102639066,5,13.997592660065624,0
1.6859994068465611,11.493215498521497,87.16194624802894,0.1466951878752687,7,2.002708840916203,1
94.4490930891571,6.312246777355572,18.548843592051824,14.962832794811174,3,20.66170682978165,0
298.0612157729033,0.525261193198896,68.72738128292568,567.4533348974044,7,0.037209520626084736,0
70.43723362663891,13.645176576582323,90.19003191408889,5.162060984063951,4,15.902717589064673,1
134.45277384189797,10.001504409954734,50.89023596245067,13.443254967530079,7,4.320387506717078,0
166.98228033391615,14.417183734641084,51.444730019541154,11.582170513142398,0,13.39821920819309,0
279.13277790760094,18.582804798713187,12.177987569025417,15.021025132165741,7,7.835595058639862,0
185.4304292276177,3.82076028510282,77.40339710706837,48.5323379094503,5,29.21683045585283,0
242.20318463083396,17.330392887064885,66.16103084921133,13.975631493710125,3,21.659737122666076,0
155.4796754951706,19.009162187164776,39.54853936313207,8.179196640247113,3,22.176857513206173,1
128.68260108688102,13.095759464603132,63.796253526515045,9.826280135543156,7,18.24720105208754,0
235.92291922035312,7.524176348336333,67.47079269550976,31.355314960489718,2,19.02269237033608,0
49.34211105065258,17.99968437490014,63.87900194198426,2.7412764592393764,0,26.801119326149934,1
261.52515641884304,19.228502942003736,65.2460960427758,13.600910960548777,4,11.367717622534553,0
48.21260968226604,15.442271695510879,43.348620469708756,3.122118988249741,1,8.427993905835407,1
63.84484763022766,1.7237039840920088,45.769817067632765,37.03933402686834,2,21.262458731843623,0
81.94094847240756,5.142555384082359,70.26863613948406,15.933897129438337,3,21.869246214601425,0
190.88441188691047,11.742734943428081,3.0670658802102957,16.255532702263753,3,11.483797006083558,0
285.0995748551448,14.389062083536473,8.715482557167887,19.81363157653945,6,25.13869471423296,0
30.33625633207996,3.5654078331499517,66.0007713506852,8.508495451775179,7,21.774617319375967,1
99.78885456622814,4.650252860217727,74.59940076763067,21.45880182557556,0,21.153736357300414,1
89.86511985293045,4.463094287315967,95.38112807202188,20.135160511469696,1,17.368684429825855,0
131.57400847978698,9.69574131587001,77.94302348480893,13.570288665233505,2,21.56833886688269,0
125.70903165375135,13.016036977902951,18.315739567219513,9.658011256972065,2,17.113438295009313,0
45.57857441740347,14.707063244209934,14.96861944512985,3.0990942012401717,5,5.27745147780856,1
143.72138808855394,9.879577647111812,8.159275385995379,14.547321072026731,2,1.9822422522766836,0
151.98483838038706,17.586658145078424,7.4001657428351075,8.642053375155847,5,5.735129386869663,0
55.14161229857647,2.968854058158137,23.550635726837555,18.57336575607427,0,27.064892674633263,0
233.29075518673332,9.928839088053337,9.420408412916537,23.496277169748417,1,25.537830690059167,0
79.43793282084852,10.974504450173242,93.28667382627063,7.238407272193007,3,2.2074801502107775,1
290.7713269082186,10.19664081326618,91.39712533230207,28.516384192911367,2,2.5869950833100464,0
78.6354819950028,1.6938658309733001,17.876751000115853,46.423678048820804,7,12.597910563173041,0
104.67043171647789,10.46019392198896,76.0267429949877,10.006547918432402,5,15.716961575921209,1
280.0072340788493,15.489806745989993,8.30724321299402,18.07687072347353,4,20.722825362370457,0
51.50952204043773,4.329419532420071,81.78803122402358,11.897558472843308,3,11.883789185448725,0
198.0906612835375,18.124393872450465,11.945838353767934,10.929505432159045,7,2.265874660342717,0
129.93887977056326,18.472457051582552,10.788735868488553,7.034195797977578,7,12.340034357891561,0
78.53793603259649,1.3469020628345807,78.33494509153816,58.310056981657546,5,24.595416278391834,1
149.75922458757108,2.293446709052116,53.88113894539956,65.29875928508787,7,19.066049448473148,0
56.28321039216284,18.569455436333225,46.061932177588915,3.0309564319284465,2,23.371598489575327,1
49.14905072792484,6.909407033185704,31.544423650204344,7.113352924768105,5,17.073958117761443,1
290.6503349985107,10.638405181148123,62.75946105268828,27.32085590362361,0,9.21740777636104,0
143.67436185534726,11.26867919667999,39.20116569449647,12.749884822142866,0,19.28637866827557,0
176.44287712950756,18.70448171431741,77.45974754451274,9.433187180719836,0,14.701419451011873,0
13.94332018921406,14.71335258686884,53.73097904209402,0.9476643821924033,4,19.255495532466657,1
259.07171635030176,9.950899430558982,51.62992734711524,26.03500499208127,7,22.750835866915452,0
143.04441202524794,6.0936400176116585,60.48175668684569,23.474378468669826,7,2.1228205506833966,0
257.0595589664879,15.418940376171243,79.53503609267844,16.671674751642023,2,7.2030971952211775,0
245.76651913932605,4.237976707506075,55.50966914176293,57.99147472991952,4,18.430172546554545,1
132.3170862279616,9.74164479180365,7.9044364064627,13.582622755788584,6,28.195618470581437,0
210.5371234581016,9.98986409105964,29.201522456633445,21.075073848754393,0,21.113363913504642,0
39.55012573913634,17.562968885097582,85.10018641101044,2.2519043333667326,2,21.571601019480998,1
234.79267211002534,17.85331651213795,49.48335964003696,13.151207617385634,4,0.8327880578484026,0
75.39825017189933,19.914312662041635,64.50854876736724,3.7861336944666326,7,1.0748799394855613,0
237.3953887925247,0.4202033687304252,82.77492054642063,474.7907775850494,2,25.360612169800454,0
104.29010496203973,11.272264174479504,73.67728045253727,9.25192165014668,1,26.75508232210168,1
60.01545242736099,11.781602753384057,55.76074527125977,5.093997284038678,0,16.092682187681234,1
162.48130815761144,12.235887865991604,9.101249229782137,13.279077900771842,5,29.159293072724655,1
87.47624367806246,0.1945243552793019,71.75220676760705,174.95248735612492,0,26.575129207125798,0
2.880062232177294,13.842675101767455,39.16283946975331,0.20805676727972638,4,2.0615523719911333,1
232.69441111638085,12.440922210561647,43.401275248022145,18.70395194006087,3,2.3951509108977778,0
215.73365194196828,16.256151995463398,98.69935271305046,13.270892890406847,1,4.8869108950751325,0
298.8176470473905,1.0918309192066133,11.036865125316853,273.6849101732056,7,25.02574696083708,0
241.86547925400433,10.272787336520626,59.83486052506273,23.544289522489397,2,21.447094191025347,0
52.621530630301535,14.871611648129008,26.154327844456716,3.538387894692088,4,15.178685940788014,1
156.3079756496228,17.84922344735985,1.4009222888723194,8.75713030937169,3,0.29090855251416414,0
53.72449147140195,3.6524394536220184,92.63353063140082,14.709207956376916,0,25.43481276129879,1
141.1080255634687,14.485219886238145,8.527235528611687,9.741517676064417,7,27.3748864561885,0
162.9800513333818,19.382845284441363,23.21643223504777,8.408468877590748,0,24.33192156013465,0
77.83112225187568,15.877157873406082,50.35704932513697,4.902081523182511,4,17.414619862205782,1
135.34196661850046,12.282904692955075,55.192821567735095,11.018726433343293,2,17.826623299817076,0
45.77552474578874,18.338575635480517,4.902654222303537,2.496133050662051,1,1.5360566597643577,1
230.7648759241712,16.15051690631438,20.97467035139028,14.288389483927222,3,0.9241776031552107,0
166.6552595485345,12.389581013244246,27.602511642537596,13.451242569896667,0,4.803889346913826,0
165.65673177548547,14.59144227797231,82.4459426511106,11.353006003084833,6,16.67650660266608,0
181.4655855005542,18.419884796576923,47.63098450848828,9.851613487521758,6,23.570804646153736,0
88.21894582914463,16.897004255370792,42.50671196721208,5.220981453035015,1,12.228785086841466,1
103.50329588529488,11.122897940922948,27.026831252226323,9.305425297888371,1,1.081968802799751,1
195.5059927736988,4.10174593408366,71.62239892574695,47.66409132002353,4,3.2595861227402,1
98.69043721076781,6.018275402369559,9.740591058450843,16.39845813169512,3,14.232253905293222,0
91.9231024596422,2.9651508151261075,86.63893293329804,31.001155823412212,5,18.648365188627196,0
148.097300194684,17.801331996187855,91.19865042955587,8.31945048979475,0,12.255166076747916,1
21.084080378605275,7.553091650667807,7.64383738031148,2.7914503561917092,7,26.312684308007807,1
264.42868378673126,3.8250445531891164,38.074368812774054,69.13087680671977,3,9.636372860230905,0
164.02953250783585,19.295457414732958,20.9493634166778,8.500940349959874,1,22.08803173443066,0
135.15210714434795,19.291717660273875,88.05063831001834,7.005706258217614,0,23.331007859042934,0
114.28582897012025,6.426053098762187,33.39965584806731,17.784762623908982,6,10.469095660042031,0
166.7254966340462,9.343846586381165,50.787593129647234,17.84334696559036,2,7.482058959068942,0
87.53043551410413,2.9541688549600753,87.28547311212604,29.629462570204733,4,25.406707579197917,1
230.40742527425306,8.208892148924017,70.76168859614343,28.068029289975968,1,8.359214289755759,0
205.66746343999037,1.6886543812778432,60.73595379202877,121.79369900687263,2,17.59361235305339,0
258.6747382516605,18.2007340131268,1.3548696515699676,14.212324517522102,6,15.723160447653907,0
231.95653417867047,15.22307696188999,14.011634790425253,15.237164914777674,5,23.499712535073762,0
143.42437301593586,12.778592177128532,95.88940004234846,11.223800793380093,0,18.4948161237985,0
234.7217870006175,18.863915624153492,73.5966653388582,12.44289847756094,1,18.966377336779818,0
81.29949155368625,3.691176073780329,63.3199286051554,22.025362629321318,0,4.092493427832525,0
183.0057591733212,9.511780278146109,29.54420792800502,19.239906076656123,0,23.797596372429286,0
57.67102320014935,19.80387566009627,51.34448505715701,2.912107922206021,3,28.384365947047854,1
120.89011643312988,11.06380105951895,78.25908759747735,10.926635049092805,0,12.616066069704626,0
89.67268484472972,15.333413180775757,34.07611767000294,5.848188122730345,1,17.277330026810095,1
55.437684551752454,5.883608132134908,66.72792590868568,9.422395799775419,4,13.466808389661496,1
63.7344882300792,7.780113957406485,42.9399526015242,8.191973611055591,7,29.265632280417485,1
84.69365939028899,13.219781481376478,25.25251730477236,6.406585427270653,0,12.40862004564029,1
87.18688058085243,9.107047009180391,66.29047586792971,9.573562153897239,2,28.430059331003484,0
262.17602797101284,8.792061546474008,55.90112947059281,29.819630650351467,2,19.489014850340407,0
129.59777647141198,12.387401635078835,74.3728620421979,10.462063012828695,6,0.8293998381366552,0
189.59209320943185,15.352140061471601,51.167843653813605,12.349554684251508,2,20.907721495564367,0
105.65189902405363,4.103648580056527,38.7183204054301,25.745844694771183,3,24.93092834682746,0
187.68904786359866,9.184594376610251,70.65469459046933,20.435202706564038,2,9.213140578622374,0
113.84634066314521,15.050173672591935,4.5652825095232945,7.564453616271036,0,8.971163470044532,0
269.9648648068828,18.983402960734786,4.887928187860591,14.221099629253898,1,19.196239771421784,0
271.9931090622748,16.40037279784906,12.85675739601494,16.584568681142862,6,9.873489015986133,1
152.4488175396101,9.858458583420752,96.06019246741344,15.463757974901633,1,5.251333537192999,0
140.09945037706777,9.126355157200605,35.16432486612751,15.351084629500823,4,11.584736604161574,0
148.4684219676408,16.604206361634418,52.09752645602933,8.941615078375024,1,0.09908806933366487,0
298.6654076882841,9.12558479001567,83.87833194770162,32.72835818862313,6,24.722647070188135,1
119.07158484150274,4.270186493782253,44.09706386637842,27.8843991977589,4,15.145891234986811,0
155.82668464651084,3.5296638627634325,87.41097185436834,44.1477406079432,3,3.094438397998319,0
82.9728029476253,2.0941595426298565,60.859688380026675,39.62105143308595,3,4.3085178043534835,0
81.16408221794177,8.948031133792242,75.08059233919579,9.070607936468347,0,24.349634708133493,0
70.1271369931236,8.601376708060693,34.33075148784119,8.153013101659024,1,25.551220869014912,1
187.0797620989356,18.589198881117863,45.36960373465292,10.063895883590952,1,26.3170799927576,0
147.77473059102994,1.5396854406613714,67.06562794588746,95.97722150802008,4,12.694121960702162,0
277.94602981158096,8.707224641100424,56.642719234121316,31.92131147043129,6,4.871295078453878,0
134.99780804298382,18.543317966046693,39.67660546982932,7.280132298338862,7,12.942542345525952,0
39.514712733024005,3.6916009144372786,26.704229291784753,10.70395030472771,0,8.79885258893825,1
27.527575650689396,6.315013785047611,83.91246929375578,4.359068180637686,1,24.810685640448405,0
217.1395572700237,2.5048166790597537,74.9482422825697,86.68880205298397,6,5.424546848435982,0
109.3843430069202,16.615097136586126,34.17243544326999,6.583430846519577,0,15.090585937714675,0
187.20973711930284,13.219320839714417,90.28351665006855,14.161827176239958,1,28.1168526181444,0
67.39548072431167,2.064105514010728,10.58542044366304,32.65118002294208,1,0.8317439326492915,0
163.33686242808648,9.758383822522173,19.82752902206909,16.73810596085675,5,16.73974367554302,0
138.01361655954446,0.915224497067102,75.1557454892355,150.7975551373661,1,17.746972971396755,1
147.92891884410523,5.79244820191718,76.60844579423505,25.538237665231744,3,26.147867562389848,0
213.72432084792473,18.920644038616746,94.90918089146098,11.295826950272762,4,19.32007817452749,0
158.4967287567069,18.91164946310758,33.552352296823344,8.380904535371108,5,27.156097622865985,0
13.998926685479162,6.956279620898849,64.29654788367382,2.012415752153204,2,16.972575457062582,1
10.544035643006245,8.327814396917613,66.47724344984302,1.2661227953049632,3,9.27932559179845,1
186.34223547872125,10.151562065489415,39.24697277518514,18.3560159782895,2,24.273984254344576,0
104.92552375462421,15.954095156101786,59.3874236835204,6.576714174510518,3,24.989582946499926,1
114.07855377091387,17.151532091926565,55.86816197035163,6.651216530365356,2,24.090748268075078,1
275.1602542889859,10.240324635258421,99.60356759047042,26.870266723926186,2,16.935231763655054,0
52.97154854440234,16.038341037866896,86.9553867768472,3.302807217986903,7,2.2993891873014127,1
3.994687658262519,12.290373171314675,71.60916063550586,0.3250257419022872,7,26.294490015826955,1
82.59360322432151,0.544366787077486,84.24742374327164,151.72417786128642,5,1.0571784808600948,0
78.94698733834092,12.418889124661842,12.599770834649727,6.357008790872073,7,3.5869051795931717,1
133.84515241645718,7.453797209907642,34.157868173422024,17.956639904094683,1,16.73826395613791,0
16.346985423631033,9.620884768492687,43.16907117369507,1.6991145634719136,7,4.421566186833147,1
1.613989162369689,17.9773174643606,89.76825063905733,0.08977919901394442,3,4.811225099599417,1
288.35289298059325,3.2639479390874415,4.759285233205091,88.34481994256718,4,15.13863920028162,0
100.28010854091256,6.958796368382307,64.40777097012267,14.410553669387571,2,26.54516206663199,0
85.35211796798036,0.7691399366693252,41.1631776862825,110.97085705572408,5,7.00164183458289,0
271.7862561398201,13.75341581494708,73.52971536632447,19.76136399834908,2,12.226711018434642,0
117.3997934146449,4.184772347649302,45.705872652475534,28.05404539642198,2,9.121122525815386,0
110.72126707063657,1.8555203590604563,50.477638010256875,59.671275785246756,6,24.678117488221645,0
211.90401688555974,1.3461405495835388,27.473129019341147,157.41596741225675,5,7.453095843944716,0
81.17356270674361,12.602491860219816,0.6777809599519902,6.441072417032909,5,27.754891693413583,0
105.00453900618297,2.766184301964567,34.74228563286281,37.96006612126599,3,18.98764680436084,1
190.2356477328123,3.839450500509969,95.26900468026263,49.54762347047958,7,4.919814886986453,0
243.90908088267074,14.294465776102442,56.6782831763905,17.0631826822405,4,9.016277969928154,0
14.197682650165111,6.936122669755105,81.86531688179382,2.0469191976771066,2,3.28917414260507,1
229.35856628763568,12.976788643634649,8.553046090838034,17.674524305375062,6,13.995190535417581,0
263.54700774716605,12.233316437208074,81.22664099916916,21.54338188666307,1,22.31451152822043,0
251.84607682222781,9.63407792553353,88.1328473929694,26.14117082806144,2,22.095437811810818,0
7.454676918973546,13.466568159115567,36.01902682551918,0.5535691670581602,3,21.887060158153528,1
259.45663437301124,11.623733126303403,72.32404190825483,22.32128280594171,0,5.88111058821486,1
46.46866785877162,9.830590930800973,25.45566934667034,4.726945530118346,5,14.566104087689283,1
47.882676987169624,11.293119435977683,62.32653142250022,4.23998676881294,0,10.977008109978483,1
214.9421247341603,4.248298419490768,90.55429062808507,50.59487434969901,4,2.2781068192610987,0
144.29995480786306,1.5118935135591127,5.8054070191388085,95.44319987733128,6,26.674099357956777,0
139.3588997257263,4.1275835965119745,25.6908423825715,33.762829138940255,4,14.089218279641269,0
171.0602354180548,13.537864306069833,29.09494620452493,12.635688432876245,2,17.454717676702504,1
61.33702232779553,4.491553629085643,1.5805198152233357,13.656081479379345,7,16.458223484253725,0
274.83458919794293,1.5085496898598971,99.35052256929816,182.1846446592472,5,20.928373499446533,0
85.1094593480214,12.01987167193035,60.474954219315165,7.08072945127817,2,27.904820719832266,1
44.393916201780705,15.91900085785371,39.831561498650295,2.788737597176444,5,3.2639507267654344,1
61.134153173506334,6.400993881219456,38.523028208769205,9.550728263133356,6,7.9218181774620575,1
185.8445203330903,18.219078132657643,72.44580405055898,10.200544669708867,1,10.822111928343134,0
219.94124164052178,19.494822426415876,86.56285117040794,11.282033599982782,4,6.257872626893532,0
253.51261620741366,5.293002797091171,60.476186705135724,47.89580242555971,7,2.4371236279631447,0
94.91604624839526,3.8323028095041,55.0781982158809,24.767365985016564,5,14.198226893244927,0
246.3419167564295,14.332495418150412,7.035847172634801,17.187650131355813,6,13.999227957301672,0
79.27380597213255,18.300251022921195,86.45417383510704,4.331842545375008,2,3.089177001058733,1
293.86103260458566,14.31466851362986,19.300570336320632,20.528664867424826,6,2.0939843753412655,0
244.68806132852077,16.866297758954477,90.45135397201518,14.507514620309223,6,14.121956794784865,0
218.70786944902358,17.62532627798819,44.14661261342956,12.408727418689669,3,10.115996894408887,0
193.36338880055155,17.36814380994748,97.72950338213455,11.133221311180304,6,1.8933690338787634,0
150.43731827731224,18.490467485702137,87.72933949416783,8.13593914776026,0,9.42161669940229,0
6.877380973428259,9.692807487247295,46.88491829622608,0.70953446485724,4,2.601268640430514,1
35.368142041067664,7.780914267247723,1.1845866983607234,4.545499516675453,6,15.75572620555527,1
90.03763906651542,14.002923329182748,28.866535022493125,6.429917307257748,0,11.29766729046652,1
87.3787712903707,10.177631036819786,13.851049732207866,8.585374236328576,1,19.106636014671466,0
43.66442487269531,0.8300438383108855,40.29991259569587,52.604962361447214,2,6.98539249083054,1
72.39195981581746,13.251146511696408,47.119158757340344,5.463071421927087,6,14.187305599265805,0
105.85200542699053,19.2875088103564,35.663562068591204,5.488111837966002,4,15.211341781992644,0
199.93637032698598,9.024601335012626,68.45858519148798,22.154593084493992,6,28.803832901677914,0
178.08592162142924,16.124681241996395,9.02475998525507,11.044306485737415,0,24.883731312551593,0
284.7516731693523,2.107186665170089,60.67643097127279,135.13357780591667,5,16.56757338532801,1
173.22082366911968,11.253596496272761,5.409484458819769,15.392485746800247,5,6.1391487819221755,1
258.77230366293344,2.1196876208261473,76.85618144131257,122.08039577174917,5,6.504357800956293,1
286.52249717859183,7.769204505261018,64.9998773784776,36.87925797095048,5,9.066748598332527,0
164.41511265982615,9.42131523081333,31.93460252973368,17.45139703234751,3,14.492182837203323,0
62.534603226614664,5.665677916936178,74.10879475425214,11.037444087614395,4,14.160946909855259,1
193.6966299179919,5.195520305639518,45.564619003751226,37.28146913558251,6,8.599193081978415,0
174.7483445068678,6.759208141445711,46.56866721743389,25.853375254914294,3,23.452532762754828,1
215.33647172844215,18.912413330695344,12.778947093722548,11.38598591111296,3,8.011467003866624,0
274.5932310338956,0.6225730802875851,51.0330382675568,441.0618443493458,3,14.621362427340971,0
197.21090700559967,8.272214171669543,87.37612692535825,23.840159709718627,7,19.89839010194697,0
38.70523780131414,14.111276164220094,10.920897397155526,2.7428587854763533,7,18.347578438258253,1
192.9724675245233,15.840350164284796,34.9488129633727,12.18233596626026,5,9.437160011065334,0
45.77114593914799,16.256710122763252,45.26351319618478,2.8155232881379564,5,24.966261873474487,1
288.1209837974248,6.587773248873403,72.91578667150212,43.73571659387295,1,16.350058785972156,0
18.599292622587736,14.87170636782009,64.22730381373725,1.250649532916648,3,29.668224912296335,1
162.29319861956932,14.19848074455806,23.11372095486972,11.430321422365731,6,7.618927459771623,0
232.82166370638387,10.460065128780371,13.729765373193747,22.25814665969776,5,24.45452272927764,0
85.77517752027426,6.320551084312931,82.28473091018185,13.570838424700172,4,19.33468751540825,1
66.65037094737171,19.857211762373367,48.9889728280831,3.356481853795044,0,19.591309379675383,1
119.05435700383063,12.655485189198053,9.66679374141065,9.40733249053526,1,21.265569540671574,1
35.91241352894817,11.445811233469685,39.11440338378941,3.137603162974904,3,7.015614287545201,1
113.23307347730545,4.556103288719591,33.904721751709744,24.853052334800672,7,6.893822849062334,0
158.80319431138795,7.589346580488625,3.7105803928542347,20.924488376858886,5,20.00752183267369,0
59.851799465742786,3.6677630071833356,22.389793098322397,16.31833882083512,7,16.436521015937267,0
61.674125599574566,6.857591104507145,39.618112885003434,8.993555413217814,7,19.740932763958252,0
176.3643707746418,14.193270863740889,40.844565682138644,12.425914538501088,3,25.366183291930064,0
12.810042135817923,6.955695453523627,81.96995758642666,1.8416623070132538,5,13.716848242648998,1
232.83681164534642,10.437088776401009,59.45119930452288,22.3085974100179,4,10.983871169865289,0
196.0813021086776,5.412219893408166,93.14260799253069,36.22936724124894,5,23.076875718163084,0
281.3502739695977,12.55598260000517,45.32873537505589,22.407666761937204,6,4.226880639922629,0
121.65578768429921,10.611170489738974,58.73742431839606,11.464879185754356,3,3.4895391532905853,0
280.5814079400362,17.097518298374574,6.393238998865081,16.410651127462778,6,16.155246756247898,0
142.77243832450404,10.089517479201106,4.466211289697808,14.150571483603677,0,20.502389391522968,0
226.18347561975452,15.023823748600272,52.904101303595354,15.054987292487867,4,20.384780109596058,0
74.54853684166895,9.922616796060566,70.43014851281667,7.512991620442894,7,26.90922533418507,1
245.64198858960773,10.11451349469433,37.06984639146861,24.286090351104054,2,26.310142569896076,0
183.3132758461836,17.764859033334314,12.173803232313784,10.318870276550527,3,16.758888263890967,0
171.80528950385275,8.098998782731094,92.11379499293672,21.213151663904515,5,6.4990162034901635,0
61.5181379833792,8.681992557240337,94.68687636971309,7.08571650779362,1,22.276610431958538,1
223.79014249374595,9.627309554502668,59.448459883810465,23.245346088313934,7,4.113818585844439,0
79.6019403433179,10.230735037766019,82.80297770496156,7.780666789773472,4,11.985786423835332,1
280.94576285672497,11.357070874544451,66.73494218726796,24.737519555894654,0,22.888405243437635,0
212.99744794096046,7.267308441079643,91.05204671042834,29.308986905930364,1,26.419129444472564,0
59.26189389046649,13.82802592651984,30.001800359816123,4.285636590889816,5,3.73026665802908,1
275.0485716891673,19.732691105189854,16.137383847965737,13.938725854621389,4,19.42494195768542,0
139.51029530362175,8.59599896850102,31.318943744398986,16.229677994941607,1,26.71037251672942,0
275.7002559892196,5.331650452074954,28.929336751858227,51.71011461974659,1,4.816882122750927,0
274.8113076547428,6.879158955269218,5.041518522214017,39.948387505168206,3,7.684803967915218,0
34.29226734693256,0.34215167220461584,97.73414172210909,68.58453469386512,6,5.844581928824967,1
208.88079837204683,14.726458570080004,24.598236249516383,14.18404821349469,2,25.38785445389525,0
35.073289501485874,1.3232639283724046,32.331165688887594,26.505135332016124,4,12.97668354035176,1
120.42361260245971,15.263432233337973,83.10871328349717,7.8896810862391575,3,29.119105595207657,0
279.74053806104996,1.4204259984845113,93.81787767831831,196.94129673739587,1,20.691184062517006,0
153.0388493152237,11.250072588635101,21.695567656147997,13.603365499154608,0,6.893841539671961,0
0.5876778437372554,1.5580254786433945,98.67234069438439,0.37719398802705,0,11.650493683510504,1
197.87545124833332,12.353640859634634,43.00641609294957,16.01758165844766,3,28.605944675663523,0
23.29087882031119,16.848163604809667,30.978671120384316,1.3823986617545851,5,22.5150452563691,1
258.93259595985376,11.046568008821113,22.08329764906628,23.440094312829654,2,6.478821001890388,0
42.31528874403042,8.362239310715722,84.66701082803544,5.060281961771393,1,5.657260708233468,0
284.7305860503279,4.3366708213598955,20.04075445589759,65.6564903768836,1,1.0419435853645853,0
39.23100894559788,18.234868533788628,94.39641370964988,2.1514281209598014,4,2.1210188849365808,1
36.709704763723664,4.559459968991231,68.19678773383605,8.051327353104407,6,1.0942398662311736,0
95.24898994519354,13.651019013167714,11.813018904241556,6.977427095612187,4,19.15282350419097,0
131.85751059370597,8.393474591141391,44.180019802506656,15.709526390044775,2,18.655248541975354,0
147.95588422831872,0.119966098124209,76.66513051690157,295.91176845663745,6,28.18274649611863,0
12.863044578982308,10.070935040165917,72.60826088939797,1.2772443201828447,2,14.05253973326673,1
68.1922761059613,8.749346763277586,63.238334571844156,7.7939848483517915,2,4.533125053870246,1
98.23785734214417,15.803338939539264,72.36903668331365,6.21627225221104,7,14.065303785107686,1
2.5206394649224695,10.957034904136364,33.67389227964688,0.23004758924067212,0,28.12908719356645,1
268.5669043383901,16.12641185716941,49.79116089884641,16.65385373492069,0,27.79272313426279,0
272.0421118730472,1.2049642416934891,30.27585227791053,225.76778833761233,2,0.7288046310070362,0
10.469824251548154,5.847437348873981,42.07303821313621,1.7904978928186874,3,22.367325349279167,1
224.54605340075463,0.5271251321022863,93.76615414943781,425.98244653070816,3,14.377182368644561,0
160.33492163498542,11.085945171842852,39.011828628340304,14.462900469886813,0,1.5576297412331552,0
15.724859085090925,19.11364769213458,98.67179049864167,0.8227031981740371,0,23.4920805084206,1
210.16486437676687,7.2310720556428265,94.22833131663275,29.064136376951602,1,19.331730158238596,0
182.86874099966914,8.280490551317685,44.23299460663155,22.08428834817872,4,23.148934876254245,0
208.86304056107537,8.148144595419067,52.25442963347824,25.633202518092197,5,14.373282007679288,0
272.917501224181,15.789361493231857,61.96550109933595,17.28489789414016,5,11.019324576211467,0
194.4641710646004,16.330861782841126,7.891016181400179,11.907771534073257,3,24.568424136836224,0
276.7684704961799,12.507025069899115,10.228916893243145,22.12904099491122,5,13.44037932272062,0
285.05152717863706,7.79247402309116,52.83949384046329,36.58036283906164,0,24.693407581836357,0
44.494885641555285,12.674585267567664,14.095632913436251,3.5105594938408697,3,1.9528402482221519,1
211.91675925290434,8.883218643354141,92.11152869636648,23.85585312722737,1,6.33955641667049,0
216.58305286130394,4.809883605389946,58.21779459670366,45.02875134412845,3,18.309444063904145,0
74.05506921689302,10.386900540535397,61.34909045041561,7.129659991244686,1,9.609768309638374,1
153.47681815464242,15.501374105680023,73.04446034987035,9.90085247335624,0,19.88607744824044,0
62.801809544157926,19.14086105131926,82.91646835906664,3.281033668014083,1,3.92636294289326,1
31.24615247153676,12.714416848076977,2.9777774476169916,2.4575372071635875,5,3.915197062238389,1
224.44957899107166,1.1398788216625233,88.83881364254144,196.90652613732217,1,0.12650291326202434,0
222.32478097046754,3.853356106649559,32.150943512056905,57.696401478911305,5,28.058600058860222,0
147.26530093021026,18.531336622406304,78.86328399834514,7.94682563545639,1,24.90851563323122,0
89.30908193584226,5.2711653337724655,66.3189240504052,16.942948338887632,0,5.62990327912971,1
42.642138594628285,18.86009451765036,53.285287507789434,2.2609716274073453,0,16.16429761466257,1
233.31322097444945,13.648519464200453,11.589503655186896,17.094397790648365,0,5.168503915245238,0
226.3625818150128,0.5712093151620956,36.59379865485377,396.28657272645574,3,19.66641256830231,0
191.94067141935582,10.947690162768302,9.9635321276493,17.532526822153002,7,23.097186191628584,1
11.958651468763936,1.649762156460619,99.1758575727951,7.248712441325416,4,0.8434891637910469,1
11.07467541281595,11.968874463259237,45.06220329774514,0.9252896290968542,1,26.332735534910178,1
271.41478194545107,10.130890276522733,78.12408704511951,26.790812508790676,7,29.49178237447608,0
216.15094932593507,1.405510571675097,18.457313150638655,153.7882059957222,4,26.128609700537872,0
232.4656905704915,14.613535694000081,95.14067676493943,15.9075596377361,4,9.051167251380814,0
223.97041499494475,0.42603671724052106,83.37732905512965,447.9408299898895,2,2.0669700487509313,0
203.5825656186521,6.531976486241062,13.330136967249295,31.167069576486977,2,12.967241550468888,0
101.54755495269366,9.009674396719591,54.83066784702634,11.270946149803923,1,9.0165184528643,0
10.115064951293995,12.851339541923606,85.38322647220619,0.7870825386176015,3,28.03497498297276,1
136.43829035208915,2.1101052771263795,42.26198027043095,64.65947070560192,3,15.485225321244492,0
13.622007974929296,4.177027217881458,72.99967463701094,3.261172902253251,5,16.241174502256857,1
208.1364527390884,1.7564699881074963,42.36715313256347,118.49701625892536,5,4.3347143049802135,0
64.83937370269113,0.09437910228511148,46.06245007226991,129.67874740538227,7,13.440004638784455,0
162.2042801787483,17.864483550835757,42.31983009826531,9.079707214438889,2,7.881078216946421,0
48.12765834234132,4.740123542819852,11.09397509175749,10.153249785070088,6,23.276570867365912,1
49.69433395116673,18.10710965115678,23.015823802703792,2.7444652906264357,1,21.368212775426148,1
288.27728099044083,15.2002344258568,17.18321489685668,18.965318094045866,7,7.47250863334272,0
89.04972857271311,0.14783155813703042,9.513592011211191,178.09945714542621,3,28.35921532399925,0
135.0815662801207,8.656014074219396,75.80539645632815,15.605516017174734,2,22.559947115047546,0
279.3173339005773,9.44915396075091,82.8539268604575,29.560036280579382,4,22.662364533650408,0
19.441580315512972,11.590028783821003,5.045084957289802,1.6774402098683545,6,15.497304372984996,1
0.3698818424352268,4.539263746539513,31.014744690036977,0.08148498591147178,0,13.808765318808877,1
156.31740279776102,13.443323776013763,64.50765905474319,11.627883505764414,5,19.537280536246268,0
248.0163834234578,0.45907294710963775,69.88566439403515,496.0327668469156,1,2.5725625889704364,0
14.245582348323428,0.22511501711715454,20.45738653906245,28.491164696646855,4,22.827449834594507,1
299.44389835111343,15.650676231786257,98.67095465401341,19.13296869198201,1,17.273326192638986,0
111.75800287369698,2.7282880402047027,5.773855538480865,40.96268474105535,6,2.236948034579097,0
131.29916242419284,17.512282018851014,77.13407965233348,7.497547280409057,0,26.603092342077435,0
0.458124141673677,18.126250029099353,39.98967645344369,0.025274071633030432,0,21.773625599863923,1
42.53210158945944,1.8257073515016509,43.37486825090425,23.29623176161099,0,7.055577351487324,1
73.26548200964218,6.493829315655974,48.208783579782946,11.282323333168986,0,28.544744566925484,1
195.78925716077478,9.756248985041182,16.911716981051672,20.068087382862988,3,26.54267666214114,0
226.06940648479355,13.355917054430185,2.364049936216006,16.926535674299195,0,5.7848276014617905,0
109.7347180847132,10.897587491290627,31.341299684791423,10.069634051794802,0,13.660090341142649,0
275.8726133758021,11.685402274314693,19.567732785056958,23.60831119885267,1,17.545033393326463,0
138.37764411323437,17.51055143691423,95.91689341962187,7.902529204278432,4,14.909148121964487,0
287.84078308126277,12.816780400391444,41.49330890143641,22.45811928497048,5,23.94261372029222,0
219.98251838843825,1.8059896421060295,54.03160662528072,121.80718718403541,5,12.374268355136454,0
28.192359158508573,10.051093319760406,81.06994025175668,2.804904726442298,2,27.930103534660777,1
138.46852149994373,15.49431061893415,85.63017007792415,8.936733289103826,4,10.13550072568409,0
72.65564150978851,10.022791935120877,25.750538531672717,7.249042181070904,5,23.759499436833398,1
91.32338116920269,17.467053329096213,88.15973068207373,5.22832211298504,5,9.795925447650086,1
146.07228666185426,1.2275319719574762,74.43382265833137,118.99672676461616,3,12.092112011538712,0
246.74381324664975,5.016817553707462,66.03819894313513,49.18333397719525,7,27.460489275399222,0
201.33328977759524,15.76975090151685,93.89407111340861,12.767055804174403,1,5.454586990244753,0
253.19673967279485,8.117799905120286,33.675467270555,31.19031543424611,0,15.145341243221537,0
72.96344097634768,16.514487785974552,17.41572293537057,4.418147381980214,2,9.518606748429203,1
97.26866779249673,2.729324038275218,43.66780739084837,35.638372882233924,2,9.1299276755924,0
98.65022663497211,0.722476137173631,85.95041566969482,136.54461588295163,0,0.04286100050868824,0
11.543885211096105,9.99002472734711,75.60310316087173,1.1555412049677307,4,5.800901380675144,1
237.02267964485353,2.0173381797993284,95.0361061809285,117.49278431265847,6,29.324774099437086,0
218.28135202034846,11.171617443454021,43.497681408481704,19.538921120884766,1,22.327796076289943,0
170.98285877698564,11.811261145049116,17.12825544871749,14.476257588179388,0,5.678037412934854,0
116.54138128302661,15.540548514093707,69.00915928135721,7.499180687048167,0,24.525254608468707,1
106.52000432959092,1.3912660960862233,55.57561448702217,76.56335810183458,7,16.54550328321868,0
182.75133932680114,7.384346707036256,6.785648585367499,24.748477634814265,7,1.3580348248810925,0
111.4331207452228,14.961929865345411,46.634551182267046,7.447777241846485,7,9.67565171201516,0
259.07704219569547,18.943439720494602,12.698780974596746,13.67634632454866,3,14.052230225196801,0
187.61601375965697,11.664451296955678,46.509345958579196,16.084426861006584,5,9.300206585378442,0
293.67065920942537,19.870498690440403,16.623715031118003,14.779229438801597,5,21.836129981409474,0
5.991608168531415,4.96788702152309,30.768652879500657,1.2060677190469733,3,29.86678239450631,1
132.7723173433535,10.737436251287683,65.63504136153917,12.36536490053022,6,23.067232593932683,0
198.0868390291263,16.709402028690118,3.054497406421397,11.854813157826374,5,17.64807420955109,0
233.23243940939372,0.33339714134292375,42.224185167055325,466.46487881878744,7,27.19576493619118,0
198.1781806544609,16.72190131923565,56.46875439570653,11.851414314142092,5,12.159584231343706,0
119.84191376617639,19.298643267771972,65.36925551541081,6.209862118458244,7,23.85623567248926,1
221.6080442014221,4.046943498402227,45.49270590615421,54.75936204419833,3,16.257082017109614,0
97.64211869948835,17.24257530433717,64.10464314541112,5.662850065960136,5,0.6692527435217444,1
136.7387177924581,14.734330129684686,61.99507453622422,9.280280582079254,6,5.139141283422885,0
193.4619933338543,9.918887533661362,49.6392231620913,19.504404367658115,4,11.03442053051236,0
282.55856539945637,18.641023244958085,53.308727284060495,15.157889225629347,4,4.482522379637822,1
17.906272594621143,18.059961623577795,42.83883301583066,0.9914900689071229,6,13.072342138020085,1
52.1994123558959,16.458562398510463,69.83750493452436,3.171565723177625,5,5.369732635532889,1
276.06622497761,14.16849141032704,42.29258517858548,19.484517933673065,5,0.45913469979219634,1
122.77266429185873,7.371655884423545,29.35825278314601,16.654692814850435,5,22.628591702551738,0
122.72012568116308,19.999288898908656,89.7956840230726,6.13622445785359,2,21.670301165757564,0
297.8845737901998,10.809011528229773,22.10576571355357,27.55890980523224,7,21.63688497716311,0
286.1997240161776,1.3580444706751504,82.88429821453057,210.7440000649564,3,13.422753063618417,0
201.65534148763763,4.211389584374016,35.86977710233915,47.883326262633524,0,18.933493667788763,0
77.42282291392375,14.922779844718615,84.42810734468488,5.188230592393601,4,17.536439826097173,1
23.71470253087652,3.4397578947840968,49.20256893882263,6.894294091696538,0,28.9683006721641,1
91.22284915578707,18.337238875183818,84.90003626291728,4.974732007185713,6,11.865887601373213,1
140.65802029165118,7.347281449973783,7.740009863485575,19.1442265073639,3,2.622805130073705,0
0.9650435212273822,2.8494378784219787,54.8166164192172,0.3386785613174428,0,17.198623240226986,1
97.63502156865917,5.174155536148679,0.9527516882859799,18.86975002713827,7,14.136076067755633,0
17.257800490445373,10.920608496073674,79.67793993133425,1.5802966012974582,4,16.268175546679142,1
158.22482292977074,4.671433359394525,93.31027158582091,33.870722486401604,2,26.8874899635235,0
239.2772907088057,16.467733750270753,59.258193124254255,14.530067970334512,6,24.935702272159745,0
122.85511208722423,17.8443635277869,81.64255115486779,6.884813341530316,2,20.00414791602814,0
250.74448366581055,16.52626262130231,77.82594651146053,15.172485722367838,4,17.12271787561315,0
260.9328350360727,7.187884691934389,71.79823463247624,36.3017558321252,3,29.780083667631033,0
142.36501879612473,0.656131575411294,94.4473126000786,216.97632629078043,4,4.489913001132878,0
127.56376090171877,12.49233324629807,5.401932702729207,10.211363913104105,4,7.891856305181186,0
226.3037781369446,19.32626486257683,16.082542944617085,11.709649005957523,5,19.503880016130015,0
252.16077105030277,9.627649880760153,67.52374341326984,26.191310877872656,6,16.469329257925256,0
298.15800417463043,19.25621485690497,46.92133542907272,15.48372857232198,4,17.00157751618372,0
268.6946446033507,1.689994045934271,95.63340157230465,158.99147411185675,6,12.998260478982735,0
56.89875941883899,17.170251350946547,24.887865329364246,3.3137988638531097,0,21.738840255826915,1
227.91014820979672,14.27725191461252,4.022765943858008,15.963166411355019,1,16.241185581948553,1
259.06494415569085,5.768774735437299,15.951622643725404,44.90814012276604,0,4.540856050668419,0
144.1781927685622,12.93342973495674,12.391045267934908,11.147715317838271,2,6.991964961137384,0
98.24695159204691,3.731164974634358,25.36852210189816,26.331441321935866,6,12.826093865180228,0
18.15572804767015,2.4195500257690794,41.94916983402194,7.503762209627866,4,7.097036148055493,1
251.18345648473277,0.2639742032424408,16.74549057505529,502.36691296946555,6,0.5796753175155378,0
175.77521458727296,8.603857887955366,8.829991183372288,20.429813797057548,0,18.97839268573985,0
4.387587818131966,8.398782277763496,54.609754025074366,0.5224076149406187,3,8.631452989412606,1
292.68424969335285,17.303498395962535,12.914586005221818,16.91474423239439,3,10.203640471844771,0
156.0332510064743,19.46927374296577,46.22596644003985,8.014333408961852,4,12.482875520791051,0
76.20182654979712,10.200038215279793,73.39166964133922,7.470739318961155,6,0.5226533204470774,1
37.54701167583707,1.7314153048166658,78.22671767526761,21.685733960756924,5,1.4555979993208712,1
151.13336157000896,16.315403958630867,64.69115272977213,9.263231358121491,5,19.826631064631773,0
263.98363407473846,17.02017148486204,92.61668412859724,15.510045495694854,0,29.183738568597896,0
161.77562265461148,1.609927057660987,79.63005078066544,100.48630581415922,1,22.673384676629926,0
213.43790626685444,12.159038980116419,95.14168840423275,17.553846699224156,0,5.143299385269115,1
21.144606163486934,4.566098206990221,33.08179668412029,4.630782170019196,1,20.21449356676432,1
4.925373611842254,18.329844661969535,30.918387789227573,0.2687078751988193,0,17.601747296633572,0
284.52346761670657,0.7074238737208893,20.071865062897544,402.19658706197964,2,20.34221225314409,0
133.2655715533529,6.718122443486374,23.898564724690562,19.836728591120266,7,13.653934904141122,0
217.71471822083177,6.858250408591879,49.247972258679596,31.744935697897983,0,14.218007997885083,0
66.71258541329263,4.635522744598837,70.31886326300638,14.391599197959714,5,20.1402239679615,0
193.8211280263428,17.149695091931846,99.08114418868729,11.301724432262754,6,25.754419700070137,0
221.34164958906115,17.52409161934627,67.11376180211131,12.63070602442549,0,22.89067976808474,0
277.8268609647839,4.698867300412141,45.1084182476661,59.126347522181675,5,28.543169234634863,0
249.51552286874218,9.593013794724616,50.3691587930161,26.010128642362172,1,16.24431440383484,0
22.907942975359386,9.224931963872125,94.73394328104196,2.483264165532542,0,2.4126662396961693,1
119.52540271841838,7.884725138649995,63.246342209990345,15.15910835401464,6,23.22963788738126,0
220.7244865245207,1.0760853992122343,17.92045843761362,205.11800149514679,7,11.570519941957677,0
174.77624013231602,8.145553656248634,70.23283406156821,21.456643404250528,7,10.959908462385807,0
284.27929502651705,5.580023765118122,65.97800543236357,50.94589324217676,7,18.670503222698066,0
27.624830093893337,6.989686761114333,39.59400263430224,3.952227193867732,7,23.41692064930576,1
236.36364119098357,14.274664564173097,37.022478973098124,16.558262376561537,2,2.5120098347775723,0
45.41310668709041,16.859298721887143,68.68174942167215,2.693653362232323,3,5.093507652025032,1
68.86111387713075,0.5877799498513792,23.2750779591129,117.15458122472936,7,4.8217096799338846,1
121.40432240461784,8.577965370872743,93.89921142597068,14.153044125924918,7,16.600893717514303,0
162.47573086999475,3.1985585660686144,55.9613281831546,50.79654710518418,1,6.982559093289256,1
281.9741600759071,9.392195081108028,65.85273742517039,30.02217880281099,4,1.8477408726202726,0
119.91555980455013,17.27386182124311,53.52464386990038,6.942023795575345,5,9.432446279565816,1
26.94126344587725,2.409858308170627,90.11474469799342,11.179604773663609,6,1.0381246520209775,1
189.60450416490605,3.309258340422314,21.503896380717535,57.29516546015851,4,26.099927273369175,1
220.0084145106397,19.763243844975868,0.10339709409218356,11.132201587775752,4,7.377744733318078,0
265.3518363633338,18.134634085519302,28.839938644802643,14.632323713397673,7,7.249395493244341,0
183.54486378758563,3.9485498886066583,64.0766072709924,46.48411922493244,7,26.994589606231397,0
43.34563412051272,6.128185737556544,83.01939425972294,7.073159329174588,7,23.474455194116253,1
274.3742630223627,8.992000137100842,98.54974915437079,30.513151561274903,0,19.428759446657928,0
217.61631162539624,0.7416950093777097,43.404630209716125,293.4040392262835,7,16.90102038297663,0
202.9596437492173,8.275057206888395,37.63193083820895,24.52667560778527,1,15.875830021778302,0
103.39160023272254,10.383765142973175,23.405464235095998,9.95704340469304,2,2.917069919819876,1
63.382599119950946,13.36658687590483,78.05716540553614,4.741868639196674,3,14.139136400424734,1
30.038925386977123,15.331244717521837,9.350208906408874,1.959327239271454,3,6.390964245261799,1
156.44575655577532,2.2646716595199234,26.787467761562134,69.08098836232158,4,9.878779885851399,0
151.93957131523874,19.053114631574214,74.72119365949806,7.97452669829894,0,9.645601775490032,0
134.3294695447935,4.186620852878129,28.147379413353125,32.08541548548576,5,3.1894232249465104,0
190.71616703040715,7.202305112622089,22.69395006752205,26.4798788788017,7,20.649730202656155,0
204.26976204955184,9.298489415139933,21.21258726619626,21.96805878134968,3,26.058888390709562,0
176.26463034816015,14.265810610704559,79.8897055846117,12.355738847107462,7,22.373268674339105,0
77.3984041700231,14.344048851635996,53.23262595261371,5.395854752767068,4,20.93492293900637,1
214.63967227877902,4.564631577654641,40.7160707103183,47.02234312392486,4,8.204374589308333,1
253.7130186311367,4.608258034509712,2.7465057428112005,55.05616585077578,1,9.59699755236286,0
192.01362917991665,3.7743284240184782,89.47333963948547,50.87358798932559,7,18.23784918816145,0
283.5842457527801,14.44972716757577,64.22227643426255,19.625577871748632,7,28.28404475948141,0
54.04218256206622,11.505577991817109,19.79306783044815,4.697041956562426,5,7.5344630429482535,1
63.55269816518238,1.3275070633369057,76.68534653262773,47.873717526920196,7,12.363994441134237,0
192.37083012054242,0.5154260533296195,15.052869548470015,373.22682638535457,4,29.670512158074438,0
125.57961838121126,16.71400194944932,34.046448020784496,7.513438059958391,2,21.619876115334243,0
7.742443914518537,2.6370947529065902,25.524239860235276,2.935974866274661,5,22.71066446812488,1
128.07851123994013,2.63279387334602,4.654774117465655,48.64737514645043,2,7.7756438656748825,0
233.69151155706297,10.076818644272919,99.21734673837369,23.191001029861713,7,0.2537014250438996,0
125.53778586337835,6.5575532957244365,80.54377465160566,19.14399779948868,7,8.210109192880196,0
213.63413592793407,15.564082207480642,30.144449140135553,13.72609917372796,5,26.710117335320696,1
197.50931479943694,5.97001760544023,92.55829408065283,33.083539756977416,2,5.496487240338307,0
93.90972132790792,2.920406592707805,51.03710479032259,32.156385882157146,0,4.772479106395794,0
182.9300682831698,7.134743365469943,3.97232781934318,25.639334018445215,3,12.518456081966796,0
102.12952794039883,6.383331704594928,57.90457479712461,15.999407937219164,2,21.92259761890151,0
186.1831735396463,15.832819755937031,21.52961089306993,11.759318706942954,5,11.964555614888146,0
134.33182345872623,15.9894634084794,1.5297770528709398,8.401271514057719,5,8.557981957146152,0
201.46467218276933,6.694438290228981,5.8665237453935815,30.094335543703743,1,28.04899045242646,0
174.52869408770403,14.916958575379685,57.57958492124645,11.700018687171404,5,2.6041107092212235,0
260.70204625814216,18.497140109305516,82.49778942450988,14.094181301410401,3,15.368829336235855,0
235.51430515269698,13.277827969710902,25.129995239141177,17.73741199915733,4,15.937766126803584,1
15.215090380708741,17.220126835759007,89.65542332573298,0.8835643619716759,1,6.506333997443382,1
119.49749393256319,11.829253916705245,65.73444909006483,10.101862279227019,0,3.3284385761197175,1
96.89395708384865,13.15436450431503,42.489058066796815,7.365916996755297,6,16.788366088792763,1
208.9250930942236,19.396217481483845,63.22549847114023,10.771434858042253,6,21.902286063031106,0
226.14943464594057,15.18805735874177,97.14357021567018,14.889951315319207,2,24.626755459702853,0
197.96445905434624,15.667281563275694,68.27918066942512,12.635533372833322,3,5.726527360659287,0
114.1886857852686,1.2777840536298846,37.375069668530045,89.36461952306053,5,3.2603205401238275,0
274.25626331671026,19.169245245830545,60.9538804567879,14.307097634757584,0,16.938636729504342,0
93.59463840660459,1.3464465274348902,54.28025055039479,69.51233227576542,7,28.53153228236576,0
139.03582587204966,19.86022992552096,48.809497124042835,7.000715822196231,3,4.659281463424733,0
230.6138019745757,2.988944665801685,34.31200132330808,77.15559428488825,0,17.684608869729,0
255.52847236417026,13.352031793054262,40.92484247332583,19.137796878007464,2,1.9445610512620748,0
168.26026238004098,9.247998900991243,39.71993673672346,18.19423468594985,6,5.076125121746288,0
179.8152588952441,1.0632628166307456,72.07516641906462,169.1164743868694,6,7.277940901556169,0
1.3448672706650622,15.893515565129857,34.97164288883805,0.084617356377445,7,12.472730480836505,1
263.6854945640821,2.8939288996870416,68.42260663376402,91.11678403453445,1,28.9219312650199,0
13.653534470227724,19.27905025591895,20.723559479051666,0.7082057616420129,7,14.988539857135198,1
246.79311723304806,6.682646972063986,98.37007324477426,36.9304436198317,0,28.047222240174474,0
259.0482453745971,17.936689126337587,96.24656703572096,14.442366902274067,1,7.25801658207487,0
187.7407455733815,15.024809102432597,90.82803499487765,12.495383088959532,3,12.965103751611979,0
109.25535975832219,9.829264799922768,35.28655457171524,11.115313503323325,5,27.641898305343773,0
74.19729765578872,7.0228964941829215,24.53913138568613,10.565056414720974,1,21.053347348563822,1
130.05066732625033,10.863889447939016,73.01393066521425,11.970912254719435,5,7.3978056690703395,0
145.93998843104546,18.33933343387247,62.119903156418275,7.9577586043283635,5,6.6739781105017,0
2.107119598296048,5.610192577864959,5.7704319802237,0.3755877483795651,2,10.973423792540594,1
134.17992756506638,12.939838439837729,12.95986336211612,10.369521087061505,3,26.02394700883947,0
99.64130830440364,8.049578837826763,78.43415516260457,12.378449893076013,1,27.96684693639494,1
123.88324665642855,13.199140669286828,69.05626146715097,9.385705460711797,3,9.166034067475417,0
14.99408974461225,4.345065703770377,62.32698081595187,3.4508315332496156,6,29.53202483235048,1
188.50550144002725,2.6595537803151426,18.835584916757288,70.87861987798959,2,15.982917741940923,0
70.26157076460747,0.5977942164257999,43.499438280471146,117.53471150105808,3,1.5040971527574898,1
88.85007881846239,19.513550875321396,43.26409036801779,4.553250168877785,6,4.996571181159133,1
54.93367781756524,16.244860947984726,24.55336447613039,3.3816034494515077,4,22.530037234932127,1
243.8278131966463,9.35793374653251,0.8020244211453531,26.055731938366662,0,9.764442426302038,0
160.34177043278945,5.442442402373739,86.38358699688735,29.46136285481971,1,17.735713776264692,0
75.80313193253593,9.372581204877656,61.69563798210551,8.08775408561802,7,28.993285411240358,1
39.37913080604045,19.759549164986506,58.26815368039643,1.9929164616680333,7,18.473133148655457,1
36.91364036578955,4.413526872275839,46.57386046134506,8.363751130114904,1,1.0991108838867314,0
17.812376573763554,11.371701706943046,75.7745763564102,1.5663774017997785,3,26.512988866140297,1
133.199503078974,8.3115485760431,40.33333370222617,16.025834639636628,4,21.087939420822885,0
89.2229430552004,8.074141522435943,38.531373633721856,11.050455680925708,0,17.444193396181344,1
259.73772673344786,6.197089354529619,72.17493218584296,41.91285809742256,3,29.21648011349252,0
164.73166117470063,6.163218345006321,95.91740804448563,26.728188416068793,3,23.709856169290134,0
162.95156345105775,10.833511732133347,95.61209879405949,15.041435084038918,2,9.014969123451682,0
43.338524222188134,2.021724292900655,55.351346759807484,21.436416614457592,3,14.832142530990335,1
227.84131515599617,2.299117571018434,14.422419762029193,99.09946234505523,5,10.15778452890166,0
23.7596357866109,6.940965035278852,98.19986516768658,3.423102647232448,4,21.336498395134427,1
164.83077978238046,6.359420163221527,41.72423498843211,25.919152305055626,4,27.2061082230272,0
106.66714939653966,11.374851852365353,28.79125497981666,9.377453946739418,3,13.817874185765666,0
59.85971104728828,2.109373438016504,68.06012689181347,28.37795810284586,6,18.280315494745288,0
100.51925537035251,4.154686453201446,31.819137549089938,24.19418565097641,4,23.000049688383516,0
177.1815593918917,2.8181103517520323,3.3731894976050447,62.87247029973014,4,5.084357363756436,0
154.30192692015788,6.308916425191928,69.34168667791045,24.457754156327052,6,6.736999486383398,0
276.10586546646937,7.895638385777617,60.27726722529305,34.969416274663466,7,23.83833248579963,0
113.12737707806345,10.479392044411238,31.51135363607499,10.795223291449945,2,21.28209947617701,0
19.882803838852237,11.546532715188128,57.14301297463461,1.7219718100048085,2,3.5620309080706605,0
1.3169120799414014,16.327435372648452,95.51238416896666,0.08065639519526004,0,22.66137144113317,1
71.60640880312226,4.691977701541601,91.92670730670233,15.261455479550806,7,11.23470163822687,0
66.95224010082809,19.05144322950974,17.810485260790777,3.5142870434677826,2,16.898543216185253,1
152.4378521506389,10.0581713457908,97.30358897848289,15.155622916926339,2,24.16947799817876,0
204.4339101222899,4.602138639982989,86.2784044622264,44.42150185267898,4,29.883917793394765,0
102.58487128538177,17.867148909998836,55.07771962085296,5.741535585902746,2,17.549439559127833,1
213.33303531377808,12.276195789454514,53.324832646564204,17.377780460053856,6,9.383849962296175,0
139.73500377172255,17.56133608196197,4.750910897416216,7.956968827403206,5,18.891362590424986,0
92.31454267788995,15.316826783650965,93.78049641891002,6.0270018053886725,3,23.706218921579648,1
113.56684908327284,0.24315945292874064,53.545633857153284,227.13369816654568,5,13.704424165769378,0
23.011393196693007,10.710622652501518,8.093513017242715,2.148464561144686,7,4.9129148673447265,1
147.6113350711525,14.595450045584728,66.48647670007254,10.113517199547157,6,6.462775047870277,1
202.63240329032072,12.028685037997535,25.934704660478047,16.84576515639267,5,22.505066051995552,0
181.54649965192044,2.1107611879654,66.13242277185417,86.00996677739576,4,6.323042680243036,0
187.96029667999255,12.574433556624417,8.656888351821589,14.947814216328814,6,25.047825408737015,0
166.2359236405813,19.5676530009499,7.064133396575234,8.495445193785452,3,5.2427867908893555,0
167.13190363919566,16.0334245887666,16.597285327543865,10.423967924874406,0,28.465413539208523,0
279.05441928595826,8.816371531080517,43.2836704161248,31.651844333261433,2,3.0557915834764673,0
59.64596541023708,17.18385049615137,50.45467048270512,3.4710477388985588,5,21.887488796122806,1
218.8282072980606,0.13490550840160376,14.514200516097453,437.6564145961212,5,23.017712727376786,0
10.244495703665413,15.335302599796881,15.043620007221515,0.6680334891990395,2,5.255721070165825,0
274.86559565769596,4.652151965132663,5.032083596569803,59.083537622541485,3,5.639868485937868,0
172.64888681532244,6.002517086211842,48.95143039957558,28.762748083117955,7,27.723933527262048,0
215.82483275660564,19.702185677213738,53.781644602528544,10.954359901613076,4,0.7530353724107042,0
213.09138038328533,19.21871541746658,74.51821015074192,11.087701532310588,2,5.4709977377366235,0
94.7525065831893,2.5334754233266343,4.950085898366496,37.40020752156044,5,20.413149149688426,0
272.06840092185274,7.247909448236969,38.8501287515677,37.53750000119448,4,13.04130247302054,0
152.53684158847807,18.47551530170103,51.441161078362164,8.256161687378436,4,5.978130897496073,0
149.29476045962983,12.890410135806905,31.93986140569587,11.581847193901126,7,14.78765494486228,0
119.44425674362928,13.195614898440585,17.45094871469517,9.051814384015163,2,24.89332506169825,0
2.978129960793785,18.029265498764598,71.39961045415414,0.16518309972183018,7,18.56272372282374,1
129.58691676949746,16.572404365794313,43.758996006630454,7.819439708879345,7,6.35156917492282,0
86.83173271675147,13.812952144555457,59.599902344766434,6.286254510117684,5,6.842987416971766,1
287.90897742354167,19.081543287280038,56.615432582457295,15.088348625106487,0,25.215884531846015,1
152.46114750026354,1.7458565714473973,37.140469899310766,87.32741852548979,6,18.544264836235755,0
218.19033207015408,8.598855111114222,66.95660513638775,25.374346846260725,0,3.65605243309,0
107.20716353851476,6.783283125091986,41.42352303714245,15.804612834446736,0,26.78868853463622,0
130.9295823251848,7.04616405302573,85.00847966057839,18.5816823650255,0,10.798677674477284,1
157.70013743346422,12.432710625726012,17.91814276608096,12.684292442803901,5,16.733305934430184,0
291.3062686345426,9.988860259658654,51.6010240083282,29.16311381499868,2,8.185305699478363,0
153.70946686998312,1.503664188902727,70.44331396953612,102.22326767132093,4,7.7193012383916235,0
111.55599064289612,1.2233377308445115,36.02366006299425,91.18985528704755,6,4.222489840889988,0
64.2888917941917,5.869665848408314,66.68297674867502,10.95273452604206,5,2.159359131278987,1
79.7576773657625,15.33804767712609,14.054356727716044,5.199988880247555,2,28.51673877890126,0
39.97186663934885,10.479214444335136,29.469944169601415,3.8143953300771396,3,8.253079656539605,1
258.1525538611842,19.572653512759324,7.386317903954332,13.189450970094356,3,22.19521013556924,0
232.986804256382,1.4051189354248028,4.774374523404479,165.81287062788334,7,27.162420596826376,0
100.92968135854692,16.679363782710528,0.1819849459220202,6.0511709363380195,0,11.748180536956184,0
161.59621891260534,8.166600509236996,99.04060718807915,19.787452408113843,1,13.346532247290623,0
285.84226565287264,11.41243663572417,75.15359052092414,25.046558835481733,7,20.960003628214487,0
284.1306774132105,11.024979863023496,62.97118313867307,25.771537086081384,3,29.593294263982102,1
248.09725328250934,6.77921916834765,27.54039908169883,36.59672996572848,1,2.538923000465788,0
60.85651571004846,5.04231900749998,72.06694986034799,12.069152233234362,2,5.911359799726385,1
255.91219293208235,3.6093371026775656,46.258584299812476,70.9028238848168,1,4.7760403796070285,0
140.81426626724596,15.691927364164313,57.73479265267763,8.973675635844694,3,5.3868282859634995,0
153.31842396424838,14.558270468990955,36.12065712475706,10.531362519388267,2,4.906006882764401,1
197.88949638148944,18.740504276773382,81.56150658489025,10.559454188580712,3,1.1306383661650576,0
130.47135029269944,6.565040342853356,68.04270153303038,19.873655526691376,4,18.304506979697106,0
11.197149146194175,15.856316504590758,18.232167207277506,0.7061633225441956,7,24.397051213817065,1
237.01102378317998,14.509920169753418,48.20890435761868,16.334412664601707,6,24.577953363791462,0
114.32884092852802,2.3446382272170307,16.140517996628702,48.76182585499797,2,9.546482802337021,0
117.72967653711302,1.4892532751880783,52.57046370252303,79.05282365234007,1,28.903064950734045,0
111.18854117677856,6.329614213997392,76.71938957790927,17.566400955510804,4,5.967762937382286,0
268.92956058574686,13.20583078904163,50.475797099732326,20.364456040804953,4,16.539313663072836,0
148.97937633775646,16.381250096316606,1.844882211915655,9.094505941964412,6,9.957604081111059,0
149.98763222564136,2.935028529074719,40.73360123350127,51.102614758203266,2,25.1425731814044,1
82.38125525222469,3.3969990683608464,56.39184370763775,24.251185706676132,2,27.50022547431972,0
67.09951196074529,18.860618359947946,27.514056325968895,3.557651752459853,0,13.013911311338571,1
107.2193588361511,19.241274512306777,34.126536674917276,5.572362619096426,3,23.66866961956784,0
299.35834015212623,6.706535481408915,4.536383027821156,44.63680852535157,0,3.6737349905051397,0
108.34033787369309,1.5936931631294904,79.07382528871577,67.98067556551992,7,0.7972983126472,0
69.67584433805679,9.54937393944116,69.0221570829838,7.296378252639072,5,2.7617856421058775,1
10.210225112099502,17.736337354382908,65.47209061308543,0.5756670561736021,3,10.327577593158065,0
88.13606455297153,18.862791435334827,97.69256825715118,4.672482588545732,7,4.456057931570696,1
117.09065738415327,9.4207873685282,16.86612458332807,12.428967219376508,4,14.655760774089803,0
265.8635310441086,14.282558537923062,91.73866774305125,18.614559172867207,0,27.3079216277638,0
128.48142033266706,7.431964317255266,39.03386445475131,17.287679925260612,7,5.476516179287483,0
63.37761947760111,9.404620048725981,77.34282623759961,6.738987768696377,0,25.148146887862723,1
54.79335474904079,13.96136840739246,90.82908096232526,3.924640704991929,5,27.031263913524263,1
55.65855375848835,13.474078800933286,91.09187321385346,4.1307873124976195,1,8.808957515439364,1
53.34301186467988,16.28865441643182,33.734557348866254,3.27485687282235,4,10.579658928060033,0
114.67935165411258,15.816521327065445,14.217541931845634,7.2506051920450885,4,15.39707047114014,0
63.276735478085435,10.345518909583378,99.4470265090602,6.116342353738315,4,9.379117592956156,1
158.32282234873696,11.359919596571288,74.36153169941167,13.936966807099832,1,22.63341766822049,0
163.05606047288924,15.779059639850932,57.698819996119575,10.333699484922517,0,16.630451066168572,0
156.1218440236282,12.10335845196909,82.09967377387694,12.899051502372782,2,2.2528238373503076,0
6.281505895288941,6.223851059654453,88.92188794016452,1.0092635307435665,0,21.705114352451265,1
172.56633325812345,2.86853560236775,39.929609147196686,60.1583376255409,4,7.976756445484855,0
59.09217261755052,12.068534952105708,5.373615668057208,4.896383268728087,5,9.540089965911486,1
54.067039077247394,9.680082294568141,69.8848422748486,5.585390436978666,3,28.96047448125889,1
168.20324229785885,13.824989231789207,48.55031516875692,12.166609281046815,4,13.277903065067639,0
250.82183989500626,1.3585306083944348,24.482410633449646,184.62730125119333,1,3.3250103616654125,0
294.72832599600923,1.9540001774838034,97.84876301176331,150.83331587796246,5,18.145173394045734,1
106.1897956106445,15.644905095202988,73.37870660051766,6.787500145539663,7,25.986786314371138,1
171.21138276426066,8.450085485679278,28.001641116108733,20.261497123836193,3,13.613522280345144,0
103.8031176233093,5.4666306454052815,4.134008800082722,18.98850029506861,1,7.979165744263858,0
98.85814222388775,17.204820823268914,31.51266383483207,5.745955929409367,5,20.555461951681206,1
189.40672656543637,0.7474972763338994,64.92588736639122,253.38784844057454,1,4.352576468317675,0
167.09547334193041,0.7444372431945689,33.10447383124843,224.45877724344012,3,24.139224530522608,1
23.21059335841591,10.146998662660366,51.137388202258805,2.2874343567056803,5,12.28590837870696,1
62.82043390134236,4.014602611070359,0.575598407082778,15.647983122442449,1,12.811242323985622,0
118.97947285837104,19.608131486552278,21.546256530595688,6.067863882898275,7,27.716473297260784,0
291.4774217677388,11.13787129662036,43.33233270993551,26.16993983905917,7,22.875015816078264,0
229.48607518084256,9.657898429918907,84.18414034210493,23.76149188626013,3,27.031358761636287,0
82.8407324213925,9.619120580878747,2.3836532036589086,8.612090026822873,0,5.6627788469465425,0
244.5202204695166,9.221938759192874,65.37757042309971,26.51505576587863,3,5.4258007158209365,0
72.50055837329185,12.330724356492656,2.2432759314717,5.879667428873892,6,10.072705556936642,0
225.85590939096662,17.23632994963804,66.39658222444997,13.103480268182587,3,18.771088043018676,0
136.48421689927903,19.713866566880725,94.66467373931127,6.923259647530148,7,9.625569847031787,1
30.8373254032016,0.5418014201511712,80.54021892256742,56.91628751101741,7,10.227053683289236,1
296.86268832567714,11.9693274148989,73.8665403666477,24.801952360009413,7,6.430152067125027,0
283.0917329844791,7.71223079504354,68.35709452635702,36.70685441187978,0,5.242320041353647,0
201.45664755377695,8.21119000184722,78.76548884252482,24.534403357912375,3,26.95505824367764,0
83.63409252386225,9.27673775660466,21.34382420762676,9.015463702670496,2,5.813676352967355,1
187.70214425382872,13.07291043630299,4.6431444298236535,14.358099152319348,4,17.902515424097277,0
24.744790597925526,0.7459846718611951,32.967778670910405,33.17064214763085,7,1.5802955277795872,1
230.10753892680214,3.0808424939693357,13.611917673340557,74.689809484656,1,22.950792529663605,0
72.08487085232782,4.428103640500152,11.234654676595978,16.27894844037252,6,14.676267946491045,0
254.06718635861722,3.5247072301006988,27.71723826721244,72.08178432208642,6,23.080921324945212,1
201.7323738236537,2.76183992464212,48.22345311731523,73.04274662109327,0,22.794407269683948,0
95.4338417866375,1.8645141340893279,70.0031977823994,51.18429516934159,5,13.551022198077982,0
19.483121579944086,11.266983362608194,26.782729524638516,1.7292225392470926,7,22.21319261078929,1
200.9569816822731,13.904763616834162,87.44882814540392,14.452383889430477,6,20.722041154465803,0
252.52401053148384,11.729873683274024,50.08859951271505,21.52828047002461,7,19.633505716635508,0
140.9420074396868,6.966590901231746,51.445528750054336,20.231130180870412,0,13.606803580660824,0
16.63718594589916,12.644456295956639,54.76986132456734,1.3157691842566048,5,12.276371170876978,1
197.08291083521715,19.768264394571887,58.98522656656476,9.969661822680479,1,27.24168587472343,0
221.85820004483395,14.543796562280296,3.4932831116765706,15.254490056621721,0,28.203992942460932,0
277.0804005150145,19.340853558051574,20.12457169037064,14.326172300687643,3,6.723140357062022,0
292.15850736149616,3.51105600123667,5.558759608705943,83.21100753123608,7,15.779639037037152,0
292.54051368985216,7.282482691237366,5.918716027001714,40.170437211179504,2,24.304286469991183,0
265.6913217502092,4.295248561040122,58.414453568606994,61.85703061754135,7,22.717980774082886,0
191.17955312828562,17.360848371395875,17.928683663181054,11.01210891532682,3,25.231881249510014,0
171.25751469659065,6.887421692501259,19.334254218107148,24.865257616365902,6,21.77986050239492,0
163.72028029372404,8.982793883867128,91.41751642868826,18.22598652605862,2,19.025817416513064,1
223.1304668376357,2.238335749021305,40.1068327434172,99.68587908904988,2,6.778012168621447,0
295.82199228954937,14.610724293811003,8.062953196014721,20.246908116311346,4,11.059875455632621,0
17.590775028595196,17.932941448698255,56.79599205257935,0.9809196711492137,1,18.61137256178142,1
204.39210671720159,10.556054746198697,65.41428011425327,19.36254705298914,4,5.294597493677045,0
249.92561126982497,8.695379222941824,86.9605040675307,28.742347499971373,2,19.48033764788022,0
155.37294736000615,9.874808384970981,87.8172736917517,15.734274661620459,7,8.765902877698938,0
153.77549705767967,18.233209931273006,1.2867652473763869,8.433813773729932,3,29.60550770666635,0
243.0126421564596,15.52792955735784,40.70272380436041,15.650035071244199,0,24.160590989426836,0
180.20524658175663,11.094748656750353,68.82536943530356,16.242391076801432,4,5.115404585646914,0
6.725508419893844,10.80620339473177,39.6891577133194,0.6223747762486737,4,2.43397208080364,1
76.2185450072271,5.403339118513446,71.17793760450354,14.105822961597896,7,2.608925979404809,1
227.63556537669746,17.10166905419207,73.1347794937689,13.310722167255248,5,20.778598142705373,0
2.6085258682080115,14.717137591511163,13.082375483772557,0.17724410416007852,7,3.0069061107787673,1
52.300030846957156,16.426837466116705,98.3638879696374,3.1838161761103034,3,27.119394773964224,1
32.13823872025464,15.611578865498807,30.880677886072583,2.058615531275913,0,12.909084199730511,1
262.7269635360404,1.210513533946198,7.31123498614854,217.03760938514003,3,4.050028078813624,0
0.2834811586292285,19.206791815809062,88.40196251548034,0.014759422674425818,7,24.789054178723106,1
112.14223483264576,9.033759853075363,67.72064408393884,12.41368341161617,7,23.560243678894118,0
144.2107592874265,11.232809426774413,95.33115847380658,12.838351814612572,2,9.305062145614153,0
102.45127885453138,9.12273604815055,11.141755451847935,11.230323700454022,2,2.465653453435057,0
216.61976661484934,14.637290358949057,16.217931428788866,14.799171247047832,4,24.60861795093233,0
222.67837081259125,2.076695727371818,4.888775891856623,107.22724946056685,1,26.284459608822818,1
60.373577365069885,8.722129696301051,50.249562617229635,6.921884845472269,1,15.215263994185525,1
15.740476164712058,9.96492021410931,54.03061887561035,1.5795887800912998,6,16.421152605227867,1
117.55984908856469,6.2168364390624475,87.69855406579592,18.90991507350863,6,6.467677435319614,1
274.14205372601555,13.24062425685761,63.09746720133001,20.704616973329742,7,26.479747569664557,1
42.723383597996246,11.07403485356736,62.672773518496996,3.8579780687825314,0,19.799896251273623,1
170.1672133454694,8.611201723830291,17.59316345085342,19.761145865919683,2,7.000478892902212,0
35.01989741728882,4.365039058114193,42.52569733268379,8.022814217936986,5,4.119116670874331,1
189.62306015687474,11.807330249919893,16.877607026697248,16.059774406509995,3,7.138758821576621,0
184.78074946306828,9.404409253665037,81.81521460145507,19.648310114859846,5,7.544766847668324,1
140.56912575769638,15.370886455388792,52.539798312463006,9.145154130548862,5,19.122483619780265,0
108.59819623127474,7.393242569374998,95.37595365720885,14.688845281652284,3,23.36835624902001,0
142.44934919912234,3.8382670104217786,90.25966508207917,37.11293373085811,6,4.084528410604039,0
287.8478653213791,7.22391662633588,11.906570289724794,39.846509893537004,3,13.222188569296087,0
253.14476450764968,5.476471955370377,40.0283650950226,46.22405931603632,5,5.385957646244234,0
260.16296336354617,6.3359085779702635,15.37758085387213,41.061666241227634,0,5.429321596415173,0
241.57888608495253,3.4260187342284043,26.91616406559142,70.51300790372358,2,14.073308476850169,1
67.7124401335005,6.145980747313136,26.12097947399594,11.017353115384006,1,7.8641197954769515,0
220.1541584605378,3.241770826555994,84.65621688066766,67.91169710612334,2,8.154298944183498,0
40.9194410658367,9.541670398100745,21.8517134324423,4.2884986966204215,3,21.319691424443256,1
252.0254997009196,13.059087043959742,30.357269335863958,19.298860544580695,4,22.11057237945682,0
247.3036030407411,18.99556135886725,22.50997803197643,13.019020515826883,3,2.7102178904495444,0
20.235712550984086,14.925775507174466,88.50951894249246,1.3557561911109584,6,11.137353683604479,1
138.83370012586522,4.875186787265086,72.21101599945038,28.47761658866594,6,20.53413958574749,0
100.36076458673406,1.4257643046775192,5.270490711249288,70.39085230109879,1,2.255324897026154,0
282.55224678138234,17.46606247485859,15.99440419313094,16.17721493828963,2,22.31815599685453,0
39.358072628934984,1.6663205505798406,12.43246529937082,23.61974868235244,0,7.2768764003352215,1
131.44803902192638,0.08496452989950276,46.11792417960462,262.89607804385275,2,29.230109230360913,0
1.2982652523834681,12.994539324218374,32.81054088206946,0.09990852464956923,2,19.17319932930769,1
7.768698510042837,3.212140536317951,70.22453761450997,2.418542533306475,7,19.462809075769652,1
192.50915741996786,18.445034872981985,81.66718018867569,10.436909376731645,0,26.731310335852896,0
270.1829005614885,3.0495377093870313,1.47204305572316,88.59798641932396,2,9.458011670204318,0
7.761626982183456,18.113297605618943,27.2316883740382,0.4285043591276121,4,19.220450645287006,1
275.32234845492405,1.8639132504527778,33.32194911991437,147.7119969977376,0,22.26909856448178,0
138.99416487385463,11.029681053356528,65.20687692894003,12.601829935196198,6,27.636179161453292,0
62.06734111175525,19.168417162837788,15.354591076092605,3.2380003306734424,6,12.70794915665084,1
95.35121613247718,6.358514961496196,37.425852089171954,14.995831056445368,2,0.6471644328516601,1
220.49976042772568,19.633245095187206,41.38432913858024,11.230938103134966,2,13.389096219151094,0
63.34032627683294,17.45533343737172,20.02158815776659,3.6287090420869212,7,17.374724359339783,1
240.07117346139003,17.197230173788533,86.79649770491199,13.959874412060776,0,11.41160291842578,0
32.31859518289,15.77634018324849,35.5505411956473,2.048548320300945,3,9.124414998946012,1
257.77948872456363,14.298748092425386,61.10173637436801,18.02811596220229,5,1.6545850632296344,0
171.19438884892497,8.387996565760165,39.24334620782677,20.40944908677492,3,20.877977066629896,0
154.4906650623966,6.884833720101085,93.71304771848114,22.439273240738242,3,15.656445663095711,0
156.16133330018008,8.100128298362733,2.023071212635341,19.278871586730883,6,17.85031870679553,0
262.95752411239926,14.148216333817237,44.80650518024508,18.5859134401186,7,25.97736947557528,0
191.47639358439665,11.368671973935117,44.19782264756987,16.842459174070058,1,3.8474678550575847,0
153.275433892894,14.457535241672577,98.14691428169733,10.6017679591118,0,17.292925344933355,0
267.1729236712735,5.845385796444694,66.38288738872568,45.70663647791641,6,17.158848660688193,0
149.2175327109396,2.1601450036340086,78.25218465402693,69.07755380306006,1,19.601591916634295,0
251.52793871906283,2.391798100861111,23.82546371754748,105.16269689674311,2,0.06873265495725533,0
108.37638518569646,18.652446011539517,74.48114186071683,5.810304188450585,0,22.494210035769367,1
169.99400081667883,7.772972795620474,50.42739540735399,21.869882384312287,0,28.955040125797392,0
190.74924961547833,13.608761994545128,86.78492823986589,14.016649691716069,5,0.3346704733127892,0
138.11974034262758,17.769484172082713,11.43577003856231,7.772861553270341,0,8.7601469031654,0
194.6520167423577,11.165452164473022,1.3767900235560626,17.43341997037204,5,27.690650887801503,0
222.10323867651502,6.145247242837706,99.11347596774381,36.14227872367164,0,12.435274412086107,0
280.4185662114907,4.46402046841815,38.374530160193686,62.81749113727934,7,12.031775538494902,0
127.35109110662668,14.840077701169658,95.35228545765625,8.581564980390176,1,16.27876392301727,0
50.04563954087431,14.931697337535132,45.17617734834049,3.351637687905055,3,4.212741583088433,1
256.973446107384,6.4223848937136925,58.264688257321076,40.012152862235446,2,22.980454388135662,0
81.8151729335822,14.09621765284502,36.505799092423516,5.804051480225943,5,16.726763916196806,1
58.376609537022226,18.816760792207926,61.72637170757365,3.1023729419569466,6,8.485922715863092,1
240.5415677076356,9.519420095659266,76.71340250996272,25.268510612040277,0,27.70149200064135,1
126.67753553815284,1.365066742500587,41.19582317023672,92.79951785075328,3,2.574364077666927,1
16.3125511921977,10.199810041546746,90.19946525569581,1.5992995090841897,0,6.801923219315037,1
63.93012349582822,4.714514077122194,66.8659673582518,13.560278418948336,2,13.92342093854351,0
261.74249786056015,16.17002661898892,82.36086515796748,16.186893443526465,6,20.11042474315301,0
266.5491759456209,6.622383758312209,16.33013831967387,40.2497326753462,6,18.834717872217215,0
286.45176026187124,18.229878394014648,27.827717369708814,15.713311634372776,7,26.459514814177652,0
132.4136341696612,12.553257164402114,64.8709963250091,10.54814957070688,3,2.0901807396121397,0
153.50280134072602,11.27818907217554,19.840824415076884,13.610589462401666,4,17.60685276581679,0
234.0219550605433,18.807195533448187,76.80736286886558,12.443213803160623,1,20.520724040892993,0
173.31249417776246,12.018203252479022,75.03376741987331,14.420832343804213,1,11.188792486501638,0
176.23312309815992,12.398993250045292,10.04885843499772,14.21350262429703,3,11.198393040820173,0
218.90884618406835,0.03970821142619929,22.37389083822525,437.8176923681367,6,16.098295693941974,0
5.442656750834496,17.654711912981377,73.13608400417382,0.3082835210033958,7,14.557912813818078,1
12.678391225300311,6.543149545631999,24.01871778975051,1.937658789071084,7,22.912331223095475,1
126.16056505585723,1.457995242868415,74.00776328626637,86.53016233966088,5,27.81311389842563,0
22.969234295210526,0.9815407647301999,16.96971681479782,23.401202599592665,4,2.330772595893811,1
5.2731174606760245,8.322903238889591,98.07801107668487,0.6335670750125821,7,6.106937078950184,1
101.74020903022571,12.440103706035828,81.18229167612292,8.178405215453491,0,6.932554438988983,1
179.46535829750428,14.343132941575014,20.76341895477961,12.512284382256952,0,9.200973386682106,0
6.461370283982937,3.6179539187884657,30.738527947244453,1.7859183475025129,0,20.934801368780413,0
133.49709757400282,11.126324405751603,92.33647482604404,11.998310736382384,4,1.5207830967247948,0
45.96100519818439,15.60300891413344,18.30836435364711,2.945650127556629,5,13.839540589004189,1
179.20506859722735,4.581277998146335,98.59840173638788,39.11682911836759,2,5.649590113321312,0
51.91671353123295,6.703669106980572,27.451955970571184,7.7445220971858175,2,21.045128120658347,1
156.08690522561142,11.3006861574278,2.561362991091831,13.812161761789786,1,2.99771440694209,1
271.8286072912634,8.182262336884813,94.95046089996507,33.2216929865335,5,11.006839606922265,0
120.08374787781466,5.074071331534926,0.443287754731736,23.66615288427348,4,8.666211238681361,0
27.38169546367667,5.002127543274371,62.08402929235388,5.47400985416552,6,17.222824518458275,1
156.9910785490325,14.475144096356033,54.45838616358862,10.845562400208049,0,12.535881891118647,0
69.66357968567783,4.82795457472564,25.896581492271466,14.429211917271743,0,6.82697485507709,0
70.42147636851175,8.034444164584178,41.91432795345336,8.764946886920884,3,8.896586000543106,1
254.73231005842229,16.326894209861898,2.5139553694773054,15.602006528869213,2,10.56431488375411,0
143.90627708527467,5.561078583712646,84.71569529592396,25.877403981801137,3,19.96573318970876,0
65.79758447115186,8.313751895604401,69.85330608430235,7.914306957601174,6,24.26018849722341,1
288.90253103650946,18.28451407977542,6.35482411524012,15.800394244879923,2,28.44428157767242,0
121.53867066248051,0.9011473353238952,49.786231424447,134.8710315153919,3,22.146821430932526,0
37.21925434662209,18.847822960780555,29.61580703704869,1.9747243182445888,0,21.282412345766417,1
11.978676487833951,13.979592158309597,58.56752201386286,0.8568688093460378,5,16.97026014041603,1
107.8544454979864,17.261030141651137,29.8567920638814,6.248436194878771,7,9.451326109849509,0
20.071725320601242,17.400506938496545,63.08147960462027,1.1535138252894774,3,24.243415467767512,1
124.234724817272,9.781407938779088,0.43701447187249887,12.70110863332206,7,1.1429154197277314,0
185.97788359259835,19.11481883289848,44.167364881971,9.729513275454757,6,17.253425682699834,0
165.03321736113332,19.24771738305448,35.065751133156596,8.574170852405965,1,14.171078855038123,0
81.41148932372694,5.270131040096995,75.4980005570953,15.447716328933746,7,11.613301950627266,1
126.08430745146158,0.9048574117725772,60.78979048822315,139.34163085923979,1,17.08468458561932,1
215.68239720998196,11.802400471164864,74.49749139428589,18.2744516877671,2,14.97792026757208,0
92.34204378167875,8.402352366682848,26.191409084477634,10.990022764081521,1,9.360995025700818,1
110.49397306161252,5.165547743850611,51.304536670777686,21.39056273231651,4,16.427210137971155,0
154.95454369022798,5.776436411965236,89.89461977386213,26.825283382200336,2,19.471268657236198,0
18.55756743904935,0.8200532923348947,66.10760394614994,22.629709084163743,3,14.400948906151537,1
281.2392109455535,5.686808653645636,67.84398980620593,49.454663955549094,6,28.006368288894155,0
0.8720615073685156,3.326513317653681,61.84218820047616,0.2621548222099452,6,13.562970236897403,1
53.71714851820036,8.553512053096007,62.24253047967956,6.280127763280236,3,15.600957847079627,1
146.02257464122766,6.925020939251527,38.74770267876454,21.086228608141962,0,22.453060678502847,0
55.65597369585108,13.017903860734855,26.881286764412028,4.275340660927982,0,3.9217517965976167,1
295.3275290114863,18.795939038429232,96.01033390454009,15.712305110570666,7,16.532669106132623,0
215.71040142947172,15.026393075149134,15.104521058512388,14.355434491209783,7,25.27710736087063,0
213.83463442264946,1.9752330366504989,63.3717642906636,108.25792726981699,1,21.584327522594233,0
168.85468807649406,14.037606133794023,3.7068290063997478,12.028738124372545,0,14.993831153669866,0
167.24679130811856,3.420955763545457,0.5651506282777996,48.88890791583491,0,28.494921530951977,0
111.99764905638547,8.519281846704867,67.95252762174401,13.146372085307227,6,20.75674961181828,0
177.09485953262055,19.587717349175232,81.35794890463906,9.041117776802992,5,8.217807877496321,1
19.585229505340873,2.551744888806966,58.008536873431815,7.675230228244988,5,14.189133776984596,0
102.09669673887662,6.920585851404826,78.31657351901615,14.752608945404784,7,17.413156357168294,0
23.573098934855896,10.958459932892433,87.52299843951891,2.1511324656213704,2,22.64583049907615,1
72.13163481901158,6.391200200982299,99.47032185638601,11.286085954235212,6,23.404063781527885,1
163.08717256190184,3.486275944210402,6.996232271133929,46.77976590830048,6,16.66885096349321,0
233.03603055016265,18.684658293487686,75.67417666628128,12.472052038082204,3,26.238456929304697,0
157.314089889825,8.937913502346222,34.152018431534216,17.600762174363144,0,19.14523904236542,0
124.24907051551966,8.170973808244712,42.01654517834166,15.20615209782576,1,10.2897598763573,0
262.0065986408173,18.994859427139144,67.73343131292948,13.79355291603117,5,4.31668369973624,0
165.58774647859732,4.673572129978472,30.05522123395735,35.430660290110914,2,2.4954929366790135,0
254.52121264789344,13.41582697471618,96.2239867239854,18.971712524883543,0,27.004796603978455,0
53.366423972168334,19.800562810144157,7.742110215473352,2.6951973276652432,2,17.5362077272405,1
216.4149398538928,4.570846943913621,26.98084517895992,47.34679207363601,5,7.249841650207652,1
50.83592496438678,3.182539631667771,78.45204642828199,15.97338316184513,6,7.464397886316422,0
33.04295256634434,6.307547412658561,40.57769554698244,5.2386372078679475,4,22.195478596982312,1
88.03827910362597,8.231889458554079,93.10527061424351,10.69478393106238,3,7.190542226516088,1
159.9842382587432,15.342214955516724,84.9214263468712,10.427714558986569,1,12.663131323025882,0
63.6378910974423,11.469067011319492,87.1264974407467,5.548654570998177,0,25.31498141498074,1
85.75443175755952,14.687089269842062,19.813961441405304,5.838762887731919,4,17.309171244090848,0
213.9319791170599,11.267788847149124,58.57419510984001,18.986154428265408,0,10.393011112041147,0
50.34587054539475,16.82363812962409,55.69103890684898,2.9925673720206016,5,3.7356096048349228,1
252.45360908522085,15.007829078834842,3.6560088778373023,16.82146083614783,2,27.68124760333069,0
94.29437352496366,1.265965589883793,45.780204888212324,74.48415208000974,7,5.41768686884613,0
198.1742923647553,11.455067812087956,87.5408279468992,17.300141353648904,5,21.048765841484478,0
275.576095987189,18.7026442251009,71.43913676131456,14.734606116141432,0,26.533044964740142,0
37.57795842688023,13.156146168064742,65.09131800941239,2.8563044182419506,6,1.5052004469646307,1
129.7561855467174,19.500828043869426,62.049620375231726,6.65388081238476,3,9.263715114863475,0
109.49867615650257,16.130465145014334,4.8243695491641425,6.788314854661636,5,23.21057872920742,0
187.30437359170728,18.77178481982224,32.312211989445835,9.977973612499621,2,9.67316139635677,0
20.24777518428734,14.121586155683978,21.75864821958673,1.433817346087398,7,12.854967774270854,1
125.03825176329961,13.237010887265274,44.32738445720331,9.446109308831439,3,16.345332468803594,0
108.25256395689753,2.213462185517596,68.05982843839786,48.90644378981507,4,9.113605179878869,0
219.50102551307072,3.651894506450326,89.08863157532751,60.106069637380536,4,17.63242069473866,0
141.422450669088,13.91774642079806,7.596121557699709,10.161303877311099,2,6.442624585354826,0
292.60793692501517,4.809071000559058,69.32168297224473,60.84500247365848,0,19.01693767461813,1
49.19086418601333,9.791618984756841,60.58155014909408,5.0237722957349025,4,13.7096484805545,1
164.7366322020374,18.75307159126696,80.74040950645592,8.784514654055549,2,3.162663167156561,0
104.41781701496825,1.3026752467261171,34.019207261629894,80.15644519030438,1,21.81568459728268,0
167.97528615894745,10.036137033040163,74.35238807292794,16.73704589783427,7,27.083341747893655,0
18.969978390134614,19.029008751265287,5.389693371078708,0.9968978751388325,2,21.81154994318545,0
101.7388475132272,11.803920305994327,85.4234114747691,8.61907272125191,4,29.581686546540606,1
88.89598840111242,18.155017100742356,67.3836128300262,4.89649708991337,6,10.285319232582282,1
110.12472116931472,11.873657140275132,24.210339266266068,9.274709541323588,7,0.10082315615252968,0
76.77662965966755,11.417737239387101,32.47474006795377,6.724329702983153,4,13.429470629234153,1
101.97091265779234,1.8503939580980067,29.23786754326215,55.10767704981418,7,2.9846489290108416,0
135.41473622754208,15.041324872527678,65.71444001011028,9.002846316741099,0,9.523531601270975,1
246.19819629926815,1.443234716548465,8.86977413860065,170.5877730602669,6,21.71846481146773,0
216.59668510654316,7.600957046159591,34.221813335638394,28.495975413514454,3,8.152432701999109,0
7.887988748376551,19.768165044805016,42.3528263795382,0.39902483262853367,2,19.30742840163261,1
19.70906572343072,4.548502542886535,7.21657993650926,4.333088865533118,4,28.29925479850985,1
33.76583278577369,5.987081747500403,77.06401479180383,5.639781484505514,5,13.919630764319702,0
84.71417254552156,2.236719473069142,45.088533596538305,37.87429472739377,3,22.330688508979676,0
254.18436853488404,4.7879057217893894,35.40081241909249,53.08884161567982,2,19.631214512931916,1
269.6671630629485,5.8463331580367655,11.131696977437377,46.12586313050698,3,11.212291855844184,0
189.42153310458397,2.231108837958682,20.904330296214123,84.90017603887591,5,26.08163854708863,0
258.52022778082255,19.961227913781897,25.83028521208355,12.951118483163631,5,4.273964050375405,0
239.8338831803312,16.43017369930259,55.908378245845306,14.59716053948422,7,11.569901483164292,0
239.55618940348356,5.384710299662974,54.85858582049305,44.488222406036826,5,3.6109940292374745,1
206.34914880853572,1.9539260230636901,90.31289065026716,105.60745205951412,0,27.959133015352695,0
60.80762936181961,13.635114752868668,93.04896893866257,4.459634587895668,6,20.43508884712754,1
19.54197345417009,18.058443531824132,5.45461347583257,1.0821515940580126,7,25.988300979192893,1
281.60387309383003,3.142390486664235,30.27698748278722,89.6145384505549,6,2.5496939480171488,0
189.55869733512222,5.83127349851686,51.36210848578059,32.50725547058203,2,8.287547543227905,0
72.78862548176478,7.627983826767837,91.37280256799552,9.54231513002658,6,28.2031298572281,0
29.84457864311726,11.09725519874236,42.28883115734527,2.6893658034015036,4,28.26801963477405,1
296.9275235504707,14.704156588646214,3.4756167984146047,20.19344134159607,1,7.314121442062127,0
220.38467027595505,2.995605819387661,2.550031659200458,73.56931571224027,5,23.017433423703682,0
27.426272068260104,4.96689341244805,24.690110301748124,5.5218161113593185,7,3.166732940946859,1
147.35451342420677,13.353832135485275,96.03517154843992,11.034623764113382,7,4.455890181530654,0
259.6120386669555,1.9193075870132592,29.34988216081743,135.26338374504743,6,0.08092067246330492,0
262.42983717815815,5.91808508900677,91.03947667603406,44.343708012180954,7,0.28175924495539184,0
156.68222310873344,1.5142238855564027,47.42133645321323,103.47361747708823,4,10.742288470885788,0
212.4487866798798,9.085651249033756,24.522395934594556,23.382890324177186,7,18.46221125438562,0
276.1151179171095,4.092092296228886,44.20739225008743,67.4752908607576,2,11.381929191488062,0
297.94007210054264,17.39828866653875,52.64628936281418,17.124676904203557,3,25.593278553473606,0
124.11514589594368,5.3953598298266,78.29643331120374,23.00405344789257,5,26.293921567694255,0
35.77934514688219,11.05109877627092,51.336448646744984,3.237627847803526,7,29.69972656069332,1
86.41984744006972,2.4655506373872282,33.13810343705942,35.05093188094072,3,12.06891731384099,0
4.896481127934161,2.339940844312247,27.874291792524186,2.0925662030457564,4,12.74904336118561,1
223.1199423144092,13.357756871153612,12.086416288988666,16.703398966352047,0,29.24001356995934,0
211.70858071141228,12.23032173974618,40.31282131091848,17.310139930611992,0,17.485659470060124,0
198.41252902093606,5.334702981269541,24.26217639498175,37.19279774667385,1,23.292724871091828,0
26.230926818751456,2.605496436284427,5.939615121713848,10.067535097517968,5,6.151036571932661,1
163.16853723878404,7.1246201444019945,23.25367214877182,22.902068311247433,4,29.388464110224668,0
42.39597709845694,11.242901768248846,85.11122903970173,3.770910568496445,5,15.181569961907304,1
213.54996060107203,9.864432538605401,75.7435143228013,21.648478994136138,3,7.9308666683037385,0
53.92178377497569,4.680939037000098,42.45389785064609,11.519437307077785,3,28.433199669092225,0
112.05644969844293,4.560878463017248,47.23573820864138,24.569049714232467,0,14.944856012872794,0
179.54302555487934,0.06877923465878455,81.87458749064788,359.08605110975867,1,24.16068885054737,0
99.1630414462367,10.774190959672492,22.70814112987424,9.203757555198466,2,23.74328093348356,1
254.57945254412408,8.293084577624514,54.31618914972758,30.697800096118915,2,0.7104378059125049,0
185.45492749774883,15.685590676836384,85.26968354610997,11.823267055643525,4,4.318241280453741,0
64.88960953864367,4.277128734180513,90.08402401462517,15.171301490198505,6,15.244372049110673,0
257.4651740263109,2.177425257526804,24.484156923104493,118.242944567819,2,1.7551996409282788,0
216.22520637586993,2.628429011361424,9.212186729075778,82.26404648603148,5,4.30235994557307,0
104.20588566939448,8.841463631831644,68.80110648377584,11.786044710315304,1,24.410965111416708,0
174.51239268005477,12.164516329915022,50.14381719041414,14.346019845515212,7,4.882556247563729,0
259.55221986105636,8.794474493726067,88.92571751088573,29.513101669260575,3,18.156133841598848,0
54.696403859565365,13.590071550023811,86.05266097530563,4.024732589393139,5,3.900349407204866,1
3.737660785392538,4.716955332894031,74.83587652104438,0.7923884204134156,7,19.181485779932583,1
43.922652093662236,6.697394926295576,67.83703967300374,6.558169643126671,0,28.046886085873915,1
131.326623361186,8.054735258544719,43.5087967225676,16.30427557775664,2,21.3508994109943,0
49.58725280676107,8.28038322521185,71.32793383827743,5.988521479993748,7,1.3454752333923137,1
83.19033067243909,17.655095146629982,38.511710016455105,4.711972945006672,0,28.37270856490675,1
82.77189420212802,18.099552679205992,79.11507714520198,4.573145848914932,4,17.52154727059183,1
80.34021839917882,14.801859125133866,74.89208842215979,5.4277113246375555,6,20.70965369304236,1
233.30616290260875,0.510804520545427,70.40513903519748,456.7425571204597,5,11.329617151798713,0
267.728613198229,18.224722074130977,44.51889806414117,14.690408562018927,0,13.664323647192443,1
155.77264475020738,18.423870680442118,90.36934348573065,8.45493585208281,2,17.394029536107706,0
244.8489730841478,9.819962977018953,21.937247773868094,24.933797984488592,5,20.263963196901596,0
266.82246651824073,6.780896791302813,35.20173747587294,39.349141379126664,0,8.49520450084324,0
142.62284599977116,5.007478650605826,61.53509099725588,28.481967862711915,3,26.601748714960646,0
219.68246526209282,7.465519438118273,82.90636541692298,29.4262799907015,7,9.45339836787346,0
93.77305670252247,1.1079700337750542,23.375626149153682,84.63501163747246,7,29.58571056448243,0
221.24554668974878,9.129077917235723,82.46012534275579,24.23525669246799,2,20.971492904511823,0
29.236290103783514,5.1843283706896575,30.438875462497826,5.639359240644374,4,26.095518125958343,1
170.2466551471176,5.908297200551118,26.070138246785447,28.814842816511874,5,16.58176883669571,0
268.41422818011466,6.967367222336158,97.34099221522807,38.52448415803687,1,19.143438652814485,0
31.855074015890004,18.929957779059315,55.94055625430823,1.6827863214321959,3,6.204818021869558,1
15.563345689812246,16.539382195987848,22.89156023898493,0.9409871242704355,3,10.004038969476426,1
92.95753890437862,15.6351069944884,57.090026741139674,5.945436698140121,0,27.998049538280192,1
83.2123518491697,12.272613505543607,73.34006029470723,6.780328559322937,5,2.586700861536505,0
191.0937633023028,1.0837007566715107,27.40053874011882,176.33443745968222,0,6.875758080190773,0
100.58177373869823,12.16790086876176,50.53393061873296,8.26615657240588,5,24.834491316564915,1
6.728968112380906,12.379663036207095,58.499732957736875,0.5435501832885542,6,23.645836345974455,1
280.4691697947103,11.037862340409553,38.16058402781143,25.409736155878136,1,9.432601617806357,0
229.98594014281502,5.494143350796337,56.16365952314085,41.86020011827325,0,28.56215511670493,0
245.86682775092868,4.644320820144037,94.74625923710884,52.93924284569633,3,21.936044286872868,0
262.39787957773336,7.584037886996306,61.67573358191324,34.598703683646455,4,15.046080161716933,0
87.06286788459077,15.548538177290414,62.69754632933727,5.599424646347229,4,16.45696022925368,1
213.4748005526919,3.3262543423232627,65.45429875006056,64.1787363751588,0,5.889321285037775,0
275.73737430465985,4.5653998195388805,56.28797164956537,60.397201823280874,2,7.843083832428771,0
271.28756917671296,8.037775221094527,15.276663081296604,33.751574498468116,6,23.72054312326666,0
170.39284123403075,6.549236099406237,68.86964548485109,26.017208518330683,0,23.400333352937203,0
189.2139300784747,8.073492156583953,34.933351615769816,23.436441927322647,6,27.81071031763311,0
128.68265697854167,9.013492117419418,74.85851805948347,14.276670495983502,5,14.891677590636629,1
141.02244526134277,2.3596209962874726,36.42825951167985,59.76487134299173,5,29.42268303582667,0
177.26866818625933,11.88827371619292,86.63205368884078,14.911220284640917,6,16.81249532736123,0
181.19757430656432,10.245537251681808,21.121980066347724,17.68551222404864,3,23.45951404456027,0
246.6038506155014,19.521618602266503,84.09981835445791,12.632346509775072,3,4.926626544091136,0
85.42600729034828,4.2285608476870395,77.48770691874039,20.202146869206114,0,9.52235192227807,0
169.16696686783186,9.906588844120396,70.69923140364943,17.076207514984656,2,12.341614244223823,0
106.94320681519896,18.58430483054925,56.65361757861391,5.7544905655767975,6,19.615166586517468,1
153.48423189188009,6.287754822109957,48.463111926233516,24.410021738152953,4,4.015787059807542,1
73.20145078914811,19.12258988431865,95.21810271412282,3.8280092410064426,0,17.46420874147356,1
199.72399016386564,16.821823293532315,4.724732631112305,11.872909771954141,5,26.384904486189278,1
66.96096208414447,18.722777458717644,46.15547052318713,3.5764438386232222,3,26.827173907597366,0
1.2060890997369622,19.220203340368652,11.71139391604672,0.06275111029672535,0,27.417005832199223,0
172.76104198553423,5.715644357723983,69.98398862456871,30.225995736083398,7,14.635799817153458,0
278.04681596834405,0.33403564878349945,9.472264829621013,556.0936319366881,0,16.805612434335213,0
179.7508485205675,18.489598304859175,31.894883479723035,9.721728160710118,6,29.267617879513026,0
238.89887259447258,1.147850514637847,89.43715963501248,208.12716424999508,2,27.692740913302085,0
174.69715616241817,10.914576332466599,54.013058279080596,16.005857748482864,0,24.02776700901189,0
24.242550478405267,17.9287739567733,2.113090014647556,1.3521588557507966,7,26.63481955784051,1
293.6135714981217,3.257107845111291,20.310931528133636,90.14548656680704,0,11.47718177281366,0
60.44090483890088,1.9852809920674441,40.72064224411355,30.44450890347696,7,3.1120527794369446,0
132.29478695745797,12.706358207642472,78.83593916331714,10.411699780184605,1,10.033351223886651,0
117.65432958125761,17.016661397339654,90.84352168170248,6.9140665630010965,0,21.042231811254428,1
22.14154162258305,16.205395002810835,4.5749903337279685,1.3663068144122734,5,16.405259288379536,1
100.93714734988295,8.63942728659704,27.83114067884709,11.683314645922646,1,19.14864719057856,1
221.0124340274483,10.567202773049445,78.12258240160915,20.9149420877129,7,11.730666868936408,0
0.8809627556124022,2.474657531835709,68.65278386562291,0.35599380693250965,5,26.14000939331944,1
83.6570335012086,18.294763593167108,82.62808770173707,4.572731048159244,3,24.279450694447085,1
123.41371365861052,7.414935282070267,90.66131845645273,16.64393672552097,3,24.202845326405612,0
248.04380952998005,1.2990110785487041,0.4985238355838306,190.94818637505568,1,5.715445367298138,0
219.387133972784,3.495571898965504,51.02844653396159,62.7614422800774,6,23.38212956362527,0
114.05043480433127,12.335125257343545,66.79651115347463,9.24598919142981,2,17.547775310414117,0
172.51062716394992,1.259535126212823,84.04494530598512,136.96372858028644,0,5.4882500322003755,0
24.165772474689085,3.822583419576102,73.30009140008636,6.32184306323625,4,12.543103968377634,1
154.94441657193494,11.646208110492303,90.75001248718334,13.304280251727805,5,1.2158475857957185,0
193.53707036122262,13.618065710846615,74.52811946932314,14.211788551370612,7,2.582349035498779,0
269.66467044265204,18.728861983032495,75.71590528807948,14.398347891449896,7,17.67021817270008,0
237.8827540134321,10.176489124169294,10.559039081390697,23.3757193773693,5,20.618457166036926,0
75.29504093385015,0.9657607559141113,24.8847929448742,77.96448600003625,6,8.610248708592835,0
234.73349597564388,7.267099447909806,22.954178263260605,32.30085093209491,3,27.741652121238797,0
173.25034432729836,12.713904977761771,81.46576293585774,13.626839639775124,7,22.14077971148775,0
237.50628135162037,15.469854382201941,95.05067093170926,15.352845313455001,1,3.290948546453687,0
49.87204570566157,4.290180195356525,66.98333206370476,11.624697200280902,6,20.73601084165548,1
134.57554709670737,2.732387535221128,52.772932998471255,49.25199861366531,3,11.64557195039281,1
179.18514363604575,18.32003973235992,12.886744726538357,9.780827239121047,1,27.60216350531826,0
229.1774556134327,17.234415312075143,54.556526970135366,13.297663510108261,4,10.698019916489928,0
139.10666133211265,17.036100746726028,46.59236442884871,8.165404948009947,5,13.285098955308532,0
210.27496344828484,8.362420377118232,29.24202236084188,25.145227573544627,2,6.831048862693848,0
208.19800186200152,19.549841118642522,51.89294124432512,10.649600710231148,1,24.979765260242058,0
25.968868001396352,8.568224692647185,88.99590241495086,3.0308341497721827,4,4.559811575695641,0
200.4655431083305,4.647754653140453,67.96159785250525,43.13169650056236,4,21.7959483704833,0
289.6626555946528,5.394957380838603,53.81051766482792,53.691370505252635,2,4.654936787836506,1
216.89598219119344,2.6491540934912905,24.285626161526565,81.87367534568314,5,0.7180223504095273,0
161.34788823671175,7.218645902116643,47.574263266084216,22.35154493301874,1,23.8503444399115,0
65.35157168126389,3.5361455745583092,7.7553773077260635,18.48101847148269,7,6.789437641479351,0
268.0014262614975,12.265706213547956,34.383978523525236,21.84965313823344,1,28.42619838408646,0
8.757769893272583,5.556250021231928,22.10965069438351,1.576201549571525,0,23.596814903831046,1
40.247892111848174,2.3893767991286508,88.61872190490334,16.84451448868409,5,13.5522386632865,1
29.659059613466887,13.923142049892714,10.879561200559406,2.1301987372667384,6,14.640100246086496,1
235.50579064418687,15.800896718356107,80.34938385024921,14.904583887988885,0,25.218818785980066,0
161.74236454316124,0.07135796676125183,64.82881802363572,323.4847290863225,7,24.734104899912122,1
238.60253186891563,14.52974924929098,39.14821216704848,16.421655169345673,7,0.9170804332567373,0
235.03576587893812,1.9744518976414738,59.437385814749675,119.03848666037067,5,11.034334936273726,0
272.9857685374355,5.351513969289332,38.9848258781856,51.01094196969598,2,11.249788685024122,1
182.16720503512155,15.053964949303724,7.987486003002598,12.100945209358093,5,15.204425407974178,0
196.90389330970055,9.470339466430763,17.036435796766625,20.791640469453082,3,15.477632271189023,0
66.4155064851083,4.514471418818216,19.463350875740627,14.711690544381458,3,17.069771899094942,0
240.5293132337383,6.577387533409079,6.854583865811803,36.56912596559006,6,17.094700615511385,0
245.6866624748308,0.7903635611335957,47.95057166500413,310.852719630001,2,8.866857458074476,0
118.50001196960058,19.071135048400595,50.17464199851831,6.213579405151274,3,7.0435038720775385,1
294.654913377347,1.8164567338720783,46.67696333667195,162.2141105168199,2,18.605962519200197,0
119.28627492055621,11.344933843846048,0.9311368691391153,10.514497181070995,5,24.307701491399342,1
101.55524276065078,13.568692889291686,66.44081904189115,7.4845265928892415,4,0.990739642049252,1
58.18252561546908,17.850028615624055,65.41405948580028,3.259520019174768,4,10.502700806012424,1
185.42502913654155,1.1836811856513374,22.56451536744606,156.65115859259754,6,11.865549749523067,0
230.48704269965293,6.28704703471628,65.19817361149919,36.66062006963406,6,1.5680367047451638,0
209.94259567472048,0.04053057625398093,28.89160719441063,419.88519134944096,1,20.1834044916063,0
85.38539082882629,4.54697547294471,55.3789263903819,18.778502619353045,5,10.293459425748088,0
31.70081862820826,0.1079053840077071,41.383536090993445,63.40163725641652,4,25.942170714283215,1
75.2921543513693,14.055673315141643,90.29251999551265,5.356709185198544,6,5.128939280720923,1
138.32332062328226,9.4359910584871,42.8545682060118,14.65911951017258,3,10.043656298919677,1
141.23080372962198,18.96652111162786,41.633189976044925,7.446320961994301,6,16.60815950158795,0
146.24440404237126,11.64927306054388,32.9676126395141,12.553951073367957,5,1.7692102185712788,0
112.64534158632614,13.867512588882747,58.12199312822914,8.122966600126343,1,23.900714178957482,1
58.397089203277105,17.544178433901408,66.37134926180963,3.328573601966666,2,18.446025437915228,1
40.937895892099505,7.512133966877497,94.13991277203209,5.449569466226626,3,16.725037986135995,1
50.53726150882737,7.101425651039324,84.62973682531458,7.116495192966081,5,13.748504513239524,1
159.04085309772893,12.075864621344383,95.81616937280153,13.17014210449332,6,15.293130463511549,0
97.44830963954145,10.373491949380293,94.4129207059556,9.393973612266885,6,20.214875152165654,1
97.72305424070898,13.186664071116901,12.821587973975257,7.410748746891517,2,14.28586048108947,0
69.31408115228331,15.043299728111021,13.22484609832757,4.607638111654313,2,17.374376725094784,1
213.5965863698915,1.6316938208869947,57.69114050700036,130.90482027674753,7,21.599576658496865,1
152.38031693135366,1.733622008413651,10.35419881037466,87.89708263497941,7,4.617942248194477,0
168.722791440031,11.35376477700497,82.02300116852416,14.860514970483532,1,6.996035498238977,0
68.88573147071284,17.683326949766375,18.053484503506244,3.8955187373054216,6,16.73661470055041,1
30.26427782590737,6.901322069489035,0.652778055437897,4.385286981418634,2,23.158561988007605,1
109.0626587715417,13.883312453268777,69.84555927406973,7.855665507683887,5,5.268710526492705,1
62.17163057441824,12.607031493953162,80.03108559523085,4.93150434376548,4,2.7293749803505465,1
156.0646045898012,15.882493307140333,60.309116934048944,9.826203076039633,1,10.59320173993571,0
69.67060740244166,10.69571536949567,35.47527445291839,6.513880090820592,7,26.47499814933985,1
122.22451567820366,5.882243702639192,26.64499378211177,20.77855353448975,7,17.55376484679858,0
114.00368926092622,9.850312779627014,90.5628089539031,11.573611093519308,6,16.39707990950945,0
161.3277101885177,7.43153586486055,0.2237985995628189,21.708528778195564,0,10.534762346796192,0
243.7576918258112,16.839719606165403,44.49967579473053,14.475163335651146,2,16.37806121014724,0
105.75744450638396,2.1592639409137293,75.91676416379856,48.97847016406475,4,23.145739802698696,0
241.0427271931433,19.26923928930047,1.1880216472769156,12.509197876170745,0,27.589770935517507,0
184.08208616070016,17.183994957993708,26.760864325592635,10.712415047297732,5,3.98940844459449,0
231.28696534057516,12.649660092868181,83.7072621321915,18.284045867048526,2,28.419437254919337,1
167.5041934347586,7.11019885725614,85.8116250917333,23.558299394652835,7,10.955007650725936,0
30.892920978865146,1.605896617987641,36.66486024688042,19.237179176314136,0,24.416669589581534,1
97.01658548291643,5.940231053137611,41.91368927913467,16.332123214579774,0,0.7247832011034183,1
264.77271686306125,7.852298946772391,26.61235343341928,33.71913355029528,7,18.945951200795783,0
16.740528397656117,4.028145866288417,76.8212992851801,4.155889323114568,7,17.666677950921517,1
66.33402360493818,1.3239710410869732,25.860875932051506,50.10232214027756,7,22.565448070127186,0
217.6099382003015,15.7537242182336,52.868153441954604,13.813237757992264,3,3.852416884143781,0
299.59559548969304,14.786756293755428,35.537294641241026,20.261076164230474,6,20.215259037552517,0
10.45581821149657,13.074695936228803,63.216756799429,0.7996987664183028,6,9.445960992518827,1
68.87650378373208,13.897998457125333,8.986135602097223,4.955857780256116,4,16.674767222875342,1
234.70700236154443,15.249748866973503,23.250552991318497,15.390876558620002,2,13.801790850690844,0
271.55220650586483,2.3625889379766973,92.31167569465708,114.93840597527728,3,14.972455620300531,0
19.32697769759869,6.331480383952974,25.842533740781782,3.0525211365390272,1,0.024676448913381055,0
28.558268241404228,3.0845119275547184,79.36562461088106,9.258601980522771,5,14.971276413165336,1
27.488461937972797,13.57954501095559,6.524164456075177,2.024255003816099,7,4.885814638074047,1
2.2043058496187817,10.007575895023656,25.515153082892606,0.220263715483276,7,11.113116832061364,1
103.11370580661867,9.15625515533158,5.490884229856463,11.26155879858555,1,2.0117679276158884,0
178.70897178773907,2.638392618485117,1.5947380916255471,67.73403265900137,4,27.910742156080147,0
163.5458127510648,18.113851713019514,56.61162480530633,9.028770652545123,6,1.904174015097918,1
130.03739913017333,13.831858201123332,20.072419968798883,9.401296430266509,4,2.2367233192163027,0
76.53920880275821,14.93199296616853,97.57480716134022,5.12585352646317,3,7.220808492656388,1
207.28637666839987,16.263746584950184,38.35617286284165,12.745302909491613,6,18.866676987792808,0
198.71046083265284,13.066903597390304,18.876486640067792,15.207157483915232,1,6.01372172461708,0
250.4833407296913,8.04913941961556,4.682996454723853,31.119269734509675,7,29.391768300258093,0
183.6920544591974,15.342485490498838,82.70545838583122,11.972770290247473,7,11.577077142504182,0
194.55996015943427,6.036518144076021,92.15945440117356,32.23049372432799,1,28.1093352582216,0
24.446286579231824,5.063267017141833,49.895821986758015,4.828164601327213,2,7.692085016476441,1
75.23492399274768,9.93875758640937,95.91083419551471,7.569851999975001,0,18.034043331172526,1
62.577457869945675,3.4380924000096735,48.371080464160045,18.20121468223763,0,4.451004513527595,1
138.44234438639162,5.549834206475097,90.59322333765793,24.945311740099967,7,28.414799762597777,0
215.4922478691549,16.52238499684351,41.45270983920153,13.042441990688587,5,17.506226014108538,0
167.19444764470072,15.038825391019724,55.73002153601608,11.117520371274416,5,11.82861207863619,0
248.50529548022126,15.04311779314212,69.22294577858233,16.51953397543096,1,19.32827069404243,0
129.56659571009664,18.588718587877338,46.93996132406008,6.970173608125613,0,7.329208198756801,0
55.26179326197542,9.7168656533276,25.72866042418519,5.687203593583768,3,15.948919530981357,1
221.86702612756557,16.97707938463208,75.48887562071491,13.068621586843912,3,6.595216959535383,0
44.359197467683146,10.632302618439233,43.09375686916843,4.172115773938989,7,2.8676751966498584,1
217.19641945260685,1.9006605307408608,23.977991593361114,114.2741778133024,6,29.762213764431024,0
251.04622802986927,5.299205834502976,64.46721240512058,47.37431152330686,4,2.8547095484434792,0
3.8151241420019244,10.90587404022905,26.14205304132955,0.3498228686604011,1,15.193500678984211,1
16.878504206967104,5.914165534304717,5.506722791496321,2.85391136062467,0,6.815552752205103,0
216.4305598204264,11.924356414455854,85.66442005039312,18.15029275358194,3,11.383207321422821,0
200.78518908154672,8.639320526495592,7.274775499692243,23.240854239146067,3,1.930658869007953,1
78.15388862546791,3.8044786292491506,72.60310299888039,20.5426015603332,4,24.120884708859148,0
42.983553364806525,0.1327283377126398,12.319577123465919,85.96710672961305,1,18.30380723583501,1
29.415757892838744,12.329084656683943,60.428556894012885,2.3858833572767817,6,25.881334411640218,1
102.83248172348019,13.65611498734284,89.36793873160069,7.530141758383728,3,6.090309937238862,1
8.336111382921308,6.178422465901187,45.60957930379117,1.3492297473875314,6,0.15595201400157133,0
201.24194273050145,4.454983754546782,22.657883981272853,45.172317974249125,2,5.49219327703611,0
102.46832614302944,1.3025955326179273,51.344747060575045,78.66473020761164,1,0.9697302028486166,0
150.5661857472603,18.747914420221633,54.12092425500862,8.031089878715179,1,29.397956193534288,0
109.6617583490677,9.649960817870673,17.049583927937682,11.363958923645173,5,10.54554442484278,0
6.769108763395804,13.341288602458546,27.465874347232287,0.5073804311637772,2,8.744762749210421,1
79.8475334143083,10.273610688129963,78.5607896010224,7.772100368428737,1,10.329279802752037,1
102.93741842917558,6.032586778986165,44.56510145793637,17.06356198434583,1,12.782312563570244,0
185.15266999982393,16.78765024744689,4.285219157876008,11.029099800788524,0,22.375651426104515,0
264.6797151786273,6.544545481311581,25.17219761092767,40.44279559740844,4,7.512373796804814,0
95.59555295007137,13.235482187081814,58.40158099242364,7.222672479841739,3,4.597641250072508,1
136.76754442992618,6.038935653682513,44.64799619922347,22.64762406377455,1,4.660712764014753,0
133.16552151694628,2.8082474260706047,1.0795423091505274,47.41944042419225,5,18.328582363129343,0
232.36375438878525,17.497318354599503,87.36606547730725,13.279963802436276,6,23.84181065072435,0
19.62136317824409,12.726980728362008,81.70848627701196,1.5417139066234293,4,28.882897011444875,0
56.3621555473584,10.341991277676748,31.824886759738703,5.449835919801679,7,25.547777887723516,0
226.06093388012968,2.4125634874400315,6.400641772726834,93.70154819013807,1,3.476172197973977,0
71.97330909438988,4.614726063592068,60.38434403390943,15.596442367884865,0,0.7205865469032946,1
267.73312826556446,7.945033774302404,45.08964971754942,33.698173710919455,3,27.971796498219017,0
57.42737200302004,1.4978331689568414,87.82475865295979,38.3402993025018,1,6.094267344184039,0
142.98881522758114,16.50240354518932,6.720484415028638,8.664726616097347,5,3.4302684289669227,0
71.5570138692589,11.070534829038621,79.82968820922936,6.4637359417867435,0,21.55381788609594,1
37.83801310513116,14.659200626679404,69.39499802805501,2.5811784741022548,2,22.301801664322973,1
3.2559933242996553,4.170798476588917,12.287582199458246,0.7806642643071467,0,7.741614451269212,1
117.14937047346162,8.705534124512347,4.694165296876596,13.456884873221252,4,24.359865553001733,0
260.44214933473387,3.432304629522265,35.000044514036745,75.8796719541133,0,9.084300989569554,0
298.49885364706955,19.651674375440265,95.29324897320825,15.189487060711699,6,18.9672464827412,0
260.4471365597185,19.92967200798214,95.0485427818635,13.06831022885903,3,23.48635741306307,0
195.76557881862755,19.884487637917506,85.46168930183103,9.845140713876095,0,27.73879214627483,0
202.98846979541207,9.098383236550236,73.6127537990875,22.310389056811996,4,17.859907773665313,0
186.9225053703208,1.918572930255531,60.241579510357155,97.42788633290316,1,28.018396866033545,1
262.8964862268302,13.494347363289146,91.711004434643,19.481971165351055,7,20.915825925127344,0
179.67303863953714,0.38755887183538285,27.371164249824563,359.3460772790743,6,14.32779011230131,0
215.7910324691611,18.2438285418791,22.812711559687237,11.828166000015193,0,28.90147190097656,0
240.56180384666342,2.5251812341645463,9.381085819149149,95.26516377991896,1,21.040726226932737,0
5.572394658446356,13.550297745659385,30.239178500343776,0.4112378017841992,5,17.431812785858234,0
199.38443132284135,4.270107349242853,99.19611797723226,46.69307233182203,7,24.796372739492686,0
151.50896905753999,18.235439366899467,89.68141713131898,8.308490188207664,3,22.16950231011199,0
274.48052568872134,5.0352065846293526,62.224506098436635,54.51226698952337,7,22.302392107660243,0
160.42871661849225,19.38695489965984,35.44462016265253,8.275085873403826,3,17.75205425579605,0
52.69813463179736,18.912671747219505,87.30917751237163,2.7863929187871044,3,28.899776603111587,1
161.2626339596073,11.33828614289125,59.107435717836495,14.222840377045339,0,3.4518682074499596,1
227.45071304776084,7.376346083846428,55.49572740208848,30.835146624405084,1,2.8115481736592587,0
180.6777948454988,15.582472020225278,1.0082854591349832,11.594937864222567,4,16.286671724749787,0
147.24723266179092,4.916978488546995,99.92146702288731,29.946690432909257,6,13.296332320030531,0
230.30326343903243,19.025174038872223,23.024966440572957,12.105185632913368,4,0.6389570646094533,0
130.93139342652404,15.665914720192456,39.97974532009875,8.357724126875341,3,10.367212683195678,0
29.33742491718212,18.253299205668615,45.899638391021135,1.6072395782605315,5,0.3793706910334804,1
266.22311844529094,8.597696187784859,15.656149478507952,30.964471485224884,7,15.308422342373497,0
150.45042100460896,1.5704759605870433,39.1047525174363,95.799251169926,5,6.967358033999157,0
273.97286749976826,1.9620005947539831,38.57027352009479,139.6395435517806,1,7.963679805565459,0
210.49463379044496,5.156755357186961,23.468162225795297,40.819201069346626,5,24.66882010397321,0
104.8962446914275,8.912767915390914,80.26253356688599,11.769210831832453,7,3.882160383194637,0
140.31972918601693,2.2179866994397934,54.92683537886521,63.26445926003889,2,8.776981668653749,0
178.86568363732732,13.168504043601912,63.951597180530904,13.582840013192806,0,27.70383462776012,0
236.91266563100143,10.247424728979876,54.35156668860732,23.11923940861051,4,11.42846114893478,0
260.33131829532874,13.268679889539094,13.624253476327697,19.619986348496628,7,20.265378765611686,1
39.15136467341812,17.867937428152377,49.52633024280198,2.1911518792164557,2,13.493101163170087,1
245.1392365978299,19.923454539141467,76.16719215492685,12.304052799489728,2,28.204653869035177,0
272.2610917960428,0.1539369764025289,54.87324529577036,544.5221835920856,6,4.912805160910003,0
44.82592585301158,14.226467912507786,48.28307906625901,3.1508822940936043,3,29.802971411631756,1
40.0616087205344,16.90591474361501,59.81676895072236,2.369680039683436,2,2.7695388181664296,1
73.45876169299643,3.029270359685199,24.771449817267623,24.249655187802468,6,6.149734350575711,0
15.977434467943574,17.04885261621469,19.63738309422036,0.937155996805784,6,14.623029494880809,1
192.3537755627953,3.08949412198535,27.551176663665366,62.26060577166148,5,19.323683824627967,0
15.51020300533763,7.833271990687278,51.07688609689366,1.9800414212320478,3,23.285660569582152,1
162.9123057724174,1.0671922483986052,25.468208068828957,152.65506849106,2,4.336417388912608,1
273.19744674849335,19.003226390202933,22.57436371631767,14.37637173492495,3,12.651425328487003,0
240.62204217212508,16.973222051536887,26.878611503204752,14.176568328718547,3,5.3587158062882985,0
96.93482095685788,3.647145448511533,92.26848356914049,26.57827123303206,6,26.08575804758444,0
251.41758434765694,17.831848210667257,5.265199558345723,14.099356464758122,3,7.265461290268719,0
68.29747289004574,8.636557665886029,66.65280184482451,7.907950775320744,2,13.690541980712677,1
257.1237259477949,8.473984008789316,69.471093797138,30.342720222401077,6,25.444973662164312,0
210.49542468206155,7.057675248809292,31.88466441708575,29.825036894064297,1,27.57653790694175,0
60.32704055314754,18.347167169202987,62.44793906781027,3.2880847488221905,6,14.820929064400003,1
158.1350243984094,9.956169118454044,44.732215694603894,15.883119553011772,6,4.605098939604985,0
177.82138438952813,12.57675371303022,93.76566850702528,14.138893743724601,2,8.78336110633947,0
61.906437641998025,7.5541488114451205,0.5003827480049461,8.195024904487582,3,29.639254547380602,0
15.057954010020303,16.725902779890877,82.5832404319123,0.9002775041909304,5,20.70893943707827,1
286.84716100865296,7.950165334791494,91.74610180569252,36.080653537273385,1,4.496021433261167,0
291.831039747326,16.85204137534917,78.28936677724579,17.317251557084983,2,1.0346132142279252,0
108.98419424802488,19.619959041593503,20.811704178163946,5.554761557706766,6,7.208682296678411,0
265.9524726531224,18.514581847258132,28.33405069004751,14.364487129505868,0,25.02923955570584,0
154.30089021546274,2.5770422695962814,25.694855061815314,59.875187937695515,6,25.912057533294508,0
123.51976839359843,16.52418682376487,8.941781161420515,7.4750890746377845,6,14.092582775279293,0
257.8738537192877,17.907944151602756,15.361070487232432,14.399969730540402,5,17.273592320926422,0
11.762455308590114,19.513417403936543,62.96291481183618,0.6027880747437511,0,8.080673738463862,0
100.14011180730562,7.642804958216772,75.75587789599128,13.102533998286203,5,1.7237583969526715,0
288.31485948240294,9.311502988756635,67.02183721374539,30.963299891600165,0,11.012099084711256,0
35.90504324493005,12.694443793970027,11.895246039261043,2.8284061773533757,2,23.66984156471146,1
80.53168223487256,14.293778927312541,24.4466433342177,5.634037202086055,5,19.503163091255836,1
88.027053459336,9.654108199238532,8.459153032096667,9.118092696151793,3,8.465439306940738,0
116.23327738222436,19.21361070788451,22.255706283035583,6.049528074102532,7,9.250429925312464,0
117.34322519455003,12.779046776746199,80.73964108731919,9.182470902921914,7,10.52075738803021,0
268.1808946699675,7.302547116448855,51.33723167624984,36.72429501562474,3,27.2136166385907,0
33.35562849255596,9.934776215060468,19.821279191984797,3.357461483832018,3,24.66053972561271,1
67.45406005537167,18.153987888611017,17.432862531142533,3.715660739075918,4,15.69031809101143,1
27.798511225335353,1.4358116462077386,45.70207370377539,19.360834200472393,4,16.63136960900908,1
224.38850147179795,4.208237120626698,6.262369239209587,53.32125900699759,5,11.476944274272348,0
203.2706795995501,15.55497755414553,18.218431333044084,13.067886397905909,0,8.142060242615223,0
77.04194347279277,16.048024461580997,88.4544600996955,4.800711991512185,3,18.895277661807153,1
94.63736697066648,12.630655205625427,31.721769340613992,7.492672821004328,1,22.663771423413905,1
203.67910961495556,4.469616851398428,23.56928864402452,45.56970236749256,6,29.468269140989143,0
20.095925919455627,3.1496918823569375,38.23642142963062,6.3802831102379765,5,4.376883017491878,1
113.96985071023109,4.697273423637929,18.673068224206567,24.26297991015479,0,6.345779150513039,0
198.00120154581566,15.8386973333792,20.782619415064907,12.501103934130922,4,13.781303881795235,0
172.14274728127944,3.9305003272067074,65.32227423561538,43.79665003198621,2,5.560821335901878,1
162.0407738858926,1.5272249229996282,8.096260208573069,106.10144677813908,3,1.7499083281200434,0
84.65441287291281,15.915173738205725,3.275990385713645,5.319100769204468,2,1.5599282234151224,0
171.21791976103736,18.119247272875878,39.66217545707185,9.449505113678033,6,3.2245719048472576,0
